Frame_Width (mm),Lens_Height (mm),Temple_Length (mm),Lens_Thickness (mm),Weight (g),Price ($)
126,47,138,1.1661410838245287,42.27737958842745,303.6033672282739
139,44,140,2.6562223649552545,20.617598329196085,136.17688521121966
148,35,133,4.03810534395372,30.717007752053522,386.6675145509706
134,48,139,4.496799082404086,41.01189336332375,390.18129241048695
130,30,132,1.3901931765163988,15.717276538610829,104.83121125410229
127,30,135,3.0987018520450205,16.013942863408197,233.82417372792736
148,42,132,2.053611955225539,38.69192234090015,368.7021461753505
140,32,138,2.498535478411466,40.37942744137838,303.32615756722896
126,39,132,4.733767319039625,44.60543030619026,351.3451415515418
145,32,147,2.4082990917825877,28.98599355274196,366.4975465532001
138,38,137,2.4613837207133074,28.642183276592696,262.0502507779491
142,37,137,1.837583302979965,34.332879045538014,156.993253499957
130,32,144,4.840073672103422,41.50644342622259,362.32518230702533
130,42,142,2.8259494266411336,37.43472689283767,295.00123206030054
143,35,136,3.2815685362270517,26.456315634534842,237.911078136488
140,42,148,2.812672369205599,27.129153975254567,261.32117551117443
123,49,137,2.0116763070554566,41.70517274484871,257.132525600781
127,49,139,4.241650452563947,33.712633161656115,227.49313827329036
143,41,146,1.1138849035072846,18.42916614529333,188.46694635674586
122,42,130,3.760973720366775,20.354823395330143,211.31934320131188
141,31,142,3.3770912423974098,44.79166315784106,407.29024788212996
140,45,142,1.5771226027549967,49.958120109447215,326.86127262693327
121,35,145,1.6636201772027577,26.74890170094392,243.31258286141207
143,48,138,3.6369023516034775,28.534558154488888,339.67908302157264
131,42,139,2.248555166653086,20.407080867635518,127.86948831964828
149,46,135,2.0629523126627167,23.249957942114754,335.0964963450069
125,38,134,1.2366243821491172,29.862044602156075,219.21615149398934
121,46,131,4.065932357291137,24.95363755437669,311.90844403279203
147,31,140,4.530687741202581,39.54986991066802,430.6307121597904
140,48,138,4.279377406902935,33.82473045264588,321.15606815680843
120,48,135,2.8641364780001477,43.780399490263534,184.29490556127996
131,36,137,3.13582563432225,40.35837212016568,274.8221958152221
145,39,138,1.9691047759387534,19.483521418616817,210.3470562839626
141,39,138,1.6914189576751446,19.318613795185158,172.93209531853728
148,49,137,4.2920046995653784,46.347702347761,349.32804503158235
131,38,141,4.193376642179321,43.68289338066958,335.7443374732145
144,46,137,4.109439313747568,31.37710631069481,287.9878006554811
136,44,132,2.853437225590539,19.56274471708904,355.2791279059684
146,31,142,4.458031043378236,46.45017017400319,319.55518011766327
146,33,148,4.704928277403258,23.074519508157554,316.17164473314585
129,48,131,2.313377378613779,16.243717112037913,241.6336275185525
147,46,146,1.8987779671214233,47.34838337455908,333.05181919976224
147,34,145,2.8570521231039328,43.31274672530539,387.16036098611954
135,36,133,1.71730542669837,39.2718592311457,280.0590627399263
134,47,147,4.5360115405595876,16.191062507321227,163.97519973913228
149,36,143,2.3519620003110777,33.495091243744824,275.4915283368032
149,46,131,3.304687146162307,37.87726542793199,313.1584340586708
134,36,142,3.3788779836285,41.5771534273711,296.6241007446666
149,33,149,3.0599515213835855,31.487585967948327,335.0423823539107
138,37,146,1.6261028376923932,48.367225502854495,303.0329510712943
131,42,144,4.964002560373485,23.56733713406111,295.84516584794756
142,33,149,1.6904129169645188,17.44072210766378,222.00843796678336
139,35,134,4.006029442283639,26.646818575302746,226.36358261763763
144,34,136,4.165451496220636,38.163170460734946,332.1779802406826
122,41,147,1.5806548334450907,40.800502149669526,203.18074789724687
124,33,140,4.732654046199521,40.84739139901831,317.41416400228417
138,38,147,2.9510350505109133,18.873583966795685,218.7660850840304
126,33,134,3.5155318342707464,45.978130911989446,362.51064138807567
140,48,142,3.5687442241391847,24.829179602301025,391.26598401461547
128,43,147,3.019820502369203,22.346888768212928,272.6113234301228
126,34,131,1.5680881764846148,36.506011692816024,283.68212046993244
137,47,149,4.007013431565197,22.414717605184173,280.8438141141719
123,39,133,3.327143340493969,32.781347249925844,203.48957217214647
144,48,142,1.474722461029534,29.24603937908808,313.8963599457356
147,41,145,3.8012878745344345,23.12119919199811,327.45623645695537
133,47,135,3.811053043225962,25.22208713755873,275.27643021554866
137,46,137,3.1939457843836605,29.959253097630203,322.4043344146676
145,40,145,1.362195241166272,27.115612121031937,293.4021636485892
128,32,142,2.410576124546917,28.355152453005637,250.8345452403309
145,46,133,1.2036964305068039,40.74021175495835,291.36023341797653
140,30,131,2.9103840753055654,20.893296944231707,209.81985044591292
121,44,138,4.625788527576173,36.96665055663486,249.50880460460334
139,38,147,1.009011930451695,38.73552214767422,320.2269676285566
147,44,146,2.0665546121696488,43.07304661618607,360.5138329330422
134,32,137,4.1994364045923405,44.65645113583807,253.7796707128826
147,48,144,1.039443335286426,20.553294021349018,123.44197528415091
126,42,138,1.0406937481840268,19.83912663913008,198.40876501786678
131,41,146,3.4432743443775964,36.51698546013131,273.84075231637604
148,49,131,4.156799027194338,41.49207927040376,286.74227965542957
127,30,135,4.106021669866683,24.531425058388887,277.2779104282583
134,46,134,4.118312082997148,33.40465219505895,118.07705464364852
122,42,146,2.4440253792706628,42.02838007141199,267.8644975231169
133,30,131,4.530896577097835,41.8626087884159,323.60162074993883
136,39,147,1.0513424055869476,37.883705813981095,386.4028931760261
123,44,139,2.2487549470892017,17.757569357667776,228.72877800229375
137,36,139,2.3487507793415596,16.772535109650338,343.0796972140472
127,47,135,1.6622845032781646,28.59558585172949,310.9020202529235
123,45,141,2.344903891968397,15.934059926772663,258.0534591832977
121,43,146,3.343536520208436,46.645051614916326,331.4320201605601
149,47,142,3.08111725078953,15.705063266415348,268.78188408294517
125,36,149,2.2777094343381594,16.036450174969353,213.30823620098067
141,46,145,3.997310054729822,20.78645824300111,171.99939848814248
129,47,139,3.859162313751229,36.94552960549461,288.56743265016223
123,41,131,2.1227859083217617,33.95439492052246,296.92106269967394
141,37,131,2.29291357111167,38.082049779437284,315.85877547781325
148,31,136,2.1500807945285105,46.274429938780045,408.7939036851146
137,36,135,1.5154046660448621,30.923097778409456,269.90463050227737
145,33,130,4.01112657184342,16.535659155817445,173.8830335418245
131,47,141,1.1851060420609962,41.722381882401024,243.98723672656473
121,35,142,1.6023219764136911,43.41875619708196,318.33996086287686
129,38,141,1.4212180709913897,16.746092596029804,236.73160570202123
149,38,148,4.301355902097337,23.499725277311583,319.02228433655887
123,43,138,1.176034061547004,41.97088797661069,169.408332386803
133,37,139,3.6585091596662354,28.165433349120914,338.3028831423568
135,48,146,1.177898393643214,31.542798946254663,254.5702985431621
134,32,147,4.145773615687197,43.811150986737545,367.73426100987984
127,47,137,4.650856345574994,18.311683844319987,299.3673133719961
133,34,136,2.9473726633382458,38.704951356285655,207.0032500864197
142,43,138,4.218167204049182,22.524453536284973,267.14090439853527
147,33,139,3.8256421314009135,17.192800087678076,200.6595108667277
144,36,141,4.182541168693868,38.18742459568715,296.03568263049806
149,49,144,4.067100798103954,19.249428854059282,219.80963559685756
127,41,144,1.8214715349549278,41.145254058088085,269.71460603796356
140,31,133,2.998236040619158,22.094688693932603,288.4408444247699
135,40,133,4.841656748505543,16.697920712524823,238.42772556578691
132,43,130,2.3741317783259666,18.475411274736995,421.7910384407478
137,45,141,4.881948362548258,44.444458706106744,291.239313594663
134,49,131,3.3326468457349434,27.983887571909598,307.8631956389844
140,35,144,2.8464456706631096,25.579332447859628,279.4444771457787
143,33,146,3.6310298601048085,32.19195868993843,336.72097755291713
145,44,136,4.263356684710775,37.15263990975295,305.0291716751382
144,30,135,2.576832619402997,16.298578585958396,169.14332223778024
147,36,141,1.1318167004585518,46.4365979707686,335.40108691911695
147,41,148,3.8352251918816456,48.546847768713896,327.54736998659797
147,39,130,4.8246671379895405,29.605738565420424,296.01896132975435
132,34,143,3.499946601105352,29.442011588040984,319.361401326748
128,41,133,1.7536579141818933,45.749597244256506,286.97929308099026
148,47,134,1.9929701287244415,30.025912934810663,299.68946531471994
134,39,130,4.639002874525497,44.96664771840122,359.48226293271864
132,35,130,1.0542483824178825,15.991793057128582,218.5077322205775
120,41,135,3.1949866618536698,32.137771306878776,195.28884850056056
144,36,134,1.634710580775823,48.33501656703265,212.86661362679988
126,47,131,2.1310577408683176,23.84816305557354,231.0884387587575
128,31,134,2.2279265979730405,24.3154187158351,231.76618904046362
143,39,138,1.8771309909533103,37.05430460494196,319.4823546015984
120,44,148,4.169408250824623,47.41668091623385,478.4536037982756
131,41,144,2.3288366959150353,21.95597844513751,207.02374772637984
127,46,142,2.381939965062152,47.257785904777315,230.3852797706523
143,33,141,2.8120272547738363,38.20513104402082,177.84771792287114
130,36,134,4.60918115496169,49.756655999136896,291.73547420863656
138,38,131,3.752692128106732,40.77605962584208,271.8503881110784
136,48,133,1.2469988166711108,38.3730189251057,294.27889060434984
127,36,147,1.1570476841462964,43.52161101859882,396.4661660140365
122,31,139,3.2655569183081017,21.129911175160238,285.3417620719643
122,35,142,4.548242246908831,48.10949645616724,364.65324181422164
120,47,141,2.2930059040023645,20.795842807162188,264.6623933841316
146,35,131,1.9910873156086737,15.898462946375897,147.69207156988801
124,42,144,3.9927641812523165,39.42498944192097,290.62498303256444
129,48,143,3.4083654658793097,21.460839914509176,154.3852794343802
126,31,139,3.2601093694272203,41.55636128711596,336.4002887307093
145,41,137,1.5972047965741645,42.82636422938321,211.89165748556005
128,44,144,1.7038452746439425,23.28447342293876,322.6650429079828
147,43,142,2.127151103696097,18.035211570132397,311.89237740117903
126,35,137,1.8273557387277477,32.52873381975799,360.356072723106
128,47,143,4.885778980185744,46.157647869890184,320.75707348771994
127,34,130,1.0744440654246294,44.65518853602827,263.1140630694487
131,47,142,3.5042253537172963,19.09788597750941,341.2023188296487
121,32,137,3.070395299501753,48.7674142581485,353.2578131862463
120,32,147,2.293004943593745,24.238221838557884,274.51662433470506
135,39,138,4.5503548484159015,27.22869119580642,327.30010923344065
142,48,142,3.680650310157129,20.216758507524595,222.82960777447113
142,32,132,4.993417405292906,28.22310379399261,217.20320989552195
149,41,147,1.6746238373059414,37.2474387211888,265.67943545435077
143,45,139,1.351471343471315,32.712739104124225,222.8331069438067
124,46,134,1.5575890698653758,43.963881977197474,239.611672163908
122,36,135,2.077163870338385,37.445528393988766,224.46598520147168
131,42,137,2.6671479662718243,24.22405650072565,224.57386889031773
127,31,136,4.450413140007772,34.51033110658915,374.4066128613235
141,33,147,2.1343670653155464,17.246689406087338,213.21887888470908
146,39,143,4.660973240110729,35.327669626056135,245.03750241542565
122,36,144,2.8516307536188665,28.638234033916397,235.12979301953249
120,46,139,3.5882800741559304,18.443947221953966,236.50006196506166
122,49,141,2.057630856223803,25.76123835467736,69.8456309300764
124,35,136,1.6240552640941517,46.43304474103447,279.74276198887355
134,48,136,4.477827762632197,35.51132816005662,294.3000104650993
133,34,140,1.4380247220806557,46.61426971300679,290.7000200911169
122,39,142,4.096085223068091,29.378139544109864,268.8681697259923
120,38,144,3.32393722430743,49.26180097865308,399.4284739800515
124,42,147,4.444551126715396,27.600666872436662,331.60473495244497
145,48,136,3.8712736483927084,41.488161530092825,257.0458014162648
142,35,135,2.126656408446167,25.68910792180199,219.10984352270142
133,33,140,3.297710389029105,18.709669195748553,219.04076657702274
126,32,137,1.0522944784217891,44.15698088574672,213.77297380815443
146,32,149,2.900873369489716,41.69035344045559,327.5745246508009
128,33,130,1.3440545422881427,43.72201618364062,184.772177388065
134,34,137,2.7157799912413187,25.48930860899642,232.46001593885313
134,37,137,1.4384472319947088,39.62815689603396,241.29356257874318
145,45,148,4.82191922778166,22.697299671199772,254.25367912361853
129,32,132,3.0922718296309113,15.395903769151962,320.0336072594113
147,41,134,4.652871941106573,45.327107147248384,375.0264477571106
132,37,132,1.0894648918630634,33.32339204695975,294.66523291172217
138,42,144,3.5506131355275916,49.427866811873095,310.1162437580622
126,33,143,2.227818007706481,28.476249321631137,281.1428269060126
136,43,144,2.727315983860945,48.49055524463146,287.5809472733674
139,43,146,4.492349580858759,36.52700422153958,250.11781439064532
148,42,147,4.920084379034979,32.92717751429022,303.8796309904891
123,35,131,1.9859678177334095,25.598336111291157,205.4411377648023
149,46,141,4.793013141413207,43.88467194454593,316.17067700009727
124,33,145,3.7549077955268766,44.00781612298931,295.25122076279763
142,37,133,4.805655657429083,29.592533627122897,352.47051267383034
126,46,131,3.24946799448484,40.45525996803924,336.87110894016837
132,32,143,4.843025139965882,30.65332775223952,381.3891783140957
134,46,140,4.569821832589735,40.888075306333675,328.2541060886721
130,38,142,1.5143669649017841,49.796655485151874,296.6124050620637
148,31,136,2.243159708406922,24.187370981743907,185.8397062007047
123,42,139,1.9722527660500475,37.19183600129058,328.39854878301594
132,49,130,3.288397304201028,28.295728778729718,304.75388790728425
126,31,133,4.211197726023701,34.19300472769761,234.43398024382395
146,49,147,4.037645787547525,45.59515481038318,321.4517923205471
138,40,135,3.906996529133907,27.16515543056292,305.97991385977406
141,44,131,2.5010595029423435,17.533590574943272,167.76086769136043
147,40,132,1.5585475265113118,42.96280148350357,304.15257648196103
121,32,143,1.842334214514397,34.425869932113216,322.08063875332454
129,32,137,3.9667098385933306,30.72903314997234,173.48857508088793
132,41,145,1.590137356238253,21.416656641357463,241.1048394906584
149,34,148,1.8917868197340844,18.249845609660458,153.1029736580923
144,49,147,2.698210611493965,24.75574458685938,211.39278205189086
140,36,135,1.288449722749852,40.161649217164324,215.1152767494605
125,36,143,1.8507682430805192,29.411982502405728,222.0175416927846
147,42,132,1.5990725093649463,34.95796555849675,277.2339587906772
147,38,145,4.805287131647361,17.87159437820433,312.1066210059919
131,42,130,1.7661035421795566,19.313506523529696,207.66119212874904
131,41,141,4.447078840681575,15.395704081275628,361.39368821577415
139,42,143,1.4591927650664336,38.56495576921728,282.4338142282948
149,39,148,4.478692529210029,24.2559082870947,256.9194536438468
149,30,148,3.3977351450938786,48.84243050416067,364.74998009463303
130,37,138,4.398823692898471,25.795953361451843,317.0222773310837
145,45,136,4.46939475414943,27.726631360310392,335.377732334241
142,42,143,3.3854941226696362,31.432144100669838,207.74693144893004
147,32,134,4.670776613580096,26.169926207726753,306.40001883378534
144,32,147,3.341793165938492,43.61051276570068,360.3419477740561
126,34,138,3.8502603115135012,45.66723834992939,326.7971059330705
149,40,136,2.6643219086753307,15.386262772290833,259.27723312330045
120,36,138,4.656270777883949,37.91315699964839,273.07933664229273
120,39,133,4.2966501556481065,39.01308979646437,295.1384698271915
144,39,146,1.66685244646771,48.64987068093284,362.77566482671705
146,49,141,3.305551400818795,27.963971904379537,263.04239378138885
149,31,135,4.587309316347786,21.834798892169225,267.0609037457789
144,32,147,4.172257974635803,33.22033743397644,310.3126718229993
139,37,137,4.8502111226453,30.66444896024365,350.86014100487785
132,40,144,1.9252067477903791,42.710601296142016,206.01272897360013
128,42,132,2.469838532521912,46.63914044324392,274.49242192738427
122,36,131,3.0287675520725252,18.034780967275047,335.621371420106
126,42,138,1.9306766801090598,44.63028175271181,247.18742874143584
125,31,137,2.576181020755276,46.81398073775221,263.92382349245526
127,35,133,3.15015681769733,47.344755739252506,263.6556315157142
146,38,131,1.7653568120053627,41.75084505979217,274.77725626944635
128,49,143,2.0267512748103225,40.97288963164273,270.90882842218457
149,31,131,1.4993699992351779,15.521387125084802,277.2344039793399
124,47,131,3.853525639542994,47.20670678714399,243.54638241327075
120,45,136,2.446207706144532,27.30268248330718,227.42114036526138
138,41,141,1.8810646127351536,16.439266381608732,258.44031169798086
129,36,135,3.02929659672381,29.454275853728127,186.1574565751543
131,36,147,1.2729972227409907,40.64984216446923,232.6474683938249
143,46,133,4.693626425273579,30.46843205687837,285.97913767712924
134,42,148,2.177870084629057,41.530388131525804,341.53599169054513
146,40,142,4.545857392735448,32.82932994189325,352.1647455441628
141,35,149,2.990480261298588,25.47995018444332,430.76173568507477
143,43,131,4.400601990842562,22.101932045373644,309.1482483778068
128,35,137,1.988257763158578,29.73861533737923,269.56164474966596
139,35,148,1.7010824089710121,16.25312080998773,264.3101885512918
136,31,138,4.397647212939313,29.789036674944256,212.38284234730094
149,49,133,1.8516955294868436,17.401703386761852,174.4374390788704
136,44,145,3.9847813971983204,45.69516477092796,329.63398349058605
145,46,148,2.3783351786385296,35.14183611466294,253.7127396555242
139,37,139,3.9927749057406454,37.61150370255909,303.488473627751
131,34,135,4.630585063953321,25.11023966552636,232.1366826464612
149,46,145,4.926553725149173,22.903737677484095,269.87351183282135
126,49,139,2.4392379090745337,39.77668372106923,267.4743029416995
121,30,142,2.470103338562185,38.50479190576385,324.50441201160635
122,47,138,4.925550947139419,19.293745972388777,286.6226870003764
136,44,136,4.446112521192154,23.35244840855848,182.793717929263
124,34,133,1.1803678876455121,48.13015252645735,249.43370950203095
136,36,148,3.2937999449060817,25.646209893604173,358.16243151541
143,47,133,1.7249790861937533,15.904102861178359,174.31119655967362
136,35,148,4.9760501443728735,17.232371778912864,355.83068976950966
146,34,148,1.5556920494838948,42.142317893247665,223.6761954695883
136,48,141,3.2373904501714663,41.50044895979268,290.4055368004123
121,39,142,3.6607934801167326,28.363954430185267,281.4772709122935
121,44,133,4.748258618616225,20.362027175555383,270.4348497654041
147,39,139,4.389033246576748,32.43368259213865,265.7080830101821
141,45,136,1.983019085311132,26.616102932716284,142.00451019427564
142,41,134,3.290495805170018,28.08889217640116,255.40131581425337
124,47,146,4.814295831623533,24.13448739307871,294.2363664509307
120,30,147,3.9428673884197507,17.200026944831045,203.3976636997893
120,45,140,3.753345393519575,42.69057468947701,265.44947205184087
138,35,144,4.019604317124626,36.63772886904484,370.59559066045534
149,32,136,2.290024755951279,44.21222933193558,369.6970584268886
121,31,147,3.9170090776129447,32.61206920842574,328.2863470172355
140,31,135,1.9314190057876637,49.47453236867862,373.33095195968394
131,42,147,2.7124110836310136,48.688371829161184,225.42961814295347
145,38,145,4.559715268754026,24.51242204837898,334.1023834673892
125,45,131,1.0758845859630068,28.54419232371069,197.7437630059942
142,34,148,2.657274601009387,41.34482945397659,305.0252489577188
123,36,130,2.067287066956238,42.18112116922215,260.2682464962629
142,42,140,1.7943584659744376,46.87446976840782,287.68245895390487
130,49,149,4.354301685890049,37.842184176078874,314.2030622136104
143,42,134,3.7859942913799123,31.629234191962244,395.79370114088493
146,36,145,1.450530881645927,28.217804237912844,263.7710392664562
136,39,130,2.9778533060047576,29.67124929889578,316.91215472084866
125,44,148,2.8676230873084445,44.76418028700698,339.9056968784624
143,35,143,1.570111176117634,49.30030952625881,239.01461615188364
124,34,132,4.199050803964833,16.816821472198775,196.08424638951303
139,31,131,2.466695885816799,35.30856320641542,273.46447570896754
121,44,134,4.047751100641578,33.2018890221353,259.39663201588695
125,45,146,1.7682504603288498,28.16497961968176,314.57836098103553
141,48,147,2.2602938464553293,44.8051755059161,372.6890115725707
130,38,130,1.3806837908106635,35.15100559132223,300.8536514850654
135,48,144,1.5739170789824328,25.95906217817348,301.95121559936024
135,36,138,4.532733961410932,30.543641341798505,293.2551490341101
120,33,134,1.4364505767423101,27.488124508436087,295.49624003768537
128,32,142,1.3829248291437728,30.052996270063908,242.0745803851251
147,49,148,4.761509243346639,17.49430266203841,359.5590091814689
146,40,139,3.5836138386430703,18.91705356759226,225.63709402344708
125,30,149,1.4036639342176778,36.82920891562634,385.2775391642062
135,35,143,4.886866956264205,38.942393208875345,250.8001461602791
148,40,141,1.5884000420131885,37.281714534343756,277.3103490532602
122,30,140,4.065382901141712,41.7076389089022,375.0966716532917
139,36,136,1.1394054465583459,48.02369075172092,171.24584735160929
147,35,146,3.498167189359246,45.12164074124293,298.92506346810563
146,43,147,3.1868154884115834,29.647835277993522,257.02315288108696
123,31,136,1.8320152417012046,22.614009792244637,113.44250673719735
138,33,149,3.572584570881665,25.9148274060438,237.56680510795672
145,40,135,3.4682119727095544,35.57095207808523,296.0671721578058
122,44,140,4.193406861855907,44.96729170601485,249.30440281706387
138,47,141,4.503496234401782,39.56034432276415,407.97156557689783
139,30,145,3.040419762614264,34.00545866691736,319.17519692594465
126,32,148,2.961180773936645,36.06574258460121,277.90572490685645
139,32,148,3.486383083778791,33.489142480490656,327.69086391730724
128,36,140,3.9168303569192524,49.00696289653705,391.50536953589835
120,30,145,2.4246846897674983,43.563200828944616,321.88748510209035
127,40,141,3.0185675334649136,42.344702539040206,248.3071843174015
126,35,137,3.3404167432926934,33.10651454023062,297.6092362173784
137,49,132,4.953512335343644,26.613331014933944,289.8469840351025
127,32,131,3.3508487858236666,15.682993301821618,233.54613212056182
120,48,135,1.8967462029690267,16.520050852590195,212.16084683543625
130,31,145,3.351959432961043,16.05832738068557,188.62997679502035
147,47,149,4.277998331796073,49.31668683722039,443.7265648795007
144,41,144,4.429614720044763,19.006881846376167,371.28728773988223
144,39,143,4.201001818372047,19.97415985415328,242.21663214187433
137,34,131,4.552837661155367,31.9452495610335,350.65441955891407
142,38,149,2.33906536751651,31.849040841260564,319.7884860986967
149,31,147,3.030282483810648,47.199081854977415,285.40473299890874
129,31,143,4.118364384030176,17.573645608552308,262.0816867717783
122,35,147,2.0577998030363935,48.50337078048445,286.44105470944356
126,39,131,2.4863257514068042,22.57365834193531,204.66246998544506
147,47,130,4.324622618224048,48.95538332566916,335.7097355546997
135,41,149,4.080342598481932,33.94634345809155,307.62866709352784
145,33,131,4.884798271664356,37.82044610758605,186.5757684021928
135,46,138,4.983896234058601,26.050507043122654,333.40930958737044
144,44,138,1.9629781878855161,36.413838288485834,216.98302463534898
139,35,145,4.601799944694694,39.87904229647892,330.7110054979236
147,45,140,1.3780620054002766,15.362955855230695,366.84107096713427
136,46,135,3.839200835856222,16.19799488135964,179.75041992637426
121,32,141,1.8803975507022037,49.52669541784047,316.83729408311183
120,39,132,2.201244627690251,31.01449867124854,207.27903664622738
135,34,141,4.785284710658168,47.75361339027941,332.98072652729627
149,43,130,2.0526049469368477,40.5464165885834,223.51730925760856
131,42,138,3.692711476642521,28.053890778858488,335.2994207429307
124,35,149,1.7125140314530247,20.279470163048543,194.3483830193619
124,41,135,1.3735599102819505,49.23531065675741,326.1952262721301
146,37,140,2.3572681013754577,35.45736899844355,381.5767222039557
142,34,132,3.496784403157925,21.732481817897497,378.0297399497099
128,44,133,1.9917805750163247,38.85785431031614,130.2827196893459
128,45,139,2.200675194686696,18.221697844061826,262.761199261807
122,30,148,3.8349192744258205,45.38130479090559,364.25558884527777
138,45,135,1.4111840919254761,18.154807153936865,214.6704990298588
135,34,130,2.78762036721403,23.266802540190916,276.28822837896706
135,32,137,4.766938119528897,18.200078189958138,227.35541580906954
122,49,137,2.5878866496569,18.632552589731304,291.4174447920075
139,44,135,2.7368041119097573,33.33419537807139,282.39096485242334
143,42,146,3.952817214429156,39.04464308957873,437.13604489353986
141,45,148,4.116046088131387,42.59686241710837,384.0958378776025
143,40,130,4.078425559122098,39.32693513607327,197.01408094321152
120,31,144,4.991468099654289,27.72214342126248,217.8221821059407
143,35,142,1.2858043499482292,34.50507254664686,298.89499544780136
139,35,132,4.929013138531998,47.46824260498807,292.44801712169425
130,43,131,4.800758467989596,28.565181551391948,289.7702612227931
136,40,132,4.408555601038232,23.83415291598433,250.5243033685177
127,37,138,2.816502303408167,33.176177444632216,190.9565017258561
123,37,145,4.4836094865356975,25.40673241447343,317.6198800923613
125,30,142,1.8833296492243807,24.163596818665656,235.14531810978934
127,36,148,4.166623341551321,42.25811554386421,339.2599053577132
139,35,147,1.7409532124842166,46.179255008913756,380.47028314783154
149,37,141,4.261448013884719,32.58108389621331,302.55106283056244
122,48,141,3.4581165330562276,42.29240086885754,293.6147089758949
135,49,130,1.392125118054102,21.54812991690344,116.77646180649339
149,37,149,4.581278221428901,34.16750545625467,348.33240149017183
144,43,137,3.3118287818209775,37.26699799469831,391.35007937609294
122,47,146,3.6249931125484585,32.17324587358702,322.97791894116244
144,45,149,2.13404014260644,19.09080757218687,244.5924268363158
148,38,136,4.486542015691226,40.693508113667704,239.78095599010953
137,44,138,3.180802940614254,44.367736201632475,228.26173328987565
133,39,146,2.684481137166014,37.23291892435106,306.37490215032614
137,45,139,3.13712698091327,20.920635056588957,252.23575761593696
121,33,133,3.8132523258711064,17.609335394699006,149.53208805311678
141,49,136,3.7801915027970803,25.556136786106762,212.561850502837
122,42,136,2.430308403831251,16.29465391476468,311.0078820989148
135,34,137,2.541033120425042,44.37266536585268,348.9435917105643
148,36,137,3.2489527713537085,39.607115402457325,258.1023183159195
128,38,145,4.697628482867952,34.72910313502203,372.1967340504743
123,37,141,3.981721067863902,46.13713762193061,342.41874928965075
120,45,144,2.5616599414622265,18.853272491952488,221.802449249979
123,35,137,2.3481305062070446,40.00609124566117,254.0434466753405
120,45,138,3.094546696549258,20.132127242661127,281.00424763724203
133,35,132,4.479965475658378,17.13238993690397,257.44868329406967
140,43,145,1.0347169663835007,19.651657757997793,240.41414070593578
135,30,144,3.8419442731582563,48.282903174801625,359.82893116348583
139,38,133,2.1780490217510677,30.415168463031367,290.5990948292832
143,42,149,1.8335899208646795,16.714849367799236,166.304554787701
127,48,145,1.0485519872670355,35.427212688919184,272.3875978641494
126,46,139,4.586362482501908,21.989992314639757,282.5205005552362
122,40,140,4.648993880025762,15.23927435909184,303.592217291691
136,37,134,1.2456697665752805,41.543502805540335,278.8739956732056
120,34,140,3.0872612922054423,20.420207762195247,260.36651375150836
135,39,142,1.6102978346944394,47.987026532595664,334.72140989651297
131,36,144,4.034750218593096,35.74799540753005,297.8449834469343
146,39,135,3.6615658870645875,18.044853788922406,367.1623120520421
138,33,145,2.1885232518205773,22.623855003525698,255.58821731229784
141,38,144,1.4678411241614615,36.37956230409454,262.8543982920641
142,43,140,4.324882651229554,26.83394548169669,273.4644783241371
141,31,149,3.697009917139404,33.62500678671826,319.9804244948124
133,38,131,1.0272797800102111,42.98292163087295,353.89555997365005
149,30,131,3.511487123744421,42.74105278831436,283.30342740212296
125,39,141,4.241184110785383,39.42953813940719,319.92341185287717
125,39,145,3.3630722383059313,46.01190071454951,345.32329045833154
132,49,148,2.6988547067068787,21.97762420522637,253.80845169667563
138,32,131,3.33567351416926,21.203452099285496,248.30383016758594
141,35,146,3.4788482269893892,42.97723306887007,288.66383102182743
127,35,143,3.5601384957685234,26.231127117973546,269.22374431213905
146,31,145,4.868180215617454,32.92638445893568,354.38406630898834
146,47,134,1.7145911502334332,41.038325205184094,288.97131371337395
121,31,139,3.492372509255623,28.857632575302173,254.4468924613496
140,41,146,1.7519732785187379,19.55568050679747,185.98606909373467
149,34,142,1.8398268809960472,38.7810020625552,349.37860320736064
120,49,145,3.6770315348294673,43.60057853967851,308.7997110174851
147,36,138,4.663816339887932,15.447904925330421,215.61966358875802
134,45,133,1.6361769883969663,34.68932406692106,192.3014244426142
120,49,145,4.849862135025704,31.42917823391473,204.6421936477875
124,30,140,2.277489304064916,24.085860228455182,327.8272710876268
147,30,136,2.5652561738272004,20.635999849197486,368.86137218727026
148,46,146,1.6147232957553501,21.58130589518886,182.30941231667094
135,30,142,3.4633444234066015,40.37406144786489,239.7937020444482
138,49,133,3.385681978495869,33.766829695026686,325.48395113332117
123,42,143,2.769078972410597,49.3404033467231,357.2186992678905
122,38,139,2.9043655595373434,23.51307793882537,119.9834004007916
136,44,139,3.491903503147563,48.491646187571135,267.9995859419114
136,32,139,3.3339861398574335,33.028834576843074,379.06817042854647
131,43,141,2.497053526593646,20.110923217714916,308.2907794902016
147,40,131,4.536457541199466,20.186266494475262,371.6207776401732
149,41,138,3.670642092509424,36.29987966715552,217.04339085710242
148,42,134,1.821625322399235,44.09979613211624,284.9941574384038
133,42,137,2.2796119740229095,41.169903383873006,281.43803916718423
140,30,143,4.151512406813014,37.946956992245994,390.7980214538711
125,39,136,1.4181015240803978,21.023782187088358,196.54042274828487
122,32,136,4.000927994897188,18.791900201982862,204.4034091373068
147,33,138,2.4353697645831813,15.008680829796713,290.52588445189383
128,45,132,3.2067641844337422,18.562785143187767,289.74373890342304
124,37,143,2.1222324686913585,41.82283126191844,290.29339659926063
143,45,146,4.945826287281712,46.33369455961632,323.8258551476912
148,46,147,4.623361168569216,23.412266059939647,370.3349748801197
136,48,141,4.713799347777007,42.821298415753006,314.3764930737625
133,44,143,1.7391020719100667,21.959706796279335,249.2986113794782
140,45,142,4.36676038384706,23.72450891753705,330.7754628143379
122,44,143,3.141588404096361,22.845533303727095,294.57263262351717
147,31,138,3.8314368010945548,16.810546816720993,262.96863404939853
120,40,148,1.8700162669617857,21.792144383505768,238.5442162309987
139,30,131,3.847938583916864,28.074017061255827,294.1230647124025
148,44,140,4.6570689782891845,29.191440038590155,292.1291954442769
140,48,146,2.0699255433951995,25.831324486260684,301.4825551405831
142,33,131,1.9334394061980262,33.01538499753534,280.84420517019544
120,40,148,1.417658193893911,28.22993813749382,193.88524917434674
122,34,136,2.067226701246644,48.96276261609299,392.67463675864985
137,32,147,3.14316904726245,43.257265901594266,222.37118055358704
144,42,142,4.330865165750241,47.58420710800226,353.7380067407139
129,39,134,2.115201050630558,34.50994311744461,250.2063857829157
141,40,147,3.484577556277254,38.74188700524576,367.7413130373882
145,47,145,2.9183627966921595,20.833673128541804,172.01408749302212
122,31,144,2.1543161624710865,41.34750150329964,299.0446234648183
127,36,137,3.041436324778589,23.25898889078457,316.4987325967909
133,38,144,1.6718495855835087,20.104152470696167,255.3987374771062
143,39,130,3.5583102393940726,16.46507720587065,238.13536516762525
137,47,146,1.4626508847354027,31.528058736068786,229.5295570952583
134,36,144,3.9239221005729124,25.03762408702726,283.69632222667065
141,36,143,1.7108507135420288,49.5354510422666,259.9843528416508
142,32,143,4.9926366132674875,23.744200570553456,192.13731401349213
121,41,139,4.294690379041648,45.32901481115289,297.37978210403173
146,36,131,2.3753612154388892,26.075356919596473,312.56678351447715
129,46,135,2.7048190891572492,41.219439830934434,252.88839586898473
121,30,146,2.0367640844307537,38.094445852439684,207.00229505682236
145,34,134,4.068458244719997,34.66242441315888,248.7490185845116
136,45,134,2.522907879831096,29.588873020893548,263.85643678112655
127,44,144,4.020742039278143,38.48867544956076,270.4469867963769
120,31,144,1.0736062187207223,29.25474225759005,337.3092064912372
128,38,149,1.542483838018383,34.18350820145619,218.05311049366793
130,36,140,2.4598973388102743,35.64306078925891,263.8281282404743
141,33,134,1.4356341335783709,24.357432701299338,197.71962257193647
135,49,130,3.4045119691849632,26.890776705688644,211.3287984070324
126,47,140,1.2033283941364932,15.63175222452311,207.4776094056837
148,33,140,4.439051978357372,44.82556476881744,266.1942558808214
129,42,135,4.045231995023929,41.459410050522216,157.5004121357075
142,30,137,1.8650259169118097,21.423565865602285,131.76536765289762
145,32,131,2.935167624518871,27.671695750299556,230.8833781983506
122,45,144,2.807252313643682,29.737431905315997,302.977317289819
137,33,138,3.899458461361511,26.703254220003082,284.1025324976364
144,45,144,2.6060356018980357,42.93849823121314,327.0343815832763
143,48,137,1.1317411913193829,40.38972471404199,274.3463265235183
132,30,145,2.0949434353993546,41.85055555494184,272.14622261515024
147,34,143,2.8647832209481683,46.644551782702365,282.28061222914886
145,48,144,4.897968864642555,35.83029395651327,283.7120470215913
126,40,149,4.524634667817381,36.508701515981905,307.6550288014197
144,42,142,1.7256245760087618,40.26769418765315,279.571602794954
123,49,138,3.893103761963084,38.8431408127737,296.20398397725825
132,34,130,4.74730189205915,45.44345564396366,209.49014297364096
139,33,135,1.0351704521410343,41.95693720455907,264.6394297769058
120,33,137,3.883782694683304,19.216051576758296,281.0117059338721
127,33,149,2.8373339824446293,47.49255154067254,222.05053070753183
133,33,147,3.7209447851324446,38.90847516054208,242.04956546794176
135,49,147,3.422357094287161,19.45010740392238,252.29877261984177
133,47,146,4.938661977822806,42.01908075005764,274.5202930820413
131,47,145,2.1552616251914714,27.544438540872157,261.59765639567235
138,45,142,4.14457192747706,43.20922692127761,392.7706386316352
142,38,133,1.9385595532522446,48.439208004657594,239.1780252589506
134,47,133,2.7424319102006915,23.93347126381254,259.4897143305248
147,31,143,4.901523495869647,45.009386612971824,278.47427308916633
121,33,134,4.064545184056611,42.07464795503785,289.7303828623887
121,41,145,2.2632850251342362,38.49147150701635,270.7393211132798
142,36,143,3.4774771323677998,28.472219059631975,313.4251500502497
141,44,143,1.1987683340111,18.845173340556098,195.87401953920764
138,36,143,2.065579666483879,31.936388977197442,168.82762387090037
144,46,143,3.873561958414458,18.69833204221217,223.35462486408179
145,45,148,3.2803742783532996,32.50515294074138,404.54436000364166
149,48,132,2.878691411907089,43.71026447714494,249.0309626012788
148,38,146,3.7635042400638525,49.91733470403371,265.3482832793976
141,43,143,2.593835563279304,21.93030490225881,269.97539428481895
145,46,139,1.1046245781296524,22.275031482145785,180.6544882508495
145,34,142,2.7641064940622693,43.380916617167415,309.7107630658432
141,31,133,4.608516769173047,31.417052130402347,296.3170735834677
136,49,140,4.426460513256485,47.05316086111587,253.8057155964064
139,45,144,2.6359887416380516,41.9148683153425,268.8658905589396
129,43,144,1.0888857630415307,40.77497176555673,249.72471282115677
125,43,131,3.545229090481263,18.56837980291299,259.1807352853196
134,30,140,3.9647777111314584,16.255644781093153,261.82070241919695
141,32,131,2.1769743043370995,26.086698688095147,173.46274726257957
130,36,134,2.906655998478297,22.605442629713377,207.5767145357278
147,44,142,4.967427180990834,39.930811007497965,390.89767692818623
124,48,130,3.3053720519263945,30.775680345811764,209.81029803595402
120,49,136,2.4042996226462665,33.310123112012164,289.0576668546072
127,31,136,3.5099555065605323,43.48095190051646,324.10193116749343
140,48,139,1.720089227456338,31.74766386179983,207.1999519849228
147,38,135,1.79700949309832,34.07242122818897,225.24509696673505
131,48,149,4.699698858856068,44.48120932428077,346.74366387794794
131,34,141,1.9568001646773228,30.096753325762947,205.68398365665792
124,47,142,2.2431575168629765,17.909434776975964,262.03858712921584
126,45,140,3.1751089678790154,33.25968233575439,235.17830774133654
123,33,147,4.598770481110425,35.277658948149664,305.75926849441123
125,41,131,4.1257955588760575,32.91288815095476,306.1509514522095
132,36,145,1.1751356826794996,24.03173310263411,175.88049924019515
139,43,131,3.772118675593477,22.82915238882448,216.02482268290993
149,41,148,3.0162459307359715,27.941473017614452,277.0589064073038
134,32,135,2.9022113680095223,20.818005847628793,301.4791977349528
122,34,130,3.7662334673021727,38.31082877458422,367.1167030657619
142,46,140,1.7849281848761764,36.513621544787554,212.70311257042604
127,39,147,4.92595465464688,37.13384654875743,359.432645867832
139,39,139,3.581226121089796,22.867912259897942,190.19250791156895
135,40,147,2.4626246984474247,23.628515497135943,172.93919948948837
132,46,130,3.400808832280645,42.558659069156256,192.14826794108936
137,34,148,1.8658834531584811,39.15391203954803,192.76604942565194
147,42,145,3.5353674594198248,45.63129472086394,327.1927609481693
129,39,136,1.1128685629511894,29.122700122187837,186.84148920153785
149,38,144,2.3647276456334647,34.15647412342135,186.5106310570804
138,46,130,3.9900675869900257,40.85721970756447,301.0619995683872
136,30,138,4.23191139645656,49.095423916139474,278.65129350737226
143,33,131,2.0116776532558722,49.63711344959935,330.1179341532474
138,33,146,3.157637845119946,49.97113943673982,360.89633359066806
147,47,139,3.113971558756472,46.16842690726823,286.82995136193085
145,38,135,2.685824185507122,37.387778669797726,314.6059918971252
142,47,134,1.913731931011914,15.243983277630846,186.038799010702
145,43,137,3.8129129329150913,39.48403171472147,211.09098524309331
124,44,137,2.0094467269820786,23.350983064792942,169.55283874610956
145,35,134,4.644102948626463,17.00085015585853,169.8258078458268
140,39,141,3.1140051644740105,39.40145501307977,360.48161110131224
149,44,136,4.481913349242488,41.460382451166765,355.16410535402036
142,33,142,2.162970883216656,38.08015920587124,126.23842370588608
128,47,142,4.228316625034928,27.78094243356897,318.1036022410994
131,47,146,1.45465433959997,32.885144342769316,260.33666208013483
140,46,133,4.067321368029574,47.72316694485116,275.6302704842245
120,41,147,2.547783399701209,40.53638380919298,209.32712779290526
145,36,139,2.8799603552743474,32.66394817247676,229.99479444845196
145,45,132,1.6672292810382912,35.77072031828753,350.85066095760953
120,40,141,1.0745107540975694,47.468925942122475,275.8150760397304
134,43,130,3.6647899725131263,28.782388279438713,267.61096090143695
121,32,140,3.350873133601673,18.56453004201316,358.5644117681752
149,48,147,3.4897126082786296,26.4039184596075,328.67786524477583
141,47,142,2.0200070321076793,29.532007515770026,307.57289375553046
135,39,146,1.9571098515324241,24.55373544511709,268.51592209253397
144,35,137,4.3211852450769905,33.51403418375176,388.7363443315634
127,42,149,4.045011010372932,25.670025630112704,305.5499999012832
132,39,148,2.3471604633654426,18.61128548838339,275.5478297634112
140,47,146,3.5512228639027215,21.582397976211773,306.8691562487715
120,49,131,4.312600016675256,47.13546291980987,224.13013506120762
135,45,132,4.555317768871795,37.035847018530106,166.84529791969356
148,35,132,1.0232250436369705,26.000804946706765,268.9173658642975
126,42,135,4.253849572538897,27.842126937515395,405.7882617656569
124,33,139,2.4015693369877034,32.268410999315876,215.85030492310116
141,43,147,3.8735131391047064,38.559551174694676,409.21690433764417
148,30,147,2.4856054583999985,35.37629614453195,386.9035448175882
142,49,143,3.4249963471760596,47.64443435970295,295.46047569098835
122,34,145,3.5871297600240744,36.90120893003083,385.16948759695583
131,37,136,2.6199710836649044,46.877719286172955,299.9916069074323
145,41,130,3.0511413245509793,15.190055570759787,226.19853538485384
135,31,146,3.9052534876766734,46.16958151726813,346.80740286937714
138,41,134,2.9052210747794485,40.25105057881155,305.28272064332776
124,34,130,1.0559219403406663,21.026770893923008,89.73503199182296
141,34,146,1.051616787990063,24.206330673576787,360.0340380771555
144,42,139,3.6452434001975744,33.99834997073585,269.8704925005948
148,38,141,4.388950149822392,19.372835437269,285.87811255092896
133,39,149,4.141094150055986,42.4878894189216,381.6138398920198
147,30,131,2.241601207732654,42.69108531778494,239.2991615627059
124,32,145,2.884511539987818,25.53321460292786,224.13101948635665
134,47,144,1.936642960406668,17.443595174047857,273.3300530419666
136,41,142,4.95659964266669,49.60966107317511,296.7754895730566
149,32,147,2.0420257970409277,23.775510773551368,282.27076683344836
133,38,149,2.6650463713974664,17.364552796107077,175.3933458244197
149,31,143,3.7245158052972127,26.548773578424452,250.96035705858733
139,32,147,4.504070678603104,48.91511417610026,301.8665878521823
124,43,131,1.2059027362685462,42.75246644631983,172.36781401177777
131,33,131,2.2040787041084857,31.811657793355018,200.713695227526
135,48,132,3.2759433918578416,25.68656476039881,240.76263160555587
145,42,134,3.473252325504734,29.815713449161404,186.95170560066546
145,36,145,1.2801097539994433,15.607796288072475,161.69551765868596
135,41,144,3.656314951368293,40.142966850446754,343.41478869654094
140,32,141,3.112257462434297,18.48754950431451,151.70432770267854
126,38,138,4.310509517448578,33.166315190600756,377.3208095924311
123,31,143,1.8887567048332028,34.80457685018994,207.1184957618515
120,38,145,1.7801079400875044,15.059142100580287,241.07025581798516
149,41,140,4.173348887711823,49.2957519092101,413.4089758681871
149,41,135,3.815476515758465,25.57486631911103,201.01226973046982
124,44,139,4.166693442310699,17.702848784724054,287.90558328355047
142,31,137,4.127736564112318,44.90359953908216,252.45844054083778
145,47,145,1.4160027033218427,20.318341141797085,137.59048198871346
129,42,132,2.1143321891966034,15.873429767857099,185.57295083916804
141,43,131,2.0403405445457854,32.31417378575141,283.82713659493567
124,34,145,4.738349125667359,19.54709450291507,295.8995826785116
123,39,148,2.949866296201382,49.384807322385825,209.56427512201464
121,41,138,1.4442285308000695,15.364384531438054,217.40996480911807
139,39,145,2.158311623720075,16.79190704660212,217.10363517929002
129,40,133,4.487606594065886,44.164938823963915,342.8602832067341
145,31,139,4.388265512661253,23.391309361330908,203.12652580691196
138,34,148,4.6013579337621495,46.90588636843805,353.02581175538353
145,36,142,2.55411509094808,25.889796871623595,297.65703963696427
120,35,147,3.565363845959986,17.4423927976142,210.28061443569612
143,32,144,2.1126956795012948,15.370712966453747,213.4443325450378
124,42,133,1.7233013246094955,24.889854697001155,361.1170572114148
132,32,138,1.0876043037054717,31.580570142356475,210.97705239206857
123,35,133,1.8937637987573979,15.035563882412447,99.8591157044952
135,40,145,3.4174965475690917,35.3387520890363,243.6143910648388
143,46,144,4.616841254427171,26.678154553615613,339.50011961233974
135,39,131,1.533682212861767,28.6553735276844,218.1986258398362
142,41,143,4.672046243861768,24.149383186933733,359.85659464617015
121,46,132,2.3815409394868854,33.5165821904372,246.7153156179478
136,33,133,2.707313630457283,23.054291768885033,239.15018924066203
147,31,130,2.459914161874987,19.71877301547647,246.4038398510404
146,40,138,2.6344325596788156,46.17264787168157,263.90904185436113
139,36,146,2.036772596750661,28.669424406069336,311.31105163473984
143,31,143,3.7944187132457543,17.692562257734714,227.93763647584214
131,47,146,4.032732441080668,23.0612964098216,323.43235024829914
137,33,130,4.29245156340906,25.84800318702859,316.97946276514216
122,37,139,2.3651583334398683,41.93762082719893,236.32920945991208
147,49,145,4.05850756411118,15.77894230852722,372.29519116659435
120,43,148,3.5507014299072606,31.738732096734,298.8149692814777
120,41,132,4.831664347361571,29.269236987485126,239.93406657215291
148,47,141,2.6991406667941904,48.89401405722235,415.9832517003832
138,40,132,4.969238911533418,21.302625430381404,219.61741571263917
130,37,144,3.9615761200314856,36.97547611573016,241.22796245364043
124,31,146,4.10511101983599,22.076890978245537,309.84958014558265
131,44,147,1.102819440438644,34.19477189601443,257.7809013006845
122,38,136,2.989593405344386,34.42721313798262,303.68027586952917
120,48,148,3.1133468492481007,17.63713554504583,311.45753418319254
120,49,136,1.1624004076823984,30.97579529690311,176.82086855902807
127,37,134,2.24852489396222,31.140463778598708,302.8506250418404
129,48,137,4.822576722511185,26.16978359497513,307.82292054967803
130,34,145,2.7044457454405424,24.700549379067905,268.63117521152435
131,40,145,1.7468079382332298,22.85042909406717,193.06067049282896
148,44,148,3.0533548281056326,15.207937515613441,260.71301038865164
132,37,144,1.135062308881861,15.063569957114066,213.0435915248724
131,48,136,3.063954799883429,35.642552377670796,378.15692516639336
133,37,134,3.3770732241203514,25.20123688992406,256.70275754749866
121,48,140,2.430777450212025,20.876102952412015,224.11741963937013
148,47,139,4.050304792374238,38.96573219293049,285.832057321006
138,39,138,1.5428563080040214,33.51165993178059,230.36142286133284
137,36,130,4.512733639522787,47.02353969084379,343.47721955932496
122,38,149,4.821779641561681,44.08559279752011,355.18822799049065
142,30,130,1.0049380984115541,40.435521688498845,157.2264460590636
136,48,137,4.370886640172637,19.430368501475506,294.86323011388515
145,34,132,3.024420595629334,38.313105863556686,215.69706240368077
127,48,131,2.845622535354067,39.28742550281704,306.72386324479766
148,30,133,1.9547164274975244,41.71664064911487,325.68130411427137
145,44,148,2.7893001644465465,24.209645331509325,252.16784931038995
129,45,140,4.80170859852055,37.4104126282313,278.06724818122643
145,36,134,1.8431505358175349,36.63974603988889,306.25716951410374
149,41,139,1.7161649538030495,28.485851743402236,221.19011435622002
121,37,137,1.9675852162377918,38.222744312908276,244.24983209655414
138,34,142,3.2073367773490657,18.03434464607277,263.40336538281207
128,39,134,4.721199261733199,37.522675739269594,235.82719100604882
126,34,141,3.2955263630610303,36.21054544744332,347.6549606028894
123,46,142,1.9739299064232836,22.371854253893073,127.70001537453913
145,34,137,2.7618092612850482,43.637476683195416,336.7720187308454
140,44,144,2.561600527142983,45.60449000919461,371.8078411755516
137,42,142,1.186277879449749,22.36693815387808,272.97605869005065
132,30,130,3.0425673941162343,17.658637948302122,218.47227153295432
130,40,135,1.5040255465346952,36.12514122395423,273.56396430607316
148,30,140,4.3689761683355,31.797113444415423,432.942679117217
143,40,142,3.195851637183587,29.96579802417202,240.47222930048008
123,47,149,4.378425930469503,41.635291551529406,322.11655388424657
144,47,130,4.824178749512164,48.938192382812026,346.6918294631093
140,45,140,4.772753163001106,31.718230178166884,232.89701277046095
148,42,140,1.401717337230215,15.215427757117123,146.95569587461762
144,36,137,4.779268286200028,35.86934970884323,332.5884091036086
123,30,132,4.18298883115804,37.88880552454438,299.9492325695461
129,45,148,4.110632421043164,43.98064070983642,241.10372395428294
124,30,141,1.3605141610727016,21.97924433836411,247.92615168142848
128,46,135,1.7180588091343965,33.35146717316258,241.93699065580364
143,35,137,4.900653519659073,30.64960251362779,291.1919023647115
122,31,134,1.8534806286211776,38.25541614069208,304.4454822565367
136,46,139,1.6762133206696026,17.238007229610766,206.8344558843019
122,35,145,2.4494064748378714,45.940452609483366,265.30705331103337
135,43,141,4.653424790139561,32.890509148339746,188.3089711323325
123,47,146,2.9047738542262223,45.69659057394965,231.50775316196734
137,35,135,4.682334876356347,26.908299615209827,349.3179496860769
136,39,138,2.3373551216609427,37.873277512421964,377.9228919070024
126,47,139,1.9061145809079973,48.48538022582938,250.5013599693895
143,38,149,2.980812035404142,48.01827167484229,306.6978494051013
142,37,143,3.4619075610475543,48.0435964169926,235.4945763943982
149,39,143,2.5659959944542243,16.50313941809261,170.1514896657666
124,46,146,2.384122038378127,29.105560034108294,148.20083626541592
131,35,145,1.8722371390929866,17.12734401067179,147.57489214890444
136,43,133,2.100027064887086,25.831695464627884,187.25789227552622
142,35,131,3.692471852609203,21.11023332828401,267.36020106726977
132,36,145,2.4794941544547116,36.704809843916344,238.64345175652366
142,41,130,1.319028166884114,42.32611529428887,253.42585222289762
144,32,132,1.5526215598101385,32.96714378421905,205.12663651865677
122,43,140,2.489516753564443,42.84155756542589,283.5813989555063
128,48,145,4.698009719391448,15.448465381218092,285.61134537305264
149,45,147,2.516121046583921,43.71667276307184,284.93037796182887
136,36,144,1.242568309806701,21.24260786410823,64.22960865749042
136,37,138,2.6719770315200635,31.132756549167087,269.4377875822114
149,47,141,3.6752703758406633,30.490496556610893,252.72541865390045
139,42,147,3.3743845397928838,45.56044352076964,398.98498096139014
135,38,134,2.1152118495441203,48.809270154938865,336.1134951353454
144,39,137,3.7523556921947763,23.929233828813622,322.63200463813394
141,38,132,3.5224974954613297,17.359461040762035,243.8117553534374
132,44,131,1.6886918753158744,37.76826238591963,198.25944492341887
146,49,148,1.64858001427298,32.599420536362295,381.75036538807865
138,31,137,3.188732328271763,34.79967996687431,300.9653996555595
136,42,131,3.637754244464415,16.619457446949994,182.70207809994787
123,31,148,4.847642339441043,42.135843756628105,355.95146339328994
131,48,130,2.687722522927119,23.13236952805542,261.70966765568187
148,31,142,4.059756958687654,26.7227873318947,345.9394209487462
128,32,149,1.4660829891655056,22.992379939228087,227.53989304862301
138,35,146,4.558436109262589,48.10805962072181,402.7443348183173
131,32,132,3.5324301655953594,20.90526357892048,344.20726129234845
128,39,138,3.5161213254049892,40.63116514063593,326.1831872899372
126,35,134,1.569770535329742,23.601155287848783,323.86316838344146
147,45,135,1.1583349181035918,29.872186668790825,278.12417470473855
133,46,133,3.8057965519384784,49.862165701024296,353.9223776532701
139,48,146,1.4682258358583464,18.520186048475498,165.56971859071052
138,32,145,1.5078805979357308,45.84757308803009,407.13363976323177
145,47,145,1.75000058538794,48.11174636941076,312.93599792158443
134,36,140,1.3909859325584097,39.43795532252477,308.8450762897606
135,38,131,3.501570081721227,15.348676640736322,244.39480163028642
140,49,146,2.688019223394352,43.72795044111232,196.853884375463
124,41,144,2.064384369638193,45.87951746637733,153.30821323695872
122,34,147,2.7629976014863065,49.332695491077686,253.55033596281663
131,32,139,4.3765600082608,44.37605117125335,292.6165892185554
144,40,135,4.708317620174545,30.595543855728238,302.55303823279456
139,33,145,2.9499045786137663,39.10273868428754,333.07427347499487
146,34,134,3.26701166045121,31.97949791850689,249.35636535683892
140,30,141,2.0287997213594915,27.355642233294958,298.8091534804393
123,47,135,3.054401514548477,36.92492726027525,276.8787496783311
140,41,143,3.9924784277409286,41.944135387462154,340.3820017844369
142,42,145,2.968549054624678,37.25652753373676,226.03247272379318
135,38,136,2.208291603156679,43.9302428676174,271.6766849496414
144,31,131,3.3281373888998362,21.173124111002565,235.42722904030163
126,34,135,4.786624123543378,28.07930930611058,282.24778867021723
132,42,138,4.551935415932447,25.94050344569805,243.59158265904392
140,45,136,4.0769695167018245,21.794449888372945,292.09096839852896
129,45,131,2.104838530660836,30.51110146198728,400.03789661445467
145,32,148,1.9662380288656056,48.17555055026333,304.078514428144
126,33,137,4.354148759190391,33.830290209750686,333.94087915653796
133,40,140,1.7252699043284094,25.024170684627585,197.5987564421901
145,43,133,3.4224452299465744,27.392121640606312,264.45210276953117
124,32,145,2.755719774331857,36.45764991009947,180.4221539386677
122,45,147,2.871945869169593,27.34613596345781,185.19789164023655
142,44,142,2.818173610110163,33.84213530222341,313.06931556246377
148,39,134,4.5998005868946406,24.595596270848958,244.62968245869243
130,38,131,1.3483770035818199,27.107594481506503,124.08818231681344
130,40,140,4.1316057978243945,39.70047505927259,318.41894962838455
137,45,130,4.340050686301133,35.46164230753607,348.0686953652008
134,39,142,4.77150858861396,18.272040215968282,276.34039025867077
131,46,134,2.8103998197508453,49.06138814771139,223.87065882856962
128,48,147,3.0002607675476667,16.72679230356098,369.79167893769505
129,31,143,4.845178084563667,17.902885029858233,250.80902374858715
145,31,142,2.833804243796652,39.54851170593968,372.3427327628895
131,35,136,3.0141938919050313,39.78063488007881,337.09666347916277
136,48,137,2.329017272757536,15.662743662937016,233.87091176839579
148,37,147,1.1265098027385996,37.496386481225926,283.82195086538246
125,32,136,2.7322182070459706,16.164100517175974,221.7829590890478
126,43,149,3.6203652433895437,48.626949786150945,445.87396961665775
133,45,146,3.7597836424542286,39.36499078415274,372.48810788146466
132,30,145,1.026034587538438,21.5302335462333,230.62611632042496
127,32,140,4.204211099091315,20.533667585614666,258.314562591146
129,47,148,2.969662456514188,34.93818059521431,262.35310205407427
128,38,130,3.0829814455447715,37.173155397280965,223.60170457031617
137,35,137,4.8469747526814695,44.09331704551086,351.0972914854513
146,30,130,2.1378446346232716,46.61624022247466,267.3588633483225
145,39,138,4.04660795587267,28.73867054203723,245.7329603205724
121,35,148,3.2991049826890833,44.54296948300213,340.7036068164662
124,41,138,3.8031938462321535,33.98330123608568,259.8172590446512
148,33,139,2.671269807124497,31.470374921070686,279.64218131998564
124,42,140,2.1168301558570737,39.46397261202257,308.19869755455915
125,46,130,3.184503809475738,18.61182364706288,214.8401904917368
138,37,149,2.499764585410588,24.28852770063794,302.0613454789642
127,49,137,1.8916447153186557,43.58669398939859,207.75421081224803
135,32,149,4.35694459245505,32.64275934180931,329.8577939290388
132,41,141,2.903326380005165,46.78152027687329,312.2222358697976
120,36,130,4.3892629647635975,18.10463068590188,214.45553887888988
141,41,139,2.896126329475681,25.96944838430158,116.51163329768306
139,31,133,3.2271907908496322,27.444246248141283,259.627608559935
136,43,144,4.981120965255819,29.795211295310395,302.36156345588495
126,34,148,4.806016848140639,49.53870180474869,305.9711514174811
144,38,135,2.0867594826675626,25.87319499238706,256.9327614560578
132,40,134,4.474621545796888,33.15388585379017,253.62198123485155
123,34,134,2.561613934788773,33.76249633548506,307.87698386893936
123,32,147,1.284994951641571,41.97792785125783,324.0694013970737
125,46,132,3.3031240593016014,33.12541479300327,246.93925397356116
147,31,131,4.908207437816941,36.20080902171787,424.74636438953854
138,30,133,4.89725474802114,41.3664817766319,448.57226413230796
148,36,147,1.5058615126498722,18.539620163798087,345.5186335777685
131,43,138,4.084946666471399,48.72152432337393,377.70034416142636
141,34,148,4.21133217700083,44.62064616278069,342.12761972153703
126,48,139,2.47497913726664,28.607041476808746,369.36823409310506
146,40,144,3.634380724753885,40.49461561758102,444.3143679464076
129,31,130,2.952637913108887,41.68137865430613,263.33359858698503
145,37,140,1.9115723908397069,44.75862572954799,271.6417270150382
138,38,143,4.04505712489995,21.591088879691824,342.9181196013452
126,32,139,2.0510108312496524,39.62959634253309,239.27001362320559
149,31,148,2.361791012166637,16.166918568419927,284.7282139469588
122,36,145,1.7600736196618443,19.04526934188585,200.60746321585793
132,34,137,3.877085215154817,42.16234361629263,324.82720071470357
132,34,131,2.8348962153223174,43.45510513586159,262.1537911059683
137,49,136,2.773493019355733,35.73527582435976,311.2311147734551
147,42,148,3.4182514675600504,35.3590090964364,261.18045917152045
149,49,136,1.6290537889893493,41.232899992877535,246.61114788415108
145,35,144,4.592615558503038,46.71296877310455,250.01117313631102
139,49,137,2.860435824943724,29.73903098036704,303.3308926876583
147,47,143,2.4661074347281193,19.018739151257186,260.78940427405917
127,31,130,1.5067624356207698,44.36497845495508,294.15340885408244
148,35,142,1.671816817469657,26.957545108976355,217.36338806620856
128,38,132,4.68144125565544,19.682502062370663,314.63696742759885
126,32,135,2.826468133598889,36.5115740049991,284.45424994531527
120,30,148,3.888735677437043,35.23293738240913,335.8349427146782
122,30,144,1.3220654106341327,31.598617227583603,323.874753919818
132,48,133,3.573858176505935,45.09290354865056,242.91338316255866
147,34,132,4.686076769349684,24.527904239117873,355.493884161157
149,42,133,2.1998538035259645,15.463234284953305,200.62337211392938
144,48,134,3.316562002853757,26.321405162977,265.72720989193033
147,41,147,4.760876417263402,15.339708614074507,214.91275622433255
136,45,139,3.877290215218881,34.025692381389376,329.60362398016105
144,48,137,1.2493020095363092,28.238690250094677,247.36224231644064
143,32,141,2.5149485890417553,43.48799592999801,330.76331133128826
120,41,132,1.3430910243491536,42.91548733717862,253.5079352419995
125,34,147,4.445270384796697,30.21234726545323,253.76412076921554
140,31,137,3.4866508048144618,22.576984575503808,272.13208484571373
125,36,130,4.825526979335542,29.785045307980397,315.8583209262137
145,42,143,1.0790253167432287,37.44612063902702,213.22465008735776
131,44,142,2.692349479415617,21.65720935505176,279.11846762667017
132,32,141,1.417456398177579,42.056631544960595,290.5453533970618
132,49,132,2.401951290479651,26.569607365234585,149.2080543624237
148,34,147,1.647547293426348,47.626194822109326,334.0609183597978
134,37,142,2.315175039973681,32.91546855961128,237.06426635166673
140,30,144,4.277048018888117,44.649428694540276,333.29360542433386
135,37,139,1.6427973059308143,36.556240310381085,194.4639689634131
141,47,130,2.894659027808753,34.41106453225582,294.4943688325796
140,49,135,4.686332536242105,38.87455467197893,283.7662302911983
130,45,138,4.995117151417226,43.40218932977163,274.07998537490744
147,47,139,2.002564472700333,37.55776265434077,361.0082710375891
124,49,144,4.742272683064401,42.90342405170958,253.08016363413998
123,41,138,2.045554723204102,21.666280756082955,258.50505864796895
122,42,143,2.6541139959343734,24.71307891311804,247.3044844347412
138,42,140,4.5116944489333095,23.040298755555735,325.8267829183648
139,39,136,4.144704419696993,42.940611573510154,370.8407286109725
144,36,131,4.429950228894941,18.014499559997653,311.78923380969053
137,43,143,4.201026717217802,42.85521191046048,357.024195175777
134,45,135,1.9402440200401654,28.616480493508256,216.5423295295015
128,44,134,3.2351804617224085,17.78275067060884,227.47199420031356
136,41,134,2.5410028734476877,29.85491915342618,293.1661900188637
133,38,148,2.8388438737934747,25.517580518684795,118.97202793996615
134,37,148,1.615825208494523,35.71832639739274,272.5550902919621
120,47,135,2.263070236900682,31.538432158283452,292.40470784198664
140,47,139,4.430588485688748,25.387208688092255,269.2735420140077
141,42,143,4.590233639544656,45.179308054193044,401.87667213519103
141,47,146,3.4406123355965543,29.238749869594912,359.0152911391723
122,44,132,2.9930690280030112,31.474149713062257,302.0198047960475
135,33,130,3.8513587525972013,44.63199836633602,293.03597859029713
142,46,139,3.435413000888809,18.116981292040744,276.820440795421
144,34,132,4.934700025391255,28.646259962221066,341.76941350588055
130,45,134,1.760355168656813,29.099984028493644,211.3212447944659
131,38,148,2.7961789049859265,32.353897930483924,213.20195891522008
129,39,139,4.672962009142214,18.714220732579186,354.56335247113975
135,47,145,4.658948239634097,18.5931042437343,245.90679603185797
127,46,130,2.9813873862446942,29.574558451807054,323.5962059038918
125,47,135,1.5392360080055258,16.156015292135475,271.8682138230934
131,36,138,4.25983186997161,23.92445256708723,307.2652990346429
143,33,134,3.3406607460133904,22.041186382004728,243.0471521730384
147,34,143,4.0926640634290266,32.12851914632512,330.84393985529437
140,45,139,2.850094525642361,15.39058450263737,346.43376005308426
127,32,131,1.8155356877473063,38.65067075923896,248.02916762145077
145,47,134,1.0959576299180833,44.94555574957576,257.65481027131773
147,43,130,3.2365530753590086,39.73595313837565,260.3665170594742
123,44,139,1.6441847155263583,43.63273592767,326.9159033293125
145,46,138,1.7485488343912858,37.51607413293653,287.14808278396725
127,30,132,2.7452225238286574,32.75784620361996,323.0706084013905
145,46,144,2.768308293755591,22.66575590583836,213.72385723305723
147,40,133,2.097548360822821,24.786922168900244,196.33714748060157
137,46,142,1.5276888336938739,26.11978013018312,303.04479149547336
147,43,135,4.77981100728935,16.330618431326933,255.31284314240375
147,49,149,1.5265624635130397,46.95810699941651,318.5815764328465
124,48,146,2.403090338404518,46.51059459216809,341.6394884676678
128,36,134,2.219471970429785,18.77222473354843,152.55765936439252
123,42,144,4.465351587834208,34.48427479425186,218.56551873738636
146,47,137,2.640249793914282,31.367445297134253,204.0653161711578
141,43,134,1.4961739969374572,38.91948989646984,262.90540950673653
136,30,142,1.0410441136179815,36.105618118841704,286.11217826566605
128,36,130,3.8877984138980994,19.351263041276578,154.2617124587681
120,37,130,3.858004370271401,38.102717573662844,296.11207585546384
140,47,136,2.6711346852529108,36.310530638461316,298.03486667328514
139,38,134,1.5052320012492943,33.59282732908319,303.31779624982363
132,30,143,2.4865352502909914,29.084219330062936,189.26412923694966
147,46,144,3.3595298036681234,48.42223479186075,277.3331279367637
135,48,146,3.815771767227364,44.73038464588906,342.8493485774137
148,35,147,1.3129595697371048,35.47797412219721,240.63610840257456
132,32,136,3.225229882458716,15.223223884366575,333.2981770191287
133,34,147,2.1044963137925503,30.12431347594206,249.9612316168138
122,31,148,3.4690651485345705,39.51189049925347,180.4806080645826
148,49,149,3.5925604914590434,19.10529821693223,333.55848613044896
125,33,136,4.6424148070988736,29.22923658001098,343.5793371215587
137,39,137,2.6415135015558397,21.710382838342333,238.53945884558664
138,39,142,3.15036264054127,26.835004550208623,209.92208878191164
124,40,147,2.072860491042037,15.933422140693809,344.0350143353688
134,45,140,2.1462280965805096,19.43563337927148,88.93012005375155
144,46,138,1.18413512624545,30.916489754874117,205.56018393820713
121,45,130,2.1442757691940253,46.43664723625231,291.31096088794413
129,36,137,1.2553147583626316,32.17035675603012,242.4465690560688
143,45,141,4.855663162343319,30.857711404775944,307.02693024640564
149,32,131,3.497052941504418,42.56492875400212,297.1582121070098
137,45,144,1.6925942447451763,24.37405269275845,243.53431388033178
146,37,147,1.4670654392813405,18.327406222869964,175.58337401337852
132,41,146,2.4804904819101736,22.33504171178377,241.75175756503901
124,32,144,2.2305892984753655,42.69552929322489,240.24964976486734
142,46,149,2.117019123657812,38.69667737827663,349.40112498987867
143,47,149,2.8727841797240847,18.203661378891255,281.3799267327298
120,40,138,4.651495371905854,38.34826060992074,379.5593426764375
141,33,132,3.272201017612119,47.60430197095313,307.85708942984155
120,45,149,3.0849260183464766,16.573423460047465,214.58281937606404
137,46,148,4.2261937406442325,36.57463335712424,321.464433774318
134,38,147,1.0160984463875566,28.27075994240192,140.59223849518412
136,35,149,1.789542676620934,32.53610106547269,344.87865488524636
130,49,137,2.9847437375553443,33.48625855925407,361.3333128439782
140,31,130,3.8212362420882666,41.98661341135738,225.77202796507635
145,38,144,2.9401127797585533,34.49543819205286,326.8978753282505
144,35,148,1.6548639252035087,35.75799698437884,328.7505375079396
141,32,139,4.719931270646306,26.651914532013333,301.7779164649156
146,49,141,2.314660524421781,19.40808542244964,240.43925858209667
146,35,135,4.152862725578016,38.89563166976413,396.3167553973794
136,36,142,4.565653338390451,15.016874916745808,335.16407318393874
132,30,133,2.385797510754666,26.505100932162925,170.09461279156784
120,30,142,4.381247125320419,22.6315384048631,310.8511783221871
121,34,146,3.84309473266719,28.598670426464462,276.2075395115911
128,35,130,4.617123346648024,25.8943809472339,164.22190889149593
122,42,134,2.0052428068919106,39.64759779132907,163.0446091210356
120,31,146,4.725110424553103,24.107211770525275,269.34689608189063
140,44,147,1.2612259066797211,34.62626209556119,263.6586249974104
135,44,136,4.174685141222596,30.951965052027774,327.3014790940863
142,42,145,2.742660082806531,43.037012686743296,191.63514326917883
125,43,137,1.7115598674118426,29.9832370751758,227.9722425318717
147,36,141,1.3176118204107183,45.235662727604705,263.31119541680823
136,43,143,2.558190055595752,15.005101866253856,296.54498741670744
124,39,148,2.557295686906084,36.169272432197744,362.1056878466244
124,46,140,1.9198295372279417,15.343244773695737,250.48598621892245
125,43,141,1.8620615934113713,39.9877013170216,301.4277588318486
122,37,142,2.598057192187264,23.222284063987292,265.1252353405564
140,33,137,2.640455532820629,28.299343812059526,299.25038518640525
142,45,130,2.769459196652769,28.315312999572633,278.51513542063475
124,42,138,4.4750375469110715,44.62478464259621,295.57758986906043
140,49,131,3.44501802569103,18.5732466312534,263.91297577562574
124,47,143,1.0817326642861,38.34139336725919,280.0668109840008
129,43,142,3.0763969670487348,49.343989021797135,246.19882021728702
129,47,145,4.049805183943018,15.78345501981636,220.03689050486906
138,34,131,1.2256572265780687,48.806296956663566,313.90817805947074
136,38,133,2.6904315170964264,15.644165513023886,258.43902376130916
140,32,141,2.804840573030268,44.44023104606719,320.463396984823
133,37,145,4.816081809343103,48.643554688068825,187.03072593886515
128,49,139,2.9027358151318414,49.75595837951708,283.3309054727313
133,39,132,3.999601050648809,31.069246933969325,329.3814338170533
120,48,133,2.2116081808362114,45.34351271875737,296.61572808872216
138,32,135,4.117226604753726,19.281884006036176,228.81366354785362
132,40,134,2.2906494659893624,29.88845185149915,209.08969269779863
132,40,147,2.720094349380039,25.77912416640593,252.93729364298093
123,46,132,2.9179291112467913,28.831196771247747,201.4727169220333
149,45,139,4.705451877672045,39.56932982925373,323.88757100588606
120,36,140,1.2138141912194702,18.061807001496433,150.81453044530974
136,33,148,1.7874686040432288,49.935738611502046,283.169300065967
127,48,143,3.8229709847900155,37.22735056629219,283.81927119324683
121,41,140,3.310310639527875,45.57311553002917,331.1541145508811
147,44,133,2.0061255616599034,44.039344783357265,284.48366489726754
127,40,135,2.1568035499640192,41.809914041358226,296.9543194480956
126,34,146,2.4692379424347197,16.372823589342897,293.0558773534169
145,34,148,2.801387797321314,33.07634768042391,260.9505434683937
145,44,142,4.272109293011113,26.485193167507738,362.2384575360766
121,47,139,1.0552619058878503,18.95286905376441,183.44481226901445
141,40,140,4.592078964853913,27.00465722469661,290.0014058865298
141,41,135,2.6521084465261127,37.56810630578639,297.7502414859901
122,31,131,1.9219900702656525,23.07192500177505,241.58441954274247
146,49,130,3.033650798109381,30.56084002278912,234.64820739396907
137,44,140,3.638680170798313,29.15729852700276,241.77720444788727
131,49,145,1.179008876774414,16.83620369822439,274.5851659370377
120,33,132,3.8631094066643303,36.98288852839802,328.79729467985743
141,47,134,4.04304475033545,36.659641580238684,330.15036314519506
131,35,144,1.6647291372936772,48.824507683645166,254.05112151543682
124,48,144,1.6715257135076116,25.430182582101697,239.5510629363891
149,40,133,1.8151382181635074,29.663286002470734,194.9205563435059
149,31,133,4.186514848269216,29.12731678222946,308.15269895408596
146,37,137,2.0880122237247565,47.19103653450225,305.4418423724799
144,40,136,4.183743352217418,29.3027260386245,342.61563184924154
136,34,146,3.162095435755396,30.496745047208552,315.3078270706427
135,47,144,4.068685320687235,23.832058696711137,281.98076321526463
134,47,134,3.2146921667184434,15.04088512484167,226.64786427680852
142,43,142,2.343075596847163,18.865773498137862,275.15308362835935
134,39,133,4.642856570632233,39.63612029995581,372.281690522266
124,32,146,3.8611826474298567,38.8873457681475,232.96015999408223
140,38,146,2.9362192100626863,26.288570049570488,195.67862693452304
133,32,143,3.549713905501078,31.55521797114415,265.91958239419307
121,40,143,3.463373423475972,25.408243768311067,231.20264607998158
130,41,146,2.4324648660170802,40.582073599526325,369.0442330690816
138,41,137,2.695086987118087,44.48747725372417,229.65014624489828
126,32,131,2.2730271105324826,46.46868524294163,284.45636355558395
125,36,142,4.9980725256618115,21.08549624973923,276.9894361890262
147,43,145,3.3202578159375573,39.32558596420937,345.9088014713716
121,40,145,1.3682212843898491,48.70516369957063,336.34123309585397
125,36,135,3.076428734806542,37.77140964459541,278.6157466183944
137,39,133,1.1998478586873595,27.28409502603882,158.47016091036812
121,40,132,2.1546081932518635,37.258122803024435,256.15893777328426
137,44,135,2.7838444639047326,39.09491183123269,238.2490473859761
149,48,133,3.1370819464076476,28.89665549511381,270.18393465265285
134,45,147,4.90472559891302,18.639683269175137,323.7818392742714
146,49,135,4.928886895216609,36.233095363207816,421.5828953413192
138,41,134,1.3922774796254176,43.07492801808544,192.39670616993595
121,47,138,3.152530691051557,49.91517693146206,323.7545304401349
139,42,140,4.268437580768456,22.80704074370297,314.96530819811557
144,34,135,1.950851281011019,39.513614096360726,296.56192449835805
125,33,145,4.002252394353887,15.981512005812577,171.74370474540683
120,43,148,4.514476222819917,48.94388479117338,324.4786041330704
143,37,140,3.6499495841418343,15.439756153353319,216.18693469733472
134,38,144,2.3108133953804755,27.557823657354902,465.58764309386237
147,48,138,4.69252927736229,17.67409705416813,325.24247328957193
149,32,148,4.534080374696675,36.733878656282414,260.6531424784101
142,34,148,3.86330127517615,26.882492846280826,180.8359943789792
129,47,138,2.4546724537486924,40.653037596566115,238.4186833281765
138,30,133,4.167585449579198,32.02323233338183,333.94374871776694
136,37,139,2.2644359260085647,29.679119572318776,144.45068922682538
124,48,138,2.011811405334283,27.198072219017718,167.79142096363637
148,46,148,3.0600535476451243,18.014520845512834,279.14519139644824
123,46,144,4.9885409000050025,22.16886984377252,240.79503539036648
129,40,148,4.217287765736485,37.368587674596995,296.49962105469734
143,31,131,3.919170928473295,32.38630839885668,345.8909695634533
136,35,139,2.808050986775909,17.453130806194586,262.25719200825324
129,43,148,2.2478000367432642,34.038310117394914,224.74361824834057
136,32,146,4.423603052602063,16.8949931507179,206.94282121659734
147,41,149,3.270931119924077,32.91044316319959,284.5354526199827
139,33,131,4.253019804487596,48.77365064146112,357.88187226814256
143,41,148,2.9510148382839145,25.757059380564073,375.63834506026956
124,42,146,4.015829976048401,40.32260985247614,361.8717661793414
121,31,147,4.470964234686779,41.09432142071913,243.1958344054002
125,31,146,2.565560105879998,29.17008366938989,304.4404020295635
140,44,131,1.0542782796160637,35.76522527729685,327.71633301254883
121,46,148,2.019706264083636,31.521613174413815,230.132662219275
132,36,130,4.659660164337636,24.917705689878222,310.0692630268394
149,43,140,3.750169042209164,41.41597333201889,375.0995834520695
130,41,139,3.9488748657477615,39.59893154769421,293.2197289553317
130,46,134,2.3011544570616858,46.519210260063076,225.49045208073562
135,43,145,3.8050919386999804,36.63441628808609,452.16188709654597
130,35,134,3.5851285816377008,28.60520494186686,253.10082541469419
138,48,141,1.713494653908116,39.99026453359363,296.18548732321034
134,35,133,4.874763109722578,36.66626803455247,386.1990917964919
144,47,135,2.41610237339096,36.58149674802222,229.13921522013806
142,34,148,2.317147895360169,44.74432149598774,328.8442667533582
142,35,138,2.476646176920792,46.86639885614335,268.7413847021549
135,31,141,1.3668784612830773,21.308458254759056,198.15714330745976
130,37,144,3.4998540683728634,25.991757847603942,232.20824070332816
141,44,145,1.9544969749855872,37.76069953386395,289.8655343625779
135,44,142,4.2132510255367235,34.502743179836784,351.55483637438766
127,40,136,2.5766247205357833,37.83141593248108,233.94820096429788
123,30,149,2.834233929162608,30.155510976451602,273.6550580561117
127,47,133,3.585688216462236,29.435365480061733,391.4266994748596
123,41,140,4.047484535814957,19.1178866840907,250.67230692032697
143,41,137,1.9244612193924469,36.82768840365858,299.1358067156965
144,40,135,4.865177318872584,21.15249783977363,262.5331698531252
122,37,139,3.489286183866725,38.48575584732902,309.6671880204529
122,36,136,1.0225544940015503,48.84752851304934,276.80323088056196
146,31,136,2.6624888396942046,23.97444896167034,244.0944623958959
148,40,133,2.747271282523017,19.975330687236166,208.32943674903166
137,39,132,4.236659903897587,15.846133584832677,223.88962862590543
148,32,136,2.2205590964820154,28.258951522086868,226.99906591837345
145,49,133,2.324906065179854,22.511387059991264,162.616972584989
138,39,142,1.2819763714102717,32.215079810037764,193.40248691513108
138,47,149,2.134184098103259,33.35071097974627,300.33482769720376
140,43,146,3.8678468059434,27.22647105319856,227.626922561315
124,47,136,3.5390276782392784,41.24671777973499,330.1854555028749
137,37,146,1.3255763520315762,46.668233474927554,346.0093721684267
147,39,133,1.458775568459132,22.403308422764592,276.71267320761456
129,42,140,2.507703855700432,44.270422069214426,259.07329512117593
148,37,132,3.975031048564039,19.591576491438236,143.1603718363969
141,33,140,4.33167311251452,23.004576459022406,251.5664901969386
140,33,132,1.0584961720400696,34.64954901818248,245.25645597073685
125,34,141,2.3160423092296027,25.730352106446365,256.5293936729938
120,30,130,2.6970474545143,16.459877670609607,221.51568817641564
124,46,133,4.644531243161826,25.320524959842494,228.17227114080828
128,31,143,3.0056262308377715,46.6704566008916,345.83501122921297
131,37,130,2.078803060982735,21.097810667263737,145.5164985673971
145,36,143,2.560188260655379,41.73128079449716,407.6505468613559
133,44,142,2.7457377659789888,40.279870210156844,267.84397905836585
121,34,142,3.679983494117114,18.717868562248473,211.21036687809482
136,31,144,1.1643511318697009,26.530503760435334,217.39906421615302
133,36,146,2.557806652097401,21.62747011985485,326.02246445247613
145,37,141,3.5862185476578055,15.810256341764491,296.88562460275045
132,36,143,2.13328926145759,21.05642363325637,221.5090239255411
146,36,141,3.3670040266566166,22.055227957180513,231.8318975611997
128,43,147,2.4291157204161764,20.809308655654995,197.01271728859678
145,47,133,4.034883470027102,18.18840233030621,299.00430462625326
144,35,143,1.2423907858499739,33.42067962774552,202.532745657182
134,33,148,4.6718479228054255,26.292366459598227,259.2133499355993
144,39,142,1.6864501917959025,46.78872764928418,275.6601307247537
141,47,147,1.6341883469973966,21.552471380680302,171.86184156981295
134,41,140,4.36257177909285,36.100192053375615,350.43882654497895
143,45,135,4.477131692095554,46.52171344929748,320.3610004854686
149,36,138,1.3718932537832011,16.6516377873059,147.65492282099075
130,35,141,4.634875712059641,33.069711482864065,351.7054863613008
135,34,148,2.093191466915905,30.773408438591545,275.4847689071148
148,32,143,3.474486741632222,47.50725128270931,381.55109923946884
136,41,144,1.274373961631583,38.23176705060266,290.0547590902555
145,44,140,2.522644404512804,27.220649348321533,228.58049346807658
123,39,135,2.8028984364181513,39.903242647785206,295.6378118429719
120,49,143,3.399306277425242,35.39289072498478,277.1937576740786
127,48,132,3.1010878856578628,27.15094643121816,132.4591065779747
136,45,148,2.8459718459663703,42.48370372423858,243.89750249870778
122,40,149,4.838560847062352,38.38594159322275,270.05268213301554
148,37,140,1.7400911079510366,15.18957044198644,236.20055260039237
139,32,146,1.6319769225866727,45.27971121038457,370.05743886476284
134,36,146,3.8536762436026866,28.89821587773956,397.13950339226136
134,36,132,1.2982075394809285,37.59066602055624,298.71001075543563
143,43,143,2.931565823977107,28.886891234017142,244.6146096486416
141,31,136,2.9362124766088287,45.84767154818651,230.46743943953828
133,39,148,2.2401013238363654,37.77924061661557,286.8986975852091
145,48,132,4.7217749667207904,35.27851731851014,248.37815109193866
147,38,131,2.1301737403840457,49.30926625358917,255.65840544108323
142,45,146,2.153767808952986,24.822418202122783,283.8995784217665
133,48,138,1.9371998568948845,17.283900171406856,212.97090117324217
143,47,135,1.5831521408822522,33.06036515171506,235.11261925275585
121,38,138,2.456044221393811,29.840624183557882,134.79989410069203
132,45,134,3.7235490400017204,30.900151717696577,266.55666995003617
145,42,131,3.9686514510830233,36.7036693400007,282.97903326720257
133,39,144,4.253675665722724,36.52925728113438,314.82302680335243
146,49,138,1.7901755541262343,28.729250266603586,262.3050216567833
143,43,148,1.142530752958919,45.20069583868941,274.5653157494963
138,41,139,4.898743433953568,37.8010478320508,446.5183528452154
126,48,133,1.0573300771457141,46.14690876880337,365.6626206132834
122,36,139,4.842715351832235,46.9603866785856,279.4201648181644
134,44,137,4.315257674847199,20.855922655129902,371.33807446600025
142,45,142,4.648299044100546,38.819665586187114,403.503701489778
133,37,136,2.548742850444584,26.112915234317498,163.62404323257485
130,39,136,1.7888079954041332,44.27501690919677,191.84578228812052
134,33,133,3.4258547407022597,40.649805287942684,272.1286110427595
147,48,144,3.9650046828659473,21.956169063404857,302.20164113159524
132,48,141,1.5234442652986422,47.855576827612715,276.20736268346224
137,44,145,4.190486058738136,38.92176524473482,197.66790287785497
145,43,135,1.8343732800502317,48.20215861331535,253.62607163370737
125,30,138,2.96670917163384,22.066891026769298,192.21676916734776
122,45,132,4.425929799512612,45.43967830395219,393.1875346113704
138,39,137,1.7736980441707701,38.38254871454724,200.15960099012008
134,48,136,1.96753859193115,34.33003078239261,204.3660384227378
144,32,133,1.251084625996766,43.71795149513636,304.07656729526997
142,34,142,1.5864564471325218,37.15023603959985,297.50886553838075
124,38,148,1.5861032791254748,38.436005619323666,345.9792276139167
147,47,136,1.81371000861655,23.87847044896318,245.3341977212775
129,40,139,2.1448015882599356,43.5968791020952,370.6679676696777
126,45,141,4.259933457914164,37.76059458145601,324.27204166598807
144,31,132,4.66305545672447,44.553621254528046,317.9905524893335
136,41,141,2.625122436915801,27.303443794018428,267.0394872783446
126,35,148,1.5128358079532433,26.609854284200303,359.95535802848457
141,40,144,1.8952397003821226,15.836603760946247,255.67031629819618
145,37,137,3.944823907420902,41.901186437808036,297.1607187298015
149,41,141,3.709702076851559,26.561003548211307,202.85619877444893
131,31,149,4.868829206422761,26.452430839703943,361.0539646603663
144,38,135,1.057954722380333,39.103958041616934,259.4833633241977
136,44,139,4.0030350411294275,23.8504141870478,250.74520535930526
132,31,131,3.0231744018119264,46.815717030969765,292.3792689221476
139,30,142,4.610771911689837,33.83230969393259,285.7996315888303
144,39,136,3.304666696507468,48.93170326158771,335.9437129751782
123,31,137,2.786670897845662,17.6834095606309,183.9122598297487
129,41,145,3.663402437971979,26.788887867599602,304.2199245934694
122,37,140,4.33409376872399,28.351462019503856,221.94186383745298
128,34,133,2.129994200691408,40.56472520282029,269.7845257844763
132,30,146,1.4301081751370317,22.453679027571482,259.72081467743806
137,44,145,2.732072473277282,28.13710486838999,208.78157306156712
134,35,148,1.8580794912469143,46.87248903851571,256.66005649856965
123,41,140,2.7181647015808363,19.009280929116017,257.34443786967137
134,37,136,4.9641926911958,41.08634002305331,301.90006985528373
141,42,142,3.2964883750960876,39.586978906961434,166.50130799561052
121,48,148,3.774400891386975,19.567677680793818,300.94785002244873
134,30,146,3.711713689845674,39.09717405790015,222.35316327193277
127,40,142,4.282803345144254,34.94243262581184,333.3336636435643
127,49,141,4.776514396061518,25.06328180004297,303.39920839120754
136,30,136,3.635272392832214,25.88994182683935,295.7206319881897
131,37,130,2.9043785790128327,44.15472963675168,254.2503082418011
138,34,130,2.2713237856716457,23.08552451931776,293.19135676480323
129,46,149,2.4410972004954683,32.947318529968605,258.27004243115874
128,37,143,2.3379224324962267,38.840240805611884,288.18835982257696
124,39,144,2.2978619650955596,19.546559301789895,211.16060050088777
125,31,140,3.778500017528377,47.632385492571004,421.1309915690973
139,38,138,3.3508361198074565,24.122201025993494,160.70874057119278
145,32,146,1.807980179670905,26.159222305112635,286.07729786397385
121,47,133,4.878504076664783,38.31405083382401,253.29437944193202
146,36,149,2.710902061417277,17.73670764976467,341.24731781843997
143,44,148,3.2643456042723136,36.96644414715158,349.3181891308226
146,49,136,3.8104038671590508,47.06104860650127,297.4026305546959
132,47,130,3.454709506707582,23.718169435549868,165.59301562699903
125,32,138,2.2442070763824034,27.666770437461096,281.7973363882561
124,43,142,4.190826293949507,23.131688513244022,270.763274675635
144,31,131,1.4406145583185075,43.65690621195269,305.39198980642084
120,43,131,3.2759833388146857,20.86627382265632,202.91109887675842
140,40,144,2.0932688920564027,27.131988240254994,251.30617467105878
141,45,146,3.463049470692073,36.03576374987978,387.7827524325042
140,37,142,1.8719739243374791,29.159405143309975,210.51616510758387
125,36,136,4.088798620837353,17.29142600774773,308.2252437382105
125,40,138,1.9101453250633305,48.17022336652824,348.3172053652275
142,32,141,4.561568539867331,26.826515461549825,258.4975428452
135,46,132,4.446219618680924,30.597792446767222,319.6210566745081
123,43,144,2.449573808055245,20.8640867321178,283.6330145731207
149,35,136,2.5432811554961035,45.28725836660732,281.5545938134448
130,37,130,3.806013830749962,25.200007575261406,321.8753093596771
149,34,143,1.3614941518899357,15.69380651898118,232.10949078832502
149,37,148,1.3236776487027173,26.074090390577098,271.2905485676271
149,31,145,1.5452967873357726,49.44208895865136,421.2617156864273
143,44,139,3.249901341799409,20.139500548524833,221.5334126648783
142,41,130,1.596009219324373,16.09208707959846,231.10216156653263
128,46,134,2.1104691270919256,35.236145658014394,229.71414370336277
142,30,132,3.5876456301608317,28.00832912636278,303.65473342780535
122,44,146,1.0624951113468621,42.8241354723658,324.20604574280634
138,43,147,1.7209464318138794,40.616071735055385,253.83939572152605
127,49,148,4.719722651502815,21.48966598349393,364.1527718011975
124,45,147,3.6543104936348523,34.76213068042849,246.33409514530055
123,38,145,2.222204456892854,16.135260260962973,330.74399455085984
143,30,131,1.1812136962446744,30.381737984706696,218.76224947655294
125,46,144,3.344195233649708,39.99186276889252,323.2389815152425
121,42,142,1.8914652395697624,29.523557723071953,251.85245059620593
139,34,142,4.840701754873333,19.12839517370563,310.26225245353123
147,39,145,3.7478438199473785,17.153675544627394,311.1826036649791
130,35,137,4.896495545384424,44.87808074234118,365.32313984915845
123,48,140,4.395595589646267,46.19644359821897,319.81131843353086
134,42,137,2.9321096607621624,27.008236842622992,252.50647834687481
125,30,139,3.6782525906165744,20.74603136207635,253.27899852552414
141,49,130,4.2484287821572,49.25156745934774,274.38737377921586
136,44,141,3.312713926650493,34.10523312604237,251.81228583365444
149,43,138,1.2459500038728768,31.68292653005386,228.07113424855413
143,37,134,2.8817852554945245,40.956271158764764,392.7647343143429
125,39,138,1.5222933231465596,20.910426879747657,324.2085514537996
138,38,145,3.859387100840682,35.299640319136884,347.640444665896
149,46,147,3.7225156625504083,46.15568247426561,203.73750135174186
144,38,137,4.971632768208454,15.80739700782505,327.7780440952114
121,32,140,3.515239207176431,38.55288973982345,312.725302940002
134,40,149,4.200551769535767,34.299838451299195,390.636725460679
130,41,148,2.0731514035553302,48.278027456605784,350.8987730655784
127,39,133,2.360096541183919,24.054447847277487,239.27178984070136
145,46,149,4.668097009511349,45.06120746742305,319.18301524922805
138,46,139,4.02076903850298,25.81449956591497,230.91791453176978
132,40,142,3.6210766991905508,30.045225162201774,292.94626163050793
131,33,149,2.016110770332161,22.465064766757326,166.57363452770363
124,36,143,3.7943117149006604,45.22568555249283,333.5853368475574
125,43,131,4.547054580167805,21.839338122876345,279.35234290637453
145,36,133,1.9231906195786257,45.065454764259094,298.95263353541213
141,37,136,3.824495791663293,30.94646838996917,270.2865448668595
123,30,148,2.5747758135900347,44.227992283588726,310.9970548721167
138,33,146,1.47506965176248,24.257099568845277,329.426253239903
139,41,145,4.053842706134728,19.645554947992228,317.48849769691066
120,32,142,1.6685471567373455,34.423644273596565,310.0692066851464
139,42,147,2.0115850939614854,32.830297346950076,254.83975686063835
136,49,141,4.131768163514769,27.481258230123643,233.2873716822592
131,35,130,3.9685311424985503,38.1987496488445,345.1910708045065
134,40,144,2.01673226417758,18.329999006512907,353.1185109778614
120,33,132,4.763858457385469,36.770037622029534,317.31881625737304
145,49,135,1.861140900308766,22.411463272508293,230.4329635740569
133,45,143,4.974488859856129,19.5134094607454,255.5888096549564
125,36,135,3.951599487805758,46.83628630438746,429.2803280737312
124,40,130,2.5700307622056107,31.09285164038421,334.1822943947237
149,30,149,1.5213968266499358,41.719590505580854,299.5651599411869
130,36,135,2.2820398206384547,18.1190924956981,303.96031176458
123,41,137,1.774954045860195,17.011270730212917,342.1540434787175
132,36,144,3.487358345976077,32.31982745223727,184.50098522476355
130,36,143,2.4274206125518267,26.044290304079578,195.42411520949088
122,39,145,2.180029044975428,15.171755237831892,221.33496593686664
120,45,149,4.0285327668734885,21.41531257146034,339.0479823470558
125,37,145,1.9223977394007323,22.657143042166027,183.76453974947032
137,38,148,3.3475572697020186,25.097722408588282,222.21615061723708
143,38,130,1.7783843712941825,45.713745196517294,293.805888631416
129,31,133,3.8591944309323822,29.7210885896189,212.44601247989817
124,42,139,3.5004859350103867,38.780133666698035,279.40417114880506
142,42,149,4.192614060708124,15.643863243153653,215.98586891341733
129,33,147,1.2739882990507159,43.48739872590037,274.8730100326636
131,41,131,1.840421798020086,23.411513046874603,221.04445428762702
121,46,133,1.6178414422138627,25.81637651186521,202.81353491546332
132,31,144,1.7622449611429465,16.58397511954635,248.3770258601034
127,42,133,1.4120563165522029,29.33925170907654,250.84768613808737
121,47,145,3.2483276057442914,44.84018704590157,252.34243569041735
139,44,144,3.373725628202218,28.25569903421012,263.02337049539386
120,37,147,4.373959022376042,46.801184476473736,440.5393272972719
124,44,136,2.6709527057750506,45.36066611174387,340.9273856025447
128,30,144,3.1295388522977907,17.168633004801407,206.28572178525192
136,49,140,4.965216237644444,25.684518032363442,306.6634437791972
128,39,148,3.1273803334367165,46.86460576311112,364.5152351084139
130,41,137,3.2943043510080643,16.043312986613444,180.20514214534114
134,34,130,4.983669659509536,41.80328996130658,320.4695365784243
143,38,132,4.976517525799091,46.72497927029435,310.42998737728374
125,37,134,2.696121782389148,41.967198941753935,267.79069045216437
142,45,147,3.539787318411858,41.03350109520677,384.33571443626175
122,43,141,2.923210031349013,44.51745214660024,380.96215764823114
149,42,141,3.882861806628801,38.302634636120395,395.41598013824466
136,42,148,4.753546084533566,29.808366607404007,301.14213087558386
124,34,138,2.238637233493093,17.19644429672693,237.3042944878519
149,45,140,4.275500681755766,42.57886057550561,293.12174256960657
147,40,146,3.6193957311039204,46.683877366431204,232.5334907890787
131,34,145,2.120739205096869,32.90552615436201,335.91643250004313
137,42,133,4.189198632727974,33.63786660595265,191.1621348913392
133,40,139,2.708532076790286,29.115044445112368,345.6113138988688
140,48,144,1.4815887019251797,44.990891379185065,237.13253631788632
143,32,148,4.973665429103237,15.518115638725304,247.43653169143354
130,44,132,2.7025853318892756,36.85919923653148,236.90109534883297
128,36,134,3.1662101895046453,46.75945842155582,262.6189652017417
121,36,140,4.231846923055043,18.61278139362936,173.68047973465198
131,35,134,4.843504540479733,48.570758808929575,240.00370076192115
122,32,136,4.491551399841263,48.868735741228996,402.6311806862852
122,42,135,3.1002128312062665,47.542613780465395,274.8489267643592
120,36,142,3.182784302132461,31.189113359017288,242.5573016997402
127,34,131,2.1235477464386516,28.403950106130406,274.3581972106254
141,47,148,2.851211512636335,39.7081707782713,152.06547303720143
147,37,140,4.787355528700589,26.154157628043208,307.07951672871707
148,46,149,3.907763775754625,17.392045358338635,314.22421864578314
127,49,134,1.0475079629661317,46.549775717671096,264.46140453780765
130,30,138,1.466027127290964,37.21996209761141,208.55995817362285
128,43,135,4.6952450798314205,22.250407440194376,371.32519442327725
124,46,146,4.394877315710456,15.644299647189953,319.8742911996555
133,39,148,2.9446578629935876,40.32305884259578,240.73462800041557
147,41,137,3.4679131234690344,44.847997296753846,377.6354787408295
149,45,136,2.1585840415228996,29.19766514769145,239.65343313466767
122,43,134,4.171323008401696,17.831437379860077,258.0294198659488
140,45,144,3.4132697875577596,37.701743319512246,269.2904450093941
124,37,139,3.7793028218236606,25.392516828221453,238.22782748116146
124,39,145,2.4996393520359916,20.038135373259692,209.1353115035198
138,46,138,2.7217520260459223,32.863879432218205,325.8661321380942
146,47,136,1.8307283318578271,31.864530371229026,312.3177056038649
133,49,140,4.792210171683488,33.0869643177076,326.4841809440225
145,45,138,4.786228081546298,43.83763132457197,307.1975652006826
149,46,146,4.271004988959616,31.959105886718994,343.1126975268247
123,45,138,4.742220476796735,46.5189202911052,390.9082709755228
144,48,132,3.661312210321515,44.4633716867758,295.37837895250976
132,37,137,1.9386074772122992,37.78905822491207,223.00525172669745
129,35,148,4.040842088769965,16.98981501618571,278.01986040876164
144,35,149,2.3011048369668097,45.27305363119923,307.47092354614693
137,38,145,2.7619267571936565,46.695021030635935,288.50574924556423
127,33,136,2.097400655421479,28.12664970786025,284.5424599741207
127,41,136,2.6944876708850787,33.41531158798129,281.99256338625145
126,41,149,3.71726946262678,24.83572347234845,348.1360946704196
127,46,142,1.442442245220119,15.515071690258717,254.39262258241212
133,44,132,1.4208277159720657,31.78078714616958,271.0662250148989
138,38,141,3.735080048352568,19.527564068217096,189.75711818845778
148,36,137,4.11832466709843,21.41636485793039,272.64684609267204
125,39,142,3.20586673884946,31.824878406779156,217.25357109121856
120,45,149,1.7265640562698619,45.34634193430078,384.6037836382048
142,41,145,2.7230273934439535,44.56214351139988,477.13888042452754
134,36,136,4.032702089536057,48.77739475005119,379.66884988780475
120,47,133,3.742932406209999,31.893821648320326,267.48443062518
144,44,141,1.4394619112774802,34.320311840006184,268.88287090465144
136,35,146,4.87658872383298,43.77406820085031,412.23681776215113
120,41,130,1.893455523545346,39.48856936398853,236.43980003555836
134,40,146,1.8815580183218188,21.398773741581874,180.43323481641386
142,49,131,2.8394289909818236,28.936116323148468,165.2440528595105
121,32,135,2.308972516000194,47.52057522267714,238.73767408726775
133,31,141,4.935943954577576,20.114450015247396,314.180494285576
140,35,140,1.305959093016528,22.327473090924013,171.09254085951085
127,34,140,2.22575676369311,29.02310146723703,165.715556971515
127,47,147,2.530888641709184,47.89559464681362,359.9174990725317
138,45,137,2.973835974887762,18.983634956607133,323.6444627622067
126,37,136,1.065625714907795,38.55298283425715,241.12930549871578
138,49,143,1.3294485272331222,19.624288336922298,250.14226168244227
125,40,145,2.031238570919246,33.35753624543254,198.43156355982603
125,39,141,3.2160083267423847,33.77972296340464,321.97396105139165
122,41,138,4.071086280773889,16.491913728696808,211.6039749412211
126,35,149,3.745981395259797,48.39412267700505,421.6430790316795
138,49,145,3.2680996508904423,43.231792058254804,283.40390947656294
127,34,148,2.5889313589106373,25.599897053418957,366.14926582870726
129,38,145,4.482778009024615,19.57185021334074,239.68787632708452
139,45,138,2.839090173033042,27.096934955841704,203.1668130728132
134,43,142,2.19701122243572,46.29967911854818,311.71951866099545
134,37,134,3.517340459408229,19.6439258895155,261.8932768861231
148,49,148,3.7684599863452357,27.22609844136716,364.24184162839117
120,48,139,2.5938809794354216,32.30065486326902,339.4789233637328
139,43,136,1.1125731241836583,16.150951087532974,201.18319426757876
149,36,138,1.3765260009468423,24.381179942795555,320.92283801155435
126,34,143,4.3823955675746475,35.847186274870126,277.0316758565368
146,47,144,1.2261916847412317,26.338760342554828,167.30939869819173
123,31,142,3.368078668168529,45.46839041236407,272.1378813650797
148,40,139,1.7348375417975674,47.78678965517254,263.8602376739623
125,37,143,1.9157051649767083,30.454000290740332,280.2570082555758
144,30,141,2.0933358389447245,33.620716639567775,273.3659252690297
120,41,148,1.1531655447880818,37.078289390885345,205.427161391572
148,31,135,1.7089410965611695,38.258723813317644,313.26336623407855
124,47,141,3.6019999380557617,17.21402805401696,312.0234534091867
146,36,142,2.9948685448320203,16.878780059315584,248.43341370599035
142,46,137,4.189316342955744,45.29556859867139,279.9179537609576
120,43,145,1.2449684262059741,22.695521637744108,316.88593983402893
149,36,131,4.555593185006524,35.443692603033284,331.02041072374954
123,32,136,4.985594127597891,36.8635135079763,222.7844179094331
141,35,141,1.062959888995132,20.756249709008426,144.6247885335266
121,49,136,4.870560262159733,41.655881936937746,392.78537549991404
129,31,148,1.94345085188408,45.30809664041848,277.3143515086166
124,46,143,3.770172552824148,24.988218846119427,268.87260803667414
146,41,138,2.169933772419705,45.7244063323203,236.62534783877237
129,41,147,3.087251514990082,17.83630090675976,200.51529061517965
120,46,140,3.041674039344663,43.01623741725329,291.285142935881
141,39,145,2.4444219177962885,37.40389063302926,320.02791511943764
125,32,148,3.870187073153335,35.40887762848611,308.84081820552063
132,49,140,3.3985459274532572,23.054646068873186,274.4908159057193
134,47,147,3.0331080157727026,27.66446309729947,266.6098151687035
123,42,140,4.931357247673026,46.860653449457324,427.6817244406573
132,41,133,4.760037304749305,31.300938024901274,328.4831876548638
143,46,147,4.8217433831746455,35.803302952697834,264.05200216983985
139,33,148,4.525295839213152,47.75480364786076,328.5344057815314
143,39,142,2.020621355017519,31.327095411313472,182.39395005398273
134,40,133,2.399904123912724,28.589423343769305,274.16208032086007
148,35,139,1.9242184781820315,46.262073886684234,418.9917973195261
127,35,134,4.944707548891386,46.881078407696386,370.1162507066675
124,38,132,1.6106474790539647,27.412339075569598,231.81916282753883
148,44,145,2.4660470222356223,35.71963888925724,192.1230319066283
134,31,137,1.7961776988774258,48.73047204916333,199.96043021635109
123,33,136,1.8938152487370128,16.94147432987887,302.31133212086354
131,34,148,1.9883515392128461,16.393084683220433,286.06172042091464
132,46,143,3.558682702239816,33.08031781041433,289.47503652111936
121,37,144,1.3041974807661112,25.1934050269306,151.4799958514995
146,37,146,3.290119494495136,35.36474597269526,283.45529588235365
138,41,130,4.2771449451364125,40.350337352675815,294.82029696007066
138,37,135,4.066095106417723,17.417601813234032,235.60803342131751
123,48,144,1.6046867931293018,45.882861653076816,192.64830329942936
123,32,141,4.65892693911522,24.691045043293457,354.2887101073318
145,47,149,4.080361525619097,28.3471618763068,234.98270175846062
130,48,131,1.0212100437313842,26.796286318741757,230.3697312716683
146,48,134,3.9494945341583443,44.394220033121954,307.9607596921163
124,44,138,3.9496867144879944,20.97282700567353,239.10246972426933
139,35,149,2.987264322159939,16.003562640907653,210.35748786780562
130,45,143,1.1839296640254888,49.01305641017302,374.7728377072908
149,37,147,3.319623753129398,49.32213663273864,241.37916018471213
129,45,137,4.062987040137237,24.019249045806504,264.77942602250533
127,47,131,2.0834962212840025,15.327342228648936,91.9058055983149
125,49,138,3.6682728730071497,37.607098576766674,261.588500663301
125,45,136,2.4157047801775278,37.69621489676693,203.28907812788728
127,40,147,3.2954193316089246,47.91248500630021,291.7642855232064
142,36,145,2.5382629977264988,25.446467875989608,200.24476692670135
134,46,134,2.2150458640711164,21.632646226377062,250.4026286594973
145,46,144,4.423657901728177,36.573382151407024,275.88685701149745
133,41,134,4.015353036741507,34.72848729454503,128.99153227648793
130,42,140,2.381796535892596,40.12078777973157,206.17962194074278
131,39,143,2.738526566460836,45.9794591151656,248.5987016216096
145,36,148,3.766813671501384,34.591081561799626,325.82646230297445
132,43,132,4.244315122362037,20.252634092782714,312.9109155175319
127,30,139,3.7373650512988497,35.9345130176575,311.5637871712065
149,46,135,3.1637263227305534,28.09355486009403,289.8804410495653
137,33,132,4.817543327725087,30.845726001318624,287.95566836683736
144,34,131,4.096574478966255,48.58195368112081,355.52695069672654
120,49,142,1.4623674415651546,34.42314689848882,261.05281175860557
134,36,147,3.2325563951680767,20.237650560762987,219.2432022458269
127,39,131,2.638226565582606,30.51055124935806,272.4115557707904
147,46,144,4.179742547163174,22.995067591565704,312.1487200707537
130,36,134,1.178652135429728,19.74188730165255,103.39743497824841
131,30,144,2.6428942798497124,39.928193931726156,171.98974797267397
131,36,146,2.2731052613739435,36.999917419861504,336.1056599808352
123,40,131,1.5647439383188733,32.42261032812166,175.52263699213051
135,38,147,2.515216461278288,29.813340352679617,272.74490685412593
123,41,144,3.6912011127379163,26.277620578730733,305.25046014196806
124,32,149,2.446711540130105,18.08030492764758,379.89691004080703
143,33,132,3.320026301409461,25.47443766355677,269.02079905973295
124,33,134,3.3712471837572364,44.343811803662504,381.189521913423
127,42,140,3.348444508232133,42.42863881055592,257.55725133256374
129,48,138,3.118127535776822,49.03112033794345,303.7609496892346
136,39,134,1.4679529427295517,37.96234892458635,191.52298598969816
147,34,130,1.8738237097413037,34.37739151489375,322.75798039952844
145,36,143,4.200268305003957,25.36155691350045,281.25120560802185
128,45,134,3.0094619556908406,17.690108487974605,280.42559963169396
141,30,137,3.82430526334526,36.63064184701635,351.9049548018065
138,41,143,3.2796363208510466,32.08567670865202,277.80617927510514
148,31,145,1.1547610180009533,41.56760796891638,233.32273127267035
133,36,135,4.184855076071602,29.41502749454726,299.38964309679267
127,40,137,1.2572967781161979,49.49429752525295,367.496683807217
128,42,131,4.7726962046342924,28.916421920220188,254.5667350670896
141,31,148,1.8615076868203033,26.657507221905327,250.35362785598394
130,36,138,3.0496245738405983,45.484523186270316,382.99677942847933
142,44,134,1.2543521698631461,28.84272480566273,295.4104165475855
120,40,134,4.579729514663285,45.48140616922381,312.8067767378269
133,31,148,4.9197610182592175,15.957399996834758,371.9102360267001
124,36,133,1.5851700108847595,39.24076588729557,311.8089349523899
140,33,145,2.183146169974079,17.514850572468404,157.61793552048175
145,40,145,1.0634976871753912,20.188136207973315,251.2198315775269
133,31,145,4.147861967869826,39.5026256954357,370.40589450286274
123,45,136,2.2458573307256504,25.140316942473365,228.46217131628632
141,36,147,3.355349877367325,22.36516904477898,315.1941331784721
142,42,130,1.1568740051200583,43.05341481702705,215.77418159695932
144,34,132,3.86184106669899,48.118640246079394,314.85578058925387
120,46,137,3.1176158534269076,23.133322698840544,247.13997176022406
141,41,130,3.8999209839953406,26.101858468248984,243.9644674952318
142,48,136,4.158257252603855,39.992565710224355,342.86265264182543
138,36,136,1.3569714647153348,43.53525046945566,265.0641916488563
127,35,137,3.3123684831729006,49.97068051145524,280.8094783203555
134,37,148,3.5997761355264872,24.567975313875973,230.9661275051895
140,42,146,3.06687501577998,34.481650606373215,317.9552104818103
134,34,140,1.729637593060489,19.690662950914643,208.12152176503957
128,31,144,4.182389136230948,26.579403678447406,165.57817196757782
140,38,138,4.989833315358394,16.5738999928611,212.42551244567713
128,40,146,4.877081009714091,22.379348999272267,262.47673724016016
129,35,140,4.110118259908925,32.72907418746074,209.676400814519
139,36,135,2.672430891145686,20.7315692996465,231.56335378665034
144,36,138,2.3492019913600886,46.12841585604132,280.08800910479255
140,48,147,1.2741831964033272,39.86081540003768,288.73721893976887
145,35,149,2.6651452150067616,15.970760088880088,223.18113802543297
128,40,131,1.624194390927196,45.68455445038248,301.7839307183891
122,40,133,2.0173388540241137,49.20623479684141,241.29635027377566
139,36,147,4.567547092709404,32.56515494184512,326.03900786592544
144,31,130,4.874102526044876,26.01137371423522,273.69584936132196
145,48,140,4.794236001863041,24.221255729001726,230.73357902539337
130,33,132,1.7734227433735636,18.059682297649204,230.3171937825594
125,35,137,4.603576832941291,32.206328232416084,353.8136381991613
121,46,134,1.5660212036010606,16.75490077359576,246.20070136714094
126,34,149,3.0306408315045994,32.63430169646314,271.68488454513124
137,36,134,3.574653469057494,23.839195425378257,256.5050037632544
146,38,140,2.849867492401675,31.67511844523642,300.51837453825425
121,30,141,4.807349741667235,29.643444422055882,298.8057126103485
146,30,138,2.3328508923664204,25.67899882015054,263.14279961489126
136,48,142,3.109510652392254,30.70233838308355,318.42940908963
130,35,149,1.3017997419186544,31.591186123597833,239.60475940216648
146,47,132,4.408898320312629,44.17921165513335,353.2387708050607
131,39,142,2.6534535837757787,38.302417020129454,309.7313750702707
146,40,140,3.8021284623679894,30.16048091884732,293.18855506766783
138,30,140,3.728982524197673,46.68346781515077,296.64435773335777
141,30,149,3.705051571336987,41.45092717761578,404.3840152626569
143,42,136,3.027753115029764,17.650091398790142,290.3186199512853
144,34,146,2.1100751621913627,20.38110402430616,219.95102484108236
126,49,145,3.5003782342455456,17.85837592638068,250.5575496876694
139,30,143,4.847166015244873,26.16021759226426,369.31943181618266
125,49,130,4.335797023785256,30.247631728111067,197.46301673604557
140,32,140,1.4350729262151063,32.6486072965956,283.1357490721053
143,47,142,1.0927496063462003,44.799426954387265,354.68810726578494
120,38,130,2.995885427481739,15.628470002409022,260.31922802809925
136,43,131,4.103317406858944,29.990094201079323,338.412542170573
148,46,138,2.255610212668829,29.384943078875715,175.40074800070417
130,43,142,3.80495311161691,48.161657783075576,333.0651065903132
141,33,134,4.727685056955236,23.43629211684675,359.5743399770298
145,34,138,2.8359380277386754,19.284203416691412,263.81958657294416
147,46,142,1.9766386249224874,19.97910742643916,273.96100554040856
137,31,134,4.6710314483209885,33.20499533747401,320.7991829627905
140,34,144,2.8890558560148594,28.681633122691323,290.1112858155624
136,33,136,2.63135722670044,41.39497099273963,211.6036863661169
126,33,143,2.413446286163696,26.311383025374,89.09308330746288
136,35,145,2.6920678097552524,19.47866132008242,295.3165381562253
139,49,135,3.694631416729433,28.54065264023619,227.30653257190676
128,42,131,2.734878508880616,45.90624660628943,188.99206147822264
136,34,145,2.2968955542368805,29.193429369737196,192.82683959737264
139,36,148,3.974550662238878,44.17697028663018,331.1232190836326
141,49,134,1.8118857080975848,28.003553004875336,258.8560683360988
141,30,133,1.8077348985635524,24.848496837075913,297.013517830253
147,43,143,3.785742146195827,42.1201955466871,347.7376559135869
148,33,135,4.466826120757893,22.32320846849818,271.3909788897689
127,46,137,1.9648433579885176,23.114074715943403,149.6968269618363
136,43,132,1.7644998999057182,16.743449332658823,231.36244542951212
126,45,133,3.681223525163009,21.574599894869806,307.0495806548304
120,43,130,3.483210087092611,28.258538776342952,387.25125085124523
132,45,131,2.789009386078449,28.98504445502163,281.5482244913001
149,49,142,1.3834425593933117,29.721983042605064,315.29911066706694
142,37,138,1.3671417239274937,31.789253118238104,190.31209306141932
138,32,141,4.109367156177418,35.01687155157028,258.1257150738626
146,48,139,2.807076469582742,21.630015860841002,264.6108867203813
143,30,139,4.431868364966236,36.4880464076623,213.9872566848837
138,31,147,3.2989346061554494,26.779410561425102,249.21139085800658
149,44,141,3.474952564870531,40.690375729869494,364.40810447323156
149,39,145,4.736777767634215,34.50215575652111,259.0087305193737
148,47,135,1.658463576157752,34.399401939333714,243.22163145210618
136,43,139,3.1720969171879836,38.99204460075056,424.8468882567693
132,46,144,1.232554399864139,26.65566468337486,272.2148132062314
148,42,138,2.4357001915284764,30.02315291965164,155.82069062632445
149,30,131,1.5923939992048206,35.401425395150866,305.76665922104496
135,34,147,1.7513438491382822,29.754446718050396,280.4453430628747
127,42,141,4.739178880242113,30.549011605181363,341.24381776668747
138,43,132,3.442730112819523,24.53704754761651,262.3405990504299
137,32,136,4.568632532759257,25.058475918980154,281.4407601980462
120,44,138,2.7740807375629983,39.463509245167515,269.9628245731667
133,48,137,3.3905733866535335,15.149839970938201,236.56425759927694
138,46,135,1.1283780487717054,18.335164777291848,212.52321640359082
134,32,130,2.8780089290973363,48.2083461326577,252.19045191453233
137,45,143,3.2562266933751527,21.54563286520524,162.31491955638245
121,43,145,1.06711085706218,29.634231215620588,203.7994492363139
141,41,145,4.157956707294561,44.73897976430507,332.0217240125918
147,41,133,2.181691937106422,15.00358303840464,257.91819801959565
136,40,135,2.809948299843081,47.38127163147974,388.77189775395595
137,46,144,3.142521141219298,16.872101836372902,356.84613460225347
149,37,137,4.968788612513734,20.980416733340377,291.82629301489106
125,46,130,1.3967365874967315,16.018624016634327,287.40736962818625
138,49,142,3.221118248897992,33.183201618210944,253.37508183274997
123,40,147,3.1223765832010772,48.008300852992576,293.6464059473263
120,31,147,1.2756387824127287,44.36628140579128,311.4622681421925
127,39,142,3.5357534407804985,37.39119911926376,374.55661445782476
148,39,143,2.1474177355752424,21.492102315075897,265.96630661622015
142,40,140,1.4150718646584828,45.43589844844445,305.401099071083
126,35,136,1.7145677236738108,41.41713868978516,246.4204608037189
122,33,147,4.2944129328615706,24.33967172416191,407.79145078916633
129,41,133,1.4164990497495755,43.178120718854984,150.88258706615733
129,40,146,2.8677095529612986,45.70029683111471,354.2453954252918
138,42,148,1.781092484716885,39.437910435038496,292.7697699930919
133,34,143,1.6492794483400481,18.513445283968487,243.05572065819422
121,35,139,1.8228470376682901,49.448639516543004,246.16576416736203
147,30,135,2.971131738078481,17.660034613809522,153.21565993953743
120,35,147,1.9511536844462851,37.90658958525818,292.5874994029029
142,47,133,1.3869318014102414,18.868383932202867,261.5087126237479
142,38,140,4.205603476988674,46.68946755172877,311.5720054494502
147,44,142,3.159285612686743,27.249218919783257,237.6808196651723
137,37,137,1.6274146094742887,32.9026057835732,212.7066214370868
126,48,139,2.8857193945286803,21.256655452740368,255.98756812387316
148,45,140,1.2734499994916395,34.12967664240982,102.5106172993647
127,35,132,3.321719454475034,47.85939668336462,237.78465359340026
120,35,144,2.361219278391926,46.55715747216048,314.38140934773105
144,32,137,1.4141141185206565,17.236357207078257,156.2495066049275
142,39,149,1.7345753994735897,28.239047726601807,165.20147678275467
122,30,147,2.382810819402906,24.36009770647582,258.02064616279904
143,43,130,4.225629817168971,31.84765169895811,288.4607719522386
142,33,137,1.6950227849192934,44.180520681727444,361.14919511122724
146,41,132,1.4386568859711932,40.859812497730076,240.85942614257317
148,35,130,3.063756025862737,27.03923672573466,279.45096999602293
127,40,149,3.234787855921059,28.393304034676895,327.4728014722975
141,41,145,1.3609652706696687,37.898924720288406,258.0482958925552
144,39,138,2.137937916829208,21.797880909142673,251.90716346665445
134,47,146,2.0510561516570163,18.5954807050572,286.11554302829916
124,36,145,1.7448864378444613,23.49059624738228,203.36841513333232
122,36,135,2.262552508802615,19.341135097335044,208.3527628010576
138,40,136,1.1484340461531866,27.319448513656422,266.55498223700164
120,33,145,3.6061991318139137,47.814802442079916,416.85079586194485
147,49,137,4.953948580135364,19.210481660880873,331.1718190444504
134,30,139,3.5361870698769953,43.64127502631733,226.52173350706894
127,42,143,2.444305802175145,33.712681100335345,305.3847844735356
121,47,140,3.6716412045827074,37.1516076775279,324.03411842994086
122,38,131,3.286063684094305,20.95288288063287,210.94334327944094
143,38,141,4.387031722349379,20.298065901516306,369.9685419842544
133,38,149,3.487498243928002,20.69602868841337,267.09691697310984
143,39,149,3.5363054184849947,38.34720067371117,332.51818832769374
133,31,142,1.8866567530919736,41.17258933596052,92.93807310223008
130,35,144,2.662508954150373,47.208573057483164,286.8567146948047
135,44,141,2.3776642410227087,28.936732343349743,268.14971958659254
123,32,142,1.045700749615004,31.168928443504903,194.07321531162825
139,40,137,2.2531229175562455,31.435825559853434,256.8573769956015
124,35,145,2.944248497291801,24.44642659752985,182.61223475238495
141,32,132,3.3993945328403243,26.48814291253988,217.44758126126862
140,40,142,4.738275786841822,44.638708262686464,397.6690318827621
133,44,141,1.9564550374392655,27.03027646050726,275.95850402656566
142,42,148,1.6097159644342334,45.41836356732198,238.08286663035884
135,49,131,4.4777827559958325,25.68436990190686,387.56729723319734
137,39,130,4.76738997635379,26.89591068899276,262.4135918723394
126,35,137,2.9518169943243375,34.609830512261894,267.49326746299687
129,44,138,1.460866245000208,18.609439650012906,175.5226504027108
126,47,137,2.941553197107885,47.27217935081732,281.2647435538748
120,47,146,1.437773308413075,43.71399435234817,198.39556474856704
142,36,138,4.53274231480265,38.467633962765206,398.7728089790361
140,44,135,3.8326004184649998,49.58437547943444,425.3488997985337
138,47,144,1.9645480708400158,15.559977647141572,265.6043117466886
135,47,142,4.546762773267147,29.3871110751313,216.07738596838095
148,49,141,3.551606916197277,45.0420070416086,375.20227247975043
138,38,142,4.813053346883474,30.155604792089697,449.18296954846596
123,31,136,4.921919396042188,15.183446788324472,255.96202980212252
148,37,147,1.0131271569428724,20.52139404585839,195.90980998256433
147,49,143,1.480856836110183,30.192534433536334,347.9705020698552
137,31,140,3.187689323227343,38.37817513334532,308.68936426241
121,40,143,4.8234114978691665,20.69289939346879,344.8393032297134
120,36,146,4.976934542038782,30.681507110442944,299.5926490511191
134,35,131,3.26963174121408,15.447598820744048,169.59868131083584
124,39,148,1.6952059557809211,31.712518278200406,283.43732253260134
139,34,145,1.6522000800348247,46.35735666837115,293.2446111623974
130,40,139,4.0554310324565535,35.88688110332565,267.33598356943247
129,30,137,3.367750714825191,30.42294709295092,234.85235095443977
121,31,134,3.195095595731052,20.679076749301352,261.1259007504447
122,30,136,2.8630596932020653,22.08464972307791,302.45136197190726
142,48,142,3.9005385063267264,17.67784825245277,363.38630327430576
142,31,145,4.432216716025382,40.984386524621,346.4984318682216
131,49,134,2.211832324782545,17.699734715118257,214.16229901520632
139,33,145,1.8836710687035625,28.438209005697058,230.5513574282204
124,41,144,3.6807966652597695,41.24456427294642,329.7971159412216
124,49,138,4.658929696219813,39.948794479472326,295.7733929144453
125,47,141,2.392629760576345,35.213625830484624,308.0945417849026
149,30,137,2.0897928767096614,34.995770694412386,247.65878670141424
128,30,142,1.904458520942478,18.161482810216715,293.96424734096877
121,43,134,2.0179636307865234,21.12203451140715,341.93093343158773
140,33,143,1.5397333718412578,33.71605599875238,212.05956544505813
131,34,145,3.387112910433414,27.18281148894529,314.5389962866271
122,40,140,2.123304274645023,15.662798538266866,303.2853363755449
139,42,149,3.4597774466316182,42.93583565077073,271.33290302714755
145,45,141,1.3321293980502724,37.88346434876239,304.86126329036586
141,42,144,1.4618271684715163,26.402491333418382,262.45715266235493
131,31,141,3.1445677111877783,18.43718190523309,192.45833754097077
143,45,138,3.046123777904056,35.69202662247122,382.2057877664754
136,35,130,2.0860397069515546,27.19923489983258,178.66395439582243
129,43,132,4.30852340648217,23.93862679528499,285.18322106158337
149,30,141,1.7481886594701979,40.25142385556556,212.22196357248066
143,46,149,2.4426444967327443,26.485252136730253,211.21198373997956
146,40,142,3.2220468242896088,19.76169720589195,234.97046167131032
133,48,135,4.468844410061458,31.85788117403577,334.79098780156056
142,32,139,2.6742039006671066,43.996302588732746,323.0763508268151
136,40,139,2.5944038217636174,44.73805744698696,387.0728622116725
137,34,145,3.3181497121271786,44.7270107680122,279.5497821655828
138,46,130,2.266781661851585,29.73219437905186,358.76617952902745
136,36,145,3.836693012638358,42.68269739338022,262.2459058208165
133,39,133,1.994783762668019,44.7580768787911,293.6917394665117
128,40,135,4.292783987760849,31.083837356742627,391.6223632960098
127,32,148,2.0894136525338447,26.15587861221328,206.43324303284015
121,49,131,4.970804649162049,39.56875913837078,348.0772441966515
132,39,147,2.2658498973105705,46.65642453245982,144.7303334241233
144,39,139,4.515304554620791,49.02533697935793,423.34152286034737
126,43,133,2.589423816424229,25.15786819870044,183.4276522656436
128,41,130,1.9842193681237212,48.4659869646101,338.0851820413693
141,44,144,1.904653001841421,32.47487863476226,295.72441156820867
141,39,139,4.400765127399513,25.711214650534316,365.896594664571
130,39,147,2.235011945251507,49.593933857823515,304.7337350404176
133,48,145,2.354252035838988,45.723279129334536,489.2938452465607
123,30,142,1.7879722233557622,39.23458062463517,309.8948425742233
145,39,144,4.845298872464867,46.32297805425739,485.9995749922173
145,31,131,1.9789757623953204,38.85207554467209,301.9130929857243
148,46,149,1.9897744759264482,30.41413294547332,222.39835334799622
132,36,133,4.775591561018784,48.18173449689018,336.24320952442
121,36,130,4.603595419980731,48.713668720063254,358.16926678647974
142,49,136,1.9956435327196407,25.996128405140844,299.64400699885397
124,38,140,4.458902278071957,27.403836709716572,346.5199652867816
130,31,139,1.9992928523444675,28.39521542678916,224.6010267050141
125,43,130,1.3378566594114978,43.77510831010345,344.1210506212748
137,46,140,4.281445393583301,42.690097779508584,342.2705046912336
140,30,139,4.086232631261145,49.40902866646448,350.1575092670065
129,38,143,2.178668486765886,31.282478696132603,226.66681835885544
123,49,143,1.3605559404904373,40.786848292365825,345.5413501390443
128,48,136,1.825755537908591,44.985216444591615,250.1568545985706
125,33,140,4.084226283625862,22.743065334689184,316.16165025917485
121,37,133,4.858991259769707,36.71943996290713,377.25870137045257
136,42,131,2.036008287177966,34.169768673901956,376.4545671346454
124,33,136,4.273035204141797,40.998945175014,120.2987265135585
144,38,148,1.9117306293486176,39.33997939161843,234.8425089079576
125,38,143,3.7184015673003343,43.44774137980731,296.48960732807694
145,47,148,1.3344538761261053,25.890081662301238,247.45285738248393
131,41,136,3.34118256152904,22.572473708575792,279.38976136012525
142,39,141,2.0767595647788726,43.18195558175988,221.8643597379192
140,40,132,4.703383794934628,27.61972008595305,247.55542576144853
129,36,144,2.1590035551158144,25.065074527430248,216.84739650992591
141,38,134,2.5937627794492264,26.788648393440432,274.73621624135933
140,35,137,4.362716444618323,17.32238968678596,337.079394748455
146,48,143,2.753098330187177,42.06005211550436,329.29604163569724
144,45,133,1.9536490071796737,40.0305880489028,277.6080921561447
125,44,136,3.1901772835771887,34.3442358840059,243.70040005579935
146,36,136,4.359964782599928,40.06297429675233,340.4348113870404
127,45,147,2.7327104480186097,28.059660836190332,266.882150616587
121,34,143,1.5315539568194705,25.337917663863283,256.1747314564818
131,45,137,2.5323476524580673,45.180534627185104,284.30028362320326
132,30,141,4.817900532376766,29.78590996012222,323.3131814434144
144,48,139,1.2880864814630888,21.856926012464154,188.34563188726563
140,34,143,2.6337806897920792,41.21653704643195,301.1412014592967
126,36,138,3.5921151757606617,26.755514900016742,226.7867732223944
129,48,135,1.3140709048472914,22.414795531490448,224.33875374854213
132,34,134,2.3798101880122724,15.95249972005622,247.0426579313545
136,46,130,4.762313415761053,48.97106153985102,305.75090029725186
145,37,130,1.122542768824573,31.35512843817185,234.89707433000163
140,30,149,4.006967518023773,20.66152555597789,206.71892392811114
147,31,146,4.365499864543985,41.52339058427553,238.5243161112357
149,44,140,2.1082429016710007,46.06778948162038,323.56444648228154
145,49,141,1.858857478079249,33.47887974096014,228.21009553456898
133,47,132,4.659283574344828,15.992581057458976,287.7008167533789
121,40,135,4.056006781922898,27.780003649043593,267.9345083218647
147,39,140,1.4535228384280092,23.50855724711161,242.16590617635413
141,33,142,1.8487890220656116,37.273911444958756,306.07987599182593
130,34,140,3.485420619970218,33.1600230613096,270.69657138786675
120,33,137,2.6776677155875697,27.450789530643462,251.55466648002275
138,42,139,3.0166974817515992,37.69767983250381,346.70411943033366
140,42,131,4.80616974040907,35.455024873444046,197.30363500391041
123,47,143,2.6809418527678957,46.72715435610917,342.098883989651
138,31,145,4.526727983257076,35.8881033298029,344.67725513563585
145,45,146,3.642978874642293,32.76991596490711,261.0462818553073
148,30,140,1.4864778348542247,43.82845294539218,184.76916948734834
140,48,131,3.9780281465908787,22.084688424122515,313.1692624881057
130,38,134,3.080836295825259,23.52476162436718,188.1421559021435
127,32,145,1.9003890015679543,42.42505972877967,308.76120542532294
130,36,145,2.1581972923291923,30.482257946131845,278.18863112302466
123,39,131,3.229329699003005,29.323255173237463,193.40025241904704
136,30,145,3.406809960583172,46.047728406723174,233.13791559562796
146,39,134,4.87270561611792,36.353816200257384,297.7591659270809
126,38,137,4.418880545642374,43.10181991399364,248.00637682191007
127,44,149,1.8233571479811048,43.34436047133902,290.86584737106796
122,44,143,4.095968282268582,19.200933040911902,231.46640388724776
141,32,139,1.0331672326065822,37.879583876439625,335.9302504183202
121,34,131,1.519233844660576,48.338071854712844,256.5088569526471
142,38,132,1.7988016642651328,31.8009481369827,190.65890732275233
134,38,147,3.3887974106365517,40.62638489328173,343.2720417052608
143,36,131,1.7787400252007468,34.83565149805795,285.0192551694271
141,41,138,2.4610917681412285,22.169609098434,183.51115290784088
141,38,131,1.971119128568318,21.83177760016181,229.92999136875784
124,35,136,2.3496664975198533,30.184160781509036,276.1462100855837
143,31,136,4.769805778936264,31.904670083329833,319.64501009328865
120,38,143,4.989505410381721,32.609635492626495,225.700362648882
145,46,134,3.742888425056437,48.42502651258934,328.83982237659694
123,30,137,3.2892314858227234,18.508909044811677,299.0946458404905
134,48,147,3.8337913832651327,28.318435700424,276.76561980418285
139,35,135,4.0866088016756335,33.009160229235704,426.7510746716006
138,34,143,3.9560509744380576,48.708945879031575,236.67475869021166
122,31,147,1.3275701128000192,32.65101859524634,210.29256772816225
139,38,146,2.241173677147096,42.13465020423129,215.32852175976583
130,43,138,2.373725527158999,41.22473378147767,332.8738059492707
136,33,142,2.477017896600565,34.82554172999652,330.22682665405773
149,33,145,2.377255114606168,19.574608569509415,288.63202644796024
146,44,139,4.14836918980131,22.65655484853911,148.04360876895475
132,37,139,3.990418671537513,23.404909051752544,382.62705541774335
130,33,133,1.0184012115706071,16.353087667929685,185.3890155746532
121,45,141,2.185526093978876,28.272630345022677,252.56707410816492
128,33,137,3.4946545911413023,36.36798028316822,326.6246507995879
145,45,144,1.4810624879551981,20.04932045586427,222.53085626186274
121,41,148,1.2847931779421295,21.126260342953195,215.1537199661696
140,45,144,4.313592477993927,39.74452149409245,310.9792435334166
128,48,137,2.8107370886882763,20.92386860843973,298.5563129924489
128,37,137,4.422749471683414,19.73674521666348,301.90568479800567
127,35,148,4.294210908706262,49.224466025974976,310.05463656334956
136,39,138,4.573482088562343,15.515734826023477,262.5715519847431
120,34,146,1.1930982542425883,26.389285927402696,298.8169503901276
144,47,137,1.7445202644335382,16.222783148672473,293.3973335759131
148,39,141,2.184572657605682,44.331686775810496,269.6232750598022
130,39,144,1.5449215513514405,35.423749999364986,225.72064457868802
127,36,133,2.941879283142857,16.678314851283794,241.83794330796138
129,47,135,4.195907560156234,36.53767539095201,299.0757409011085
144,30,145,4.804727243398818,19.30837374216504,178.34084499122645
126,36,134,4.558296537905864,32.35064127027195,356.6519045289161
122,30,142,2.829346720063233,38.42945200898792,292.76928342578003
122,44,144,3.545964405483809,20.197746149191083,206.7440789425927
137,33,146,1.9227844937946115,32.39676427110892,138.8273293193734
124,49,149,2.6120359997276794,31.009382517696572,237.82439169689647
131,39,134,4.484730381680013,47.05126669231476,338.61610519118176
131,38,148,1.1167900880779231,49.84954881013569,360.06924967821567
138,31,136,3.1310370905738973,37.906605632110754,375.345890982631
149,43,132,4.491193191596086,44.92007044671494,316.8423478283153
125,45,142,1.4880394954030418,37.64086851029268,294.51205247635824
121,30,143,4.930184807804488,45.67001894008454,242.61740221727445
131,31,145,1.0495658559246768,30.16452181644042,250.3141072169639
138,36,142,4.544480045852657,36.279645024177256,259.5901002376038
124,39,131,2.4146902975798676,44.58093331037064,208.45822866481663
131,49,143,1.5307623267110508,47.13300020773211,316.20931450117484
146,30,149,1.6294327010181404,15.863895666101415,238.81776553254684
146,42,136,3.8047148734170833,18.63834423006406,328.80878923558834
136,30,134,4.482878706623776,47.59102214683444,336.0853085850044
148,34,143,3.5642654152271516,34.8978069407086,149.01612074108192
136,45,138,4.714899885443012,49.6567232876852,238.41615009169055
129,44,139,4.369915180227596,42.74215649509105,365.20192193350186
144,46,136,1.0361272277626017,43.63490643101005,291.1618901702858
142,45,143,3.677718657720539,28.51428776778525,316.07483462609133
136,42,143,2.2185387548571702,24.013948574224965,201.3696125508252
134,40,131,2.8180000468816404,35.93907108936581,283.11037657510946
131,46,146,1.376122992536907,45.76612345222497,315.2022738166323
149,46,149,2.1283966474866016,40.39944780479099,274.68796395853104
135,31,133,3.53074386973003,31.526129906088077,321.83580898635154
143,42,142,1.873528521025296,41.36201666143634,390.19003462123584
138,43,147,3.590146673084772,39.16391681226582,311.5657700639376
127,40,132,4.69212868318669,46.95679987167252,214.61810493732594
140,39,148,1.019761220019829,24.22450280960262,273.4399180745369
136,32,134,4.143082878919433,19.17590107399534,195.7457119302286
142,46,130,3.565275520652753,31.451790704029232,234.360555411415
124,44,138,1.186531050935169,27.637828380175293,196.38427283840863
141,38,137,4.1606685489808815,49.120140147344244,330.3102647951238
135,39,132,1.8980841405485243,15.262646568318877,217.94119053457044
125,37,131,2.0632821628904994,47.66840716929286,241.85320382656332
127,42,130,1.3740627298774934,48.42777278749874,214.56111944360805
144,47,141,3.1375192613730376,16.78354318689596,418.1603576048385
137,34,142,2.9928949610729068,46.134944790098345,344.93920631809294
144,35,139,2.388698025345156,31.4772593871005,278.58662525368345
131,46,146,1.6750152310670923,41.815275775885326,305.95430295587767
134,40,140,4.351814217996264,17.77394358972316,344.8356182328064
146,49,134,4.505513720270686,48.43219579413282,252.27464648460028
145,45,138,3.1623184428546884,36.26419662689225,309.71108425090017
128,38,142,1.9769013343975126,46.45430061618403,304.5531473606727
132,31,149,1.3844402627947359,38.55370829734815,183.85035852560918
145,34,140,4.474176669966251,33.788360291974286,369.02244904259857
134,30,133,1.3842108783582172,21.037348951425145,177.95724937179506
129,33,140,1.0527201509978052,21.228394557308015,248.0913714602315
135,33,138,2.877590309354555,31.539960218356022,326.45331593380683
126,32,136,3.925084087917337,45.4654775474482,425.842292317824
136,38,145,2.8301480179081624,19.032653725864968,205.48727177420974
142,41,134,1.2056424279461444,49.94348023690103,304.38698659763173
145,39,135,3.7601164536872913,45.65692897755248,315.4418228032322
140,31,148,3.5693304822314036,28.73955697326287,223.32797147100638
141,40,130,3.72611892449822,23.85914157652178,146.0190852169988
145,39,145,1.8448099653961978,47.2698633307979,325.72689815459825
126,35,147,4.182793636580796,19.31240667328225,361.0213153837346
133,47,142,2.9166728469925336,27.15514773967076,385.2559168155368
134,31,130,3.145411242361761,17.936932197289778,213.86594268811564
140,31,139,3.1833200386169964,48.371179790592365,350.39710173815064
126,39,136,2.147225748284804,36.616803203638554,218.3608171708438
128,45,134,2.0005364173481692,26.76628756357036,298.9905418892772
138,41,142,1.0190645219261456,24.641910787963795,281.5462856869866
135,30,145,2.5864413682216014,30.543300274005865,290.3755915917974
127,37,149,2.940411935756262,18.19824669525448,227.98652298449622
137,45,143,3.9712149826211944,46.12721255812288,282.4490215983375
146,47,140,1.2665078437772,32.88291319327544,333.61270202740894
142,42,148,4.695957649594845,40.378434363915645,347.61612534617177
148,44,131,2.055833872988166,23.181104459305125,279.58051958267106
137,41,137,2.4668827605129913,32.631224130684075,323.4309728904814
149,37,142,1.1934498623810472,22.388014771443455,186.93508553570257
139,39,136,3.6125456432724934,43.5633115117209,269.0413061925773
126,43,141,3.8356911895594674,42.13462534443637,362.0134068095816
122,34,137,4.715164869159063,20.18708134687398,272.7694099773091
137,47,145,2.347316013260915,17.607741525762318,187.28088487407786
146,48,147,2.029474919512934,43.84688577941519,281.1947161040188
129,44,148,3.9043460142834827,18.837676665874234,276.889886472156
126,35,133,3.8272035537717115,34.19693932398674,485.15462129866376
136,40,141,4.748496231413547,33.707055427599244,403.1343840331222
133,40,145,1.8212744969331358,22.10304238462546,206.83240970718307
143,49,146,3.8211704907781407,35.6974763059674,268.52002048685483
122,49,133,1.267474308757417,32.596432261261114,166.37078401179897
131,47,149,2.9214724270288746,32.821622783059865,292.00433530418655
147,47,138,1.4775631090628334,27.58949917486342,200.75710047470216
132,39,134,3.6125839523778875,44.34499949238085,271.2425348146278
121,31,146,3.405867046766743,17.952969700388728,229.56125144084126
122,38,146,1.1953317345189145,30.351806674703425,392.15874201127065
124,43,131,2.2784712903390245,24.093572535758188,340.7016526362631
130,48,131,2.580134529107011,44.69516381867635,214.21772807477916
127,39,136,1.9922410780518578,22.877816941839374,213.6521805543356
145,33,133,1.1546801760752405,41.845868824803006,296.825872965112
142,35,142,2.2752875844242353,36.40303628372709,229.18537012718699
142,43,149,4.170499605803315,45.617658938301034,365.33015986261614
131,33,140,2.4404363543665704,35.782788002237695,340.6589052365178
126,44,132,2.293479020937413,34.47695282412299,251.7407192171533
134,45,131,4.767012551646339,43.03954788535296,386.0797359491098
143,36,145,1.1665228748580052,34.68702632743806,279.1548327631785
136,46,132,4.069152782567932,44.55897206430133,208.0968909407167
123,48,144,2.9323743932574,16.726131043319114,248.716820754988
148,48,146,4.777850030042163,32.33024487811834,295.5613882027099
141,46,145,2.573882976653567,43.444202968221,288.3950282484417
144,35,149,3.832169348022087,44.692780142043716,342.3817424773534
132,40,136,1.2797414575620594,44.19193820932785,322.7779067379394
137,45,145,4.715089702335524,36.15334618640473,315.53998412239355
120,37,134,2.3781706671943703,49.788996974903554,321.4326649574325
135,40,131,3.096018303137146,21.348520773198842,187.62741393491447
132,36,130,1.5539264350518684,21.106015278563714,177.61944190077466
129,48,142,4.782231484880963,16.14879360835779,224.15244232698382
131,39,145,3.691881615719574,49.62680116894679,223.133747371874
149,38,134,1.215789907344449,27.18071776444848,243.85526261172174
121,33,132,1.6208271167171335,41.67189628385695,378.7546358505108
142,44,144,2.599335990570599,17.08986094714178,241.26977797453188
122,42,145,1.867084049537087,25.45408372154848,276.68204592663903
129,31,140,2.2185022780653223,36.83465694882156,316.27502966809345
121,31,148,4.989964643504706,33.36730336347428,210.99972440336515
149,45,147,3.6345947885992103,22.271188389356006,429.2114990377262
146,38,138,4.688870409257808,31.155751947726223,286.53992589991327
142,42,137,2.743193499417316,18.80736971551461,279.39421209367185
132,32,148,3.8411291379622714,33.99462152873264,284.7931219128682
132,38,134,2.8387611686451546,18.392950506927455,242.46791119003996
137,42,146,2.3128981714200965,37.25774101458295,293.11769502140237
122,31,134,3.076692586004225,20.437515232807414,309.0444662755655
146,37,143,2.7092441671499468,34.14800622937855,205.5828895245711
126,38,136,4.922162594722774,19.519223793812678,266.33739098506123
133,45,138,2.9846656208656035,29.02486517850368,238.2551067166982
139,31,146,4.244452531595182,27.314104067526067,224.41957798339197
148,35,132,3.667277873183394,41.47437449415567,279.639657775897
149,37,137,2.91850894886969,37.44065756149915,367.8237481828153
136,34,142,2.8966002898653445,47.798108714104664,226.58642136342394
148,38,145,2.3675604682481506,47.26687281831525,295.97661873490887
149,30,139,1.4279272305282245,40.3748609996477,228.15602048423597
140,38,147,4.045877315749268,41.97050092064271,348.9990315704623
131,39,132,4.672379172802156,36.87193458019796,334.4988027665222
144,33,141,1.8718194186404706,39.20821307606518,354.74447101702714
135,32,145,4.702693975716789,36.60278290217,280.13702159936906
143,39,147,1.9292168722331127,25.911776095548692,301.843966985866
131,44,146,3.1203164079351007,27.27413538883132,269.82887604747214
134,40,136,2.3744879845085514,35.11568397893677,159.5492502508456
144,43,148,1.4580351436490329,40.20619245881856,172.11384719999694
129,35,137,1.2113534998221893,29.214166608802167,218.51943474559326
149,41,146,2.4613861285769096,19.99337302893641,282.0831247768606
144,42,136,1.1893754581977598,31.079600892341233,279.9276983431835
126,46,130,1.4168257501514052,48.71157371872695,237.56295426790402
139,45,137,1.5691903151919369,22.493040377108095,286.6208103750109
124,32,148,1.0076628247159962,37.71741804362779,263.3184587314703
120,31,149,1.6130088633746138,49.38896293572824,244.37157063982897
149,40,149,3.3091147215134984,28.168320181122038,258.36807889817925
136,38,139,4.278092488383746,46.075926309456094,325.6882133487324
122,32,141,1.7737198376322794,45.24030510116074,219.61958238689135
132,47,130,1.3234904153900011,26.866573565882128,237.87500267773612
133,49,133,3.9180567937434887,18.44810637905209,365.7583617654027
143,44,133,1.0326508458288641,21.248870409837476,276.3838747863706
149,43,138,3.936648408145525,27.80122123355094,290.8595271932822
137,31,144,1.5244689434675252,48.56970081308455,275.6370049953907
123,46,144,1.9131402484776139,24.605755076683398,185.41293512575442
137,37,136,1.4802796435521182,47.4402661074508,202.84670772965933
149,39,141,1.989352628205578,21.347763996599006,145.69969036144235
124,47,132,4.19270375384718,48.943434899192056,301.8482944650302
144,48,149,1.530176420500303,25.2761587389299,319.5365119940485
135,37,138,4.976662529174136,37.158229220442195,329.25237335203354
120,37,143,2.3083911043911676,17.439192856468654,254.77369015870084
140,32,142,4.687872502033315,25.48824599155602,283.51040593540773
133,32,141,1.7601323193421865,22.374864223243435,200.49412802638108
134,41,130,1.751590079777607,15.119583403936229,179.31697613347384
128,46,148,3.261342732172295,20.486942570106347,273.91259395001316
134,33,145,1.2024003396187117,35.75862774430168,344.43730048249415
136,46,141,4.204011590542372,28.64720606216306,315.30520266333974
144,43,139,2.7584610026722154,40.289984348000225,281.4692210116921
143,48,131,3.796785893411418,38.487611010745255,203.24575161821704
123,38,147,1.6985288139840775,42.975482815277154,210.23777758641066
131,41,142,3.5694294031447615,45.34587580614202,295.12679431550845
146,34,135,3.3762826174067744,43.69389260932816,296.4569810632019
145,40,141,4.022645007671775,30.682129390143466,189.85354832350694
124,49,133,2.1896051706038824,25.80547056279277,176.13983786273556
148,32,130,4.732662299886037,32.58058620389651,276.77743897845795
124,44,140,4.845204277582928,33.72949773233147,264.0538027288132
130,43,137,4.4724944448854185,25.961108092966114,335.12277649589464
147,40,131,3.288135064642167,33.900229079891886,267.0238069846993
125,49,131,2.681153082645402,18.702287825762106,194.8025077599683
126,37,145,1.2319696742798194,23.08646282553508,167.92082366831139
143,33,130,4.7889112058439585,41.11168304116944,371.74793901046337
133,41,133,4.8071253747934675,21.3991279913309,297.2528119615735
143,37,135,1.0747538199187354,19.866324688519004,188.71053958117932
130,35,149,2.4275501865628804,25.057011696226724,172.2400974605286
149,44,143,4.520145473033047,27.98671908664386,343.58778427405343
132,41,149,1.3234081321584732,26.49920395568754,198.9830854045947
121,45,144,1.7862655068408295,28.111188470254167,339.344024487386
144,45,136,4.914709267278363,19.896932001416292,266.7118800924628
126,49,136,4.389155248481394,20.788830529100043,244.08318638001276
139,49,147,4.648253976335054,23.254224285915107,251.59844600587627
123,33,131,1.5686176746212688,29.069720610865932,263.54142714332215
146,40,149,1.8452638358673799,26.75646855664528,306.70730883932913
127,42,144,3.421666337406996,42.696722599931334,220.80863559246694
139,38,130,3.0069528840107966,33.39312696420766,209.56086996851235
148,33,146,2.1940135621881955,35.14953594661474,300.8486875641882
141,41,149,4.535385198948985,34.62075270413651,318.80816217375843
140,38,142,4.605554462142292,28.95712704968038,324.74077291665674
138,42,141,2.1667360405864446,49.31691545752518,284.636098351077
132,45,144,1.6230125623677591,16.3065072000923,135.46810549235192
133,35,134,1.596369683081254,22.554322233842214,332.9701663571114
129,39,136,2.9377007815677563,24.962914452927564,268.9810262488841
130,42,137,1.5316739816054117,45.84543233350284,338.99849763319344
121,36,143,2.893360888380901,47.16041975314542,286.6466993594554
144,48,133,2.8477362914394297,44.61363369350387,367.30774624155686
145,48,143,4.536440852822628,29.59328433757912,315.85181411898446
128,46,139,2.184841759200148,47.01183614090619,290.0102571650391
136,42,145,3.24260983456391,18.447783367766284,244.3288154361377
145,42,140,3.9739994571363857,37.83521450988067,303.29971750941223
122,31,143,3.3836591801996256,47.80283221535336,252.160100190121
143,39,143,4.816271379920548,41.42149440252355,312.58510590138104
125,42,131,3.40910992199908,24.72535090107827,336.8370888236854
124,38,142,4.607448713880448,40.11270362187945,293.4994741726432
124,30,132,1.9802255570149718,25.31671793469323,234.77100619259852
141,43,147,3.2430110911177454,18.90537399735252,225.485312986846
134,45,133,3.1732237062666178,40.102753684181565,336.1328943861214
142,49,148,4.957808440560334,21.272932529988132,333.2004964517011
136,44,145,1.818025253596494,18.887272858549203,289.46972450507496
128,30,133,1.5639735934639099,34.311601912697014,250.38612792626682
122,46,148,3.4466883105216817,36.72188406257985,266.8030556380652
139,42,144,1.8947685733282533,16.78696995597489,233.19952569114827
145,44,130,3.5566213826011595,15.156411079969784,286.0327573061443
136,45,145,4.889956354078203,45.87246156376031,319.4551516797717
148,45,144,4.78602398158983,19.033839633706503,253.2835115431207
146,31,145,1.924412098575992,35.43643184798793,259.7034943129469
129,46,149,1.6835853928485958,48.374118659731195,229.54377554589814
122,40,130,3.242957148650183,32.9168540568647,290.2435094824896
137,37,146,3.3471091528926005,19.89293032121986,216.06127471937546
137,49,134,3.649000285522601,28.771957612774024,230.37907011279196
149,32,134,3.9659637039472337,36.8414751745569,215.5375188689435
136,41,136,3.403829242688017,41.69938729742219,330.1360941509452
143,49,142,1.4470120148786512,36.24282980996857,272.9928465969835
122,45,141,4.160631882277791,16.201050707559425,289.9997982554466
122,43,133,1.318068738098504,20.008600284273008,213.00118088712472
125,45,133,1.0799707448687683,28.013059107824773,178.32587642748658
132,46,135,4.078632786447506,39.699978986409256,276.81926170413954
143,40,144,3.1934296977427032,35.45147912315216,363.944811736609
148,46,148,3.794365674346093,16.564324425896785,171.10760130993108
134,48,135,2.530989296830395,42.89100676613609,264.6945367704729
144,30,141,1.04436997409797,36.17935509745175,233.7263019209314
128,41,143,2.3240613965241015,46.05025124253225,364.1504282027921
123,44,147,3.4325409316925706,29.617858456777743,246.02342095292744
133,47,141,1.902812281880439,32.15706232931416,197.19105666696456
124,43,144,3.7512173345317255,29.194276937239355,198.12764338940624
121,30,148,4.17760403956778,40.28590853281562,345.9028389875048
130,42,137,2.8170679934622367,41.32457995515485,266.622728876321
128,44,138,4.50288519227667,40.31348379167682,370.7792711506149
143,36,134,4.419266258276472,25.205975494901814,384.5625547006252
122,44,134,4.512231811167335,37.261103796510355,347.02526653312907
146,49,135,3.64414813062734,26.848485815034543,159.55274477870233
147,39,132,2.2191559986943195,44.197014415253435,309.5204177815981
148,43,134,2.925005129486288,16.929065680194537,287.97774707826443
128,35,130,3.8420425981243653,16.32022634423549,299.4099566982789
122,43,140,1.842254613050291,18.55979485899076,121.73000163621725
144,41,149,3.9553740370181054,22.08271180621164,279.42782480606354
121,40,130,3.192354468372161,16.31723756797269,186.75685243590408
131,49,136,1.3840697611342532,17.506584122397143,170.76587610810398
129,48,144,3.229145308000669,25.711977245712653,342.4569286946283
128,31,146,1.2671045528499332,18.49267386248395,321.60056158831236
134,49,137,1.0572291401864882,43.07258218361768,314.6402786940529
127,30,131,4.558510679629138,16.885358613622074,252.17048026520922
144,37,142,2.9596644464179787,46.777530640990264,313.23952188942707
124,43,141,3.173158620161299,45.479384037934096,309.06492333721195
130,38,134,2.1197510865210676,22.2934528058224,261.8018264667335
146,31,142,3.170978877829974,17.503446846922248,216.39657176637053
121,34,135,1.675474768598931,18.69372658045031,253.12511198748888
143,37,144,3.9825831895381003,34.56808828325026,323.8972564067889
147,45,140,4.2933966416155425,36.03205089947074,382.3529075234819
134,45,133,4.423503119677042,26.04539751265309,335.2348671024164
125,42,130,1.4266108697117201,25.389178390388025,222.32483648270144
127,49,144,3.2310176013791714,33.60254439702348,355.9840392893568
146,44,141,4.235003879376132,25.69698154235163,330.6549707136374
124,30,138,1.5128659528495532,47.701182310601595,244.73243693433224
135,32,140,1.3980896326963066,28.392112261608137,347.86150291748316
145,35,134,4.267767994680083,22.693481207108544,291.1290428402369
137,43,136,4.186944155564891,20.108769628794278,258.9481130163881
125,33,137,2.7947725478538716,37.1097867687464,289.04587328791024
124,47,130,1.4388446754402593,26.433156558761553,296.78369768672496
147,44,130,3.0644926292678067,21.607819140467114,275.837860519466
135,38,132,2.5792128000186647,24.653543362224767,221.15869306520938
132,47,137,3.0741897241760507,25.775855057115855,336.8793819875391
147,32,140,2.7595808081023305,36.904171483616054,333.8726018267668
124,39,130,3.2740576535635566,21.113852508926065,265.1299759512655
132,46,143,3.9085188740531756,40.64813177905029,304.33772187508686
136,36,130,4.099439614603434,25.670879382776203,200.72859881619985
137,44,135,3.5959287929513764,32.090835672112306,239.92474062022393
127,30,135,1.7957624601855708,37.91936534534855,240.5585426180988
132,40,132,2.5884921024204766,34.02670375181694,274.2452031561699
149,46,139,1.2848961149428866,38.17817396842403,171.1514901498993
148,34,141,2.806694912300686,26.29084263422544,323.26658703697063
138,36,139,4.881357650899405,48.72074717427501,333.668534791779
145,48,131,3.566922830364043,31.064640256312703,231.93338560358532
122,44,142,1.6184500586539876,26.26767634294346,324.28342356359036
143,32,145,2.0743106391017303,25.373788643316214,257.1444441774388
127,44,142,1.2582945852101872,16.49432393798269,152.8203990274086
121,34,133,1.7296555606078639,38.968205415784524,359.60696704242986
127,41,133,2.9513665739111112,24.18803470003897,224.02756987522648
146,49,140,2.379425525714531,48.562557221290184,309.25545709003256
132,34,143,1.8158492692350667,22.36556608818771,255.53577458195585
132,32,132,1.5863936542514243,33.53219177898797,281.9108567363305
120,38,148,3.624284467908824,40.74147449420485,348.0348949819249
125,38,130,3.2324095074914045,45.45403531873526,244.3923141840557
143,36,134,4.370561248859472,20.476131248777925,249.5715329098439
138,31,146,1.7330115429110138,49.48905391739616,337.2731288802973
135,45,130,4.391941839712985,46.73621448611887,337.99276918010565
127,38,148,3.3116446902394245,48.69974181796363,320.6769616603556
147,42,148,2.0648927759188624,44.84347658395738,260.47840456583987
120,48,133,2.094212562274045,45.71842298117476,267.4195424799372
146,49,148,2.5615215605754096,35.9590120569607,187.3345509934614
146,46,135,2.840508866667177,44.58585220910838,245.87286149761806
135,35,144,1.3300203389475307,33.6904675252154,245.75372265507588
128,33,133,4.367996662665312,33.83760097146077,397.7867564650584
132,30,130,1.4861642772967762,34.690303216534744,276.8773054460702
130,47,146,2.9338393721195266,49.871127371606875,315.5625785080166
132,48,140,2.531872932763687,18.6538194048168,292.8604989704446
144,38,146,3.0491483372477712,43.196349247353695,281.1254986782103
140,42,130,4.549930068272689,24.565938309275865,275.62084298833474
129,37,138,4.9563533594244245,27.64294789092098,269.67394836151595
123,42,143,1.0810854907310334,17.81866400571098,194.56504444890209
146,44,144,2.5729577269007766,27.305082348442436,262.01408935957693
125,40,130,4.270442123668975,49.67669439978479,301.7330110186144
147,41,131,2.306411521047908,28.897424163981242,299.2886955216027
126,43,147,3.596144703674087,38.43907719902863,222.92147003820412
124,33,147,4.9690368150658415,19.224961585653826,352.0099435372564
130,30,135,3.5870851552637752,47.2874023412037,395.06943078799264
132,33,149,1.4447655104930757,43.97108829813796,317.44430871328393
145,48,137,4.371727827815942,28.52030064689313,286.9289531994655
144,38,130,4.8666297491701185,27.196216643546794,244.26399259019996
138,39,144,3.8500336851954704,30.129345122972897,283.2199426657352
142,33,139,2.676272399372281,29.044036399907455,265.60765235930353
129,49,133,4.793600701381697,24.031778166176196,222.91974119454602
129,38,139,4.874288060196793,49.67961959581045,353.1702668540276
130,42,140,4.74046697399663,43.36912594966586,352.5625128665358
140,41,134,2.6472760092403225,24.377314082764254,146.36972992799593
149,40,138,4.158830695875388,49.36036803594251,347.7812067603124
126,41,134,3.61671743613624,15.543554831640776,226.71316698652709
137,47,140,1.7188266635423473,30.326417285529605,300.42242318786543
123,41,132,3.142059606708616,34.93198189714261,288.09784878610964
121,45,133,3.990764036514548,16.315531773907562,224.71631337825306
133,34,139,4.583649103861237,20.63630167463305,290.96835220229474
132,49,136,4.4503934816262145,24.03458787648539,208.39794202070703
148,41,130,1.6186340007419284,40.20794701972025,283.6922210855662
131,40,135,2.9521329859408434,47.89102351028464,325.70302193451136
126,38,137,2.91307451784314,36.858728040377606,250.02128637675236
121,47,146,4.594948247591689,34.693155685360225,270.6178409413832
132,32,136,1.0077492365474674,33.78656919915289,281.4317474165699
133,49,130,3.9548541505077104,27.274627743385057,231.45554649672133
146,46,138,3.4745660661850613,43.9700021148019,321.6638980387104
136,43,140,4.686285892706264,33.926860338269066,390.3637490398789
128,30,148,2.827669401326952,23.053611276330294,320.2184880091153
136,46,131,3.6306889995020026,19.789092285742733,212.85128541383193
127,37,140,4.890988121686169,49.49293802016542,381.5633570919734
121,34,132,3.975615051663635,15.611562525770065,261.1679922319604
147,34,146,1.2695358965190695,47.670401049643175,271.30405188539436
143,38,139,1.670134203890698,22.640615541310883,219.05003859646592
132,32,132,4.285804411838992,38.014233643857665,333.4313347140239
122,48,132,2.3391821638946357,25.553638395934595,194.3465256182367
135,38,136,3.8236724423930997,45.093364415793545,223.88673676511607
125,47,131,3.799294933375312,34.0205862763563,316.50338248338335
138,45,130,4.974802093552819,19.93702145936052,325.2333991998589
149,30,136,2.8794908945453632,24.444225015718516,281.9834651932525
126,31,149,3.9513294420236926,26.211150074941582,294.0901932652375
129,43,140,1.1950115091444093,46.00728275365341,202.4355283681861
128,43,135,2.850364082772354,41.83584465471067,286.18005392365353
121,30,133,1.7467261792685238,44.03555594138035,370.26970531936104
147,45,148,4.3622862068527075,16.828826574450837,314.8121896489612
147,44,148,4.359633328064284,35.25737719156423,375.6578346208299
134,44,143,1.9454576828227812,49.971192568012626,380.3728816606095
149,41,132,2.273140612465873,42.481987366865994,256.70321389811215
124,45,133,3.8099111378414086,19.22476884864701,199.7089581559654
148,43,137,3.953063693649068,38.758635859257204,322.12816092229264
141,44,147,3.630526408457495,41.086333731331415,306.3688630483549
123,44,133,4.9867785501046455,32.998692457249305,314.35629917254016
139,48,140,4.474732847940448,17.75636017207047,214.57552957227557
123,37,145,2.66823552301009,16.214018232222493,197.57378312138277
137,31,132,2.3079068861675345,47.82333940337726,311.1095530498401
123,31,136,3.387398991984322,24.012988791751653,242.90061125634708
146,39,131,4.270545343334016,28.26388444564575,177.096448310097
136,32,130,2.9013738949462113,42.83471393449267,212.15135876186227
131,46,130,3.950770427326558,39.124126135110515,322.20570840027517
141,37,135,1.0766401580241696,48.89979950120173,324.6326106416001
136,33,148,4.703360433192417,18.249372007390864,269.3989748113288
129,43,136,4.09533891006181,39.74218509277296,320.4946534754756
141,39,134,2.5767603470565317,17.878009847218436,242.80537818681006
120,30,147,2.5360493020771684,15.005792377540061,193.2643332994311
141,33,142,1.4115472309940214,19.208057916571157,253.75651703658684
145,30,130,4.264614895530114,36.585404689773306,364.8525973893952
143,46,139,4.074518037028738,38.666746235210454,265.8938026075525
146,46,138,3.520998830142465,30.341895534335446,235.26324327415995
137,36,146,1.405825888576138,16.61247484080985,236.99278386992398
137,49,130,2.049365462548283,37.19207868690717,203.17782849088127
133,44,130,2.8356578930584733,18.003611715527153,331.82074710227346
134,42,136,2.063887775056904,19.960421611823918,237.53996698567832
148,31,133,2.7358956926116145,32.94014896697894,280.65513667999056
131,48,141,1.903830162550609,26.913064501619672,216.22817452195667
123,42,145,2.398402015224067,31.26638745467192,318.19380479842266
146,40,143,3.6091875343865105,37.22769162695174,263.98393764717156
122,44,139,4.5694443231187805,20.600246265648888,224.2823683321157
139,39,143,2.540122724931301,46.25803588918527,252.2658852980112
148,38,136,3.76763292464303,34.5818022626184,273.2463980154674
131,38,133,1.5391723455300812,15.773264643594995,234.52108685748465
126,49,131,3.163271911423046,36.995849460685136,197.08006645519657
148,30,147,4.686816902218054,31.211262612091797,356.4955765755521
130,46,145,1.1117432178295337,39.55736890165497,243.56907406160946
120,41,138,2.070229446907234,42.44117680281407,249.05460738844957
125,39,134,1.529974134720577,47.85956986864752,305.7917485156878
134,34,138,3.132485917985659,49.94210279962498,306.01283751846023
134,47,137,3.7185698562853013,34.23659477149994,267.59218066273877
138,44,149,1.2311167682524373,34.65279235949486,249.52056854587815
130,35,145,1.2811376825622052,15.785583784146219,225.92465634752932
145,36,149,4.478516770995622,45.28096657202157,318.28820351820036
142,46,147,2.824932594270033,16.005129773988237,235.75388782522256
145,35,133,2.8518063985545914,37.14326824503647,336.06272121313094
121,37,145,4.778321579832467,18.45019425604805,191.05339865947383
133,41,133,2.280838441059727,25.004351143725977,150.49052988106305
121,43,135,4.5880945881311614,19.911534358875393,236.00483748580658
148,41,132,4.897018978305054,19.808800083938937,387.26495288349236
123,39,147,1.9667767906017213,17.611034381092566,244.52584039565022
136,49,144,3.056155396850172,26.125869369492627,272.69819892655823
122,44,137,3.1374246116010336,29.827797055847782,306.7192893692308
132,36,147,4.4646724471682555,31.256561749125552,235.98138613630954
128,38,132,2.2156325455272863,30.389781381348758,324.52399410286955
126,39,135,4.192169773413659,33.329221200334715,312.0683889230525
134,39,144,4.884029565112047,45.09254252154293,387.68609792871337
142,45,141,4.361346610977197,37.11288154971613,314.60898865009517
148,36,134,4.63656113382687,15.604998483943449,302.73833428084754
148,34,136,3.8334177565718783,21.053329738411154,185.76200068428057
130,32,144,4.615823041108694,27.21324377520845,342.31376216480635
139,47,136,1.6594025414093094,48.216529810270686,312.0437407382496
121,40,142,3.849445660166504,17.732778910747374,267.2947907380093
134,44,132,3.9275094198859044,39.854174184156854,389.57408441225056
133,49,142,2.7567237859976825,16.158259611070555,289.69120114705356
139,34,132,1.3189538694316485,27.688800915068803,218.07365343715216
141,41,131,3.489774985043309,41.955206729981015,381.3351958384648
130,33,133,1.2075232262819227,27.03752677534234,267.8710977465539
146,44,146,2.529609984626198,30.059872099526302,220.40664844789035
122,38,135,2.5746809159030066,46.68565848936002,236.50794549880794
136,36,140,4.995690033853331,17.31591819617543,269.8323572075575
149,39,135,2.199208134916442,33.46818138235355,211.3571056583705
131,42,131,4.281815751694754,27.81831455069124,286.4172354769392
143,37,146,1.2126867408734152,48.733408503096086,255.64936481915413
147,41,132,3.1190639415433616,42.77914402963903,414.2861803474291
148,48,141,3.1467667142240483,19.272687207828856,198.68302754009318
140,30,143,3.514999412777849,47.459341485290025,316.0051654407746
134,45,131,4.240020813559753,22.392465410881904,335.7419856930574
135,46,134,4.047693526892592,17.968617523718706,321.5801089294065
124,47,139,4.044032513329498,33.95576479280723,342.91639731759227
146,40,139,2.7291757372971475,40.78210494916977,303.47146717558223
139,47,138,3.9098859298661055,40.061781132367415,277.74119119976075
125,36,142,2.965262870996486,33.69196241070887,265.2480737582047
138,47,139,1.2678047133800088,32.24581160468959,350.8345663915557
144,37,135,4.560727130446908,48.934036405610335,347.81974500205223
124,35,140,4.5606532245550415,43.71955946193242,379.05341283917295
122,36,133,2.2915150586205573,39.452401335006385,242.20967943137566
146,39,143,4.65561047712376,21.832401224587468,414.6338677783705
120,40,146,4.031936154020325,43.69197418593279,282.7423321736279
145,42,149,2.6032049234480925,41.24232602306101,260.90193494519093
147,38,131,2.326022393701014,49.720930992218335,268.66488712630417
125,36,139,4.900570797544404,19.65482877769439,214.72213078258463
134,38,132,3.8505078524452436,40.035338858181326,290.5902416099157
121,42,136,2.5152398190848007,49.26791175617339,259.9085299649588
148,32,136,3.5679355519232203,31.190755953556447,225.6488289720583
122,32,130,3.2861047961494756,40.66936551991044,274.27700670862083
136,30,137,3.098160090815843,49.137972769090055,440.726369675226
144,49,130,3.5788075952473752,34.16197128670987,264.0294792625112
143,31,137,3.1505052887214475,39.46645581460855,301.9660509155099
131,32,143,3.6191614147455224,15.702968350423358,207.13730246908852
137,44,143,4.6302742488945565,33.18827869692555,300.95208261311063
134,35,131,4.9730598725810875,23.953014211467977,323.2296478909756
131,42,137,3.8371474933920533,19.593562482268975,377.1994830431838
135,30,148,4.711283207001731,39.80093296384648,268.20904782240865
146,49,139,4.433641015531816,16.368132111791965,263.95316251140855
127,48,136,2.1801495919251166,46.670280305197025,316.09136594297325
147,30,142,4.731631932172142,33.12207809547948,318.1706114181063
133,31,144,1.283236000210486,37.688054031628255,243.08441942345505
144,44,140,2.3196872841741794,23.870217969419325,179.306894719465
136,43,143,3.5597797404192,21.37675565412523,290.03822627556775
148,48,140,3.107661783580568,23.531376738920486,276.77624107043397
140,40,131,3.1696495713174504,23.13025468515027,191.32342935869104
127,44,131,4.179553319204992,45.257556990270814,285.54801694841314
134,35,141,1.7788147291447691,42.5568790511857,295.84870519679026
146,49,144,4.928302039869834,44.84577869434112,250.03723568837745
133,38,146,2.749832909188682,40.72052152804393,268.6161644266492
137,34,143,4.799373059222381,37.524262651254745,377.1258093042471
139,49,145,2.5324634579873306,33.47561414057339,192.22526233104855
126,31,137,3.4071466754065427,24.29186392329681,220.68411058338626
122,35,146,2.8012458852925444,39.68770352044905,399.66623390017224
148,47,134,3.703740655407881,19.780454182648434,266.33653777681513
131,48,141,1.734498917536746,32.887154024849224,191.9997951811336
140,38,135,2.6025141313619398,21.83461689769656,225.05130181231922
143,35,147,1.2735244884297257,32.66657567078106,166.58042204896736
147,43,134,3.392405667960054,25.286759450602425,297.95435714417164
145,42,135,4.850726794356492,16.87178843377702,244.82303887643315
122,40,138,1.183626060629543,32.62981545023929,254.96617833556493
139,41,144,3.638520098006266,21.36405730449833,299.0466341213505
133,48,139,4.100391854550638,20.640426139920358,291.7771167960905
134,48,146,1.8524336967105155,28.452806418719458,242.59178466797778
144,48,148,2.092297173474188,27.66255052486772,348.3477935278461
149,42,141,1.8063243449601414,45.34352529642939,249.80490155219854
133,43,138,2.18965054670523,34.762295801279805,208.51889775636937
126,47,144,1.4403302367734967,44.90985998471625,402.4123672380508
136,41,143,2.4813914851416894,20.139247894972655,211.53386175474276
149,33,130,2.4757167812575793,27.505859451947543,138.78484364946786
131,39,146,4.229069826421636,34.43653661612424,267.151415297299
139,46,130,4.203833262402874,20.359482429348162,206.56294069845583
123,33,142,4.1868934532374595,19.481997321368194,338.24911343648813
128,41,137,3.2681436528757213,38.14905593741919,349.227440254313
125,42,142,2.303522747465338,37.884188978112064,298.29687044868433
135,33,145,2.643858065601735,23.195553243007858,190.95400052558352
144,39,131,2.270974019048327,22.949324440361764,280.11273359676824
147,32,142,3.3277116199228853,41.09060227655293,324.6852768054791
141,44,147,4.7519164852546645,19.094574379650833,309.2250630890054
141,31,132,2.137987136222857,47.31422238368298,366.24697536015833
140,46,142,2.835407270584519,48.03084823641787,418.90114842717117
140,35,148,3.6204677205573605,45.48473131092362,352.4680310365515
121,37,142,4.378779647182331,22.37370546592957,221.35652606678104
143,32,148,2.0133356825638593,15.5880612420852,182.09888611588136
127,47,133,2.1211598039215622,47.78417946388305,356.0315189561917
130,30,148,4.540662129023745,27.039013957372894,357.6723952665278
132,45,147,1.321032479943212,25.864359274592115,252.38494781007998
136,36,135,3.4217904238688504,24.15871530550023,238.0879557288764
127,32,148,4.441821664383948,23.558766056711143,212.32310621841808
140,33,133,4.686971001406134,40.70936516545798,286.1546349088318
137,38,133,1.050749016931475,46.77627699705991,224.68628614332138
149,34,136,2.478663909976737,42.51197280773286,278.82547652710304
137,48,136,2.0290591444841866,38.59377880854192,337.07916635688514
133,44,145,3.2721303550988927,25.07151469840006,234.98504235641624
134,37,145,3.531449107254517,34.1437216353053,279.762049893729
125,35,134,4.999097910422115,23.29385104187279,261.2046478633363
130,47,144,3.0510499875957025,18.902748647243513,333.9778325401362
132,48,133,3.205867514949079,19.21025368401847,373.968257004354
144,44,142,2.6572540312225676,36.13191868333581,227.25823145713773
120,36,148,1.5907089513543027,16.346788057188267,255.5031604105923
147,39,136,2.213298561122394,49.063907353126616,370.5006395419426
125,35,141,1.9879396708441273,49.84132622237836,203.79094138819022
128,43,138,4.204878765393368,20.229864193730073,192.18335556480594
127,46,146,3.1832656862092494,29.955584339432477,357.69811097867466
130,38,131,2.1847745208613683,41.88266064944186,307.1396291990022
141,48,145,2.956371611574013,48.427338943338626,229.6054680862784
138,34,136,1.875459532381662,46.196241105489776,274.77574813373917
143,36,147,1.7405086022928717,23.916431436243254,243.5020162451049
128,48,136,4.439768948967544,17.98189268333653,316.98598466109985
136,49,130,4.7792434178645555,25.10552762633376,278.7278139200077
131,36,132,1.3200584313079515,30.30331050848867,168.31246354461874
144,31,140,4.059530828745682,27.597841102445358,248.16118721431997
133,45,144,2.8132461457091607,42.08541930148874,249.54644282581808
134,42,132,2.5558865652330134,24.02257607644134,286.38973492721345
135,37,142,3.757645238191284,45.05229905079122,322.24542179640434
141,35,133,2.0650147413374627,22.897204966237442,298.6749363529947
141,35,137,1.0823249051343495,27.647321572807996,277.3128487849181
147,38,133,1.85601139128006,30.673317370268766,168.03598642902935
139,33,147,1.7397003068366756,25.192634989289825,261.81186467258544
120,40,136,1.13619752621425,41.82302829546316,292.9230496928366
129,34,140,2.285261664105285,29.334152399592845,305.6375156139137
127,46,133,2.8980741340565594,46.04590206990489,312.09403355995494
137,49,142,3.9433147882023136,48.72560304874006,325.02269313183996
147,36,138,2.3026453019703874,45.09325033907568,293.36717490347735
120,44,138,1.7781610626309736,33.2918810296772,352.75155104727065
121,44,148,1.9224790770144216,32.84329409148384,346.8398045348391
120,43,132,4.564708316646858,22.55554265482153,273.5407674099519
120,42,141,1.818881625669475,35.729718186570466,181.41076643720987
128,40,140,4.516962670066041,48.34540039040356,249.91739562618434
132,42,149,2.7883959819511817,17.821228467647636,232.83057606601977
149,38,140,4.737601729394106,41.336009502077765,311.4003899432981
120,39,146,2.6323685452187946,45.43388440133482,203.20707732026239
132,33,143,1.7107317352232694,49.53462195734766,234.5221333620354
139,46,145,3.1961197168453506,26.716520051842565,248.8744865981891
145,43,139,3.350826411396271,27.4450951182247,315.2373325186989
141,47,133,3.5419572130930788,23.04213345800022,287.7553475840503
126,40,139,2.6459868738781087,42.617226909343614,314.0133003491487
121,45,149,1.1944053631779807,19.90138601568046,194.13751810598637
125,30,141,3.506879691798048,24.37184364543844,275.87200339589305
126,36,138,4.732120617067887,25.33418252196659,353.27211026983747
145,39,144,4.830234514022921,28.122571655325537,308.2246481047532
133,38,138,3.3875414714440586,29.758271626417542,260.7613874724837
145,32,136,1.0795480718177273,34.5658737672946,373.01883716141356
137,43,141,1.4241539233952492,48.19306625242337,281.04096965165803
134,44,149,4.335962103077771,23.654791166377997,330.2630315142432
121,31,143,4.318977750613369,42.27272061239795,345.798907759133
129,43,145,4.784062421073449,38.67366011039368,303.39655156248136
142,45,148,3.2550976914672525,19.06175804116542,300.26834112092666
131,36,132,4.455265177873756,43.363186297615854,348.5504738114823
136,33,140,4.299547702727509,18.17141228704527,314.9981804307047
127,47,149,3.3576832248284005,40.86241803758967,296.64182286405963
130,34,148,4.134550213468215,40.05253608332139,302.71991277336895
148,35,137,1.5028421780498857,39.129065157297376,283.8946243690314
122,36,149,3.556811027520481,24.68423202213426,251.8622975448187
146,44,137,4.813803825348776,35.06784463215446,296.99760814509597
125,30,132,1.647829993757631,41.65522267800176,226.73596486914926
128,33,139,3.9761707272000044,37.315718072498086,287.7340718510545
125,30,142,2.2831431893735386,43.15070021906452,303.33540278995736
128,40,138,4.2684156948713206,39.075882772407894,331.7720473827671
126,47,135,3.7888437348226702,24.6057460832281,279.98534700151856
128,43,144,4.704697030426494,20.35697906880983,305.1999697164758
137,40,145,3.847741678775581,37.119264522185105,379.24496394034884
131,39,134,2.6412423798514464,41.59154333047525,349.9783675751931
127,46,142,1.0435701379613032,19.981303332797165,220.92159458765562
127,33,148,4.171667587083313,21.118716025184757,190.41227158573767
137,44,131,2.633859866621622,15.422427154044218,287.40044837910546
147,45,135,3.682536379339439,33.61122133625464,373.9336474022537
149,42,130,1.420265924993675,33.98018667115139,247.85608124783636
139,38,144,4.56387454359062,32.50265271295338,259.3328196903114
149,40,144,2.7426311896260205,26.060350658410037,345.5473129098246
134,40,143,4.678766935234727,29.973393207224156,355.85773073877664
146,35,136,3.828069735177964,41.81828696524725,302.2366048158395
126,30,134,1.4858490483922129,21.36289084417357,258.09129857260325
130,35,149,3.316786453630797,22.054176032923056,240.61825421543506
139,42,145,4.639737791767149,38.344239267180654,360.3042169746854
135,34,146,4.199882239533725,45.34153057550905,328.2104215869098
123,44,140,2.671921630305,26.913771388270604,324.8867217931369
125,47,144,4.820257589015628,47.64605138013128,358.88036995124634
145,49,149,2.074304723206107,17.018662576617835,174.2560841439149
141,43,145,2.500430813273263,19.148176211250615,212.28063737524513
145,44,132,3.9988566931471934,31.098586682260102,325.6910276044718
122,34,135,1.9316182288620642,40.32198296699888,151.71325564522147
128,33,142,3.0614978798381918,27.979293765746323,201.09091147817622
147,31,130,3.9151567604166173,34.41615515586605,211.0557601839094
129,36,143,3.5758710645693923,15.999973997491043,286.88825860741986
133,39,131,1.621479656483873,31.16420090849188,255.49575117555037
130,45,131,3.5186412645113383,23.490143706629954,300.5981952429502
137,39,144,3.290842115220429,33.07290941875492,311.31865684457364
141,47,147,3.23137930015645,33.40416218590029,315.46850700486726
131,46,138,4.304188746148984,41.360562482696935,253.19474135994693
142,42,132,1.7355840901000557,33.894456975341576,215.0470770213903
131,30,133,4.00626394817379,36.499421047227244,284.8415925559269
132,30,144,4.043704070940327,33.537630360551525,407.90244781878636
144,44,134,3.8905817583234734,49.663210203504036,286.05132345344435
132,30,149,3.02387325391504,42.706677667312846,361.5147990449643
138,35,149,2.58215499095095,41.44757598007955,360.0181764897915
145,42,134,2.5787086402915183,36.95408113478173,365.9629192918043
138,30,139,3.9352348557689623,33.49297447657931,366.22477231451387
142,34,145,2.9915868103314853,27.066499886222914,242.92990719995765
133,38,141,2.3537348969237075,42.43887741308738,313.3853736050527
123,46,143,3.5018787376212863,21.636320823551813,390.25393636802585
132,45,140,4.3480450420120675,16.27921149787967,200.75805730710127
127,37,148,1.246034964673127,39.436021558483546,272.8212405972757
148,46,135,4.88854783108575,20.069809387255674,226.86610681592134
142,44,139,1.3866077583276173,46.63391289663259,294.506920877831
140,30,149,3.046952482811673,41.973848543933,277.99303955015114
142,41,132,3.2408381761511844,36.078553223955495,264.4638567721548
138,34,144,1.5528428214453927,25.987362878611307,245.4445981453589
131,35,140,4.662375012070718,37.32798256814441,212.9126743986242
137,30,131,2.8858683091699757,31.689984145975203,331.4467987622997
125,30,135,1.5724820578415732,25.190196373688252,287.49562828015246
137,39,146,3.8464496113910833,48.07776419838767,384.23853348333284
138,39,147,3.6536173809704393,20.666129537827242,431.68767383409784
141,32,133,4.851462279125791,41.368431229730696,238.38171514975164
124,46,138,2.766065298750993,43.0013498762142,317.0419470571819
143,48,139,2.0711838926590374,48.31281128624151,394.8138977865174
128,40,131,1.2399760251810483,34.229575043075556,343.63266786160534
146,47,140,3.9324861003210776,33.7206306355028,342.72231536237774
122,31,140,3.4691107569216895,47.210122315431875,257.8115272029611
147,38,140,4.8904433396030385,43.038264076941616,314.2467006782627
129,46,130,3.84865991921453,41.72727678408914,388.75612949459713
138,43,143,4.732645919752864,42.61979689739593,281.0021232821243
122,33,130,4.966315179118322,32.26133820125004,260.17491881377026
148,46,138,2.713724576930743,16.449651624086638,232.23478188652828
148,46,130,1.6011800534771083,21.93927092808177,177.97124457312995
141,41,133,1.7834031076130548,37.50472306825004,252.37358722567845
134,49,130,2.273500892449267,28.865807145024505,216.55284325792564
120,47,148,3.0355830682650913,36.236958693895104,372.1880649157957
126,32,139,1.4896799975854247,34.30872659594407,257.08147849374916
131,40,144,2.2068714874209427,30.35311069449098,243.3347814049002
136,47,149,2.2311753895316615,23.215480751833116,235.5981616581399
149,33,133,1.0163426198588512,40.16359617725223,275.27057118692267
140,46,149,2.416674958665571,46.81657954129885,258.35561395758424
145,47,143,1.4646088003386857,41.94873016327764,221.81211813633033
148,34,134,2.7188455186495566,19.201338264275222,242.84388496043206
143,43,144,1.7861469496149964,33.828240847492346,264.25077217920926
139,39,144,4.288456958772784,44.237816382795366,246.21598433694615
124,44,145,1.3221014110952942,35.68436237362947,339.0741769862691
123,30,145,4.462641725672801,30.38492063197382,340.14157959988495
147,45,133,3.322106462098393,24.95912224317223,284.70281067645766
131,40,138,2.83456265279343,26.56367627052505,261.1660905370893
149,49,130,3.1989692675756407,23.475489053430362,174.9904057697467
139,35,134,2.504436516710677,21.85042579565195,245.39172554182568
147,45,138,1.5104476199677803,35.61028020165904,333.5178975834669
143,31,149,4.06351926313512,32.828468126475364,268.43229732920486
137,30,134,4.711646360385663,40.7191579472759,296.22726390032193
136,38,133,4.800270492479459,25.77753380753732,302.1480356060667
138,41,145,3.682846024890978,31.1288428201529,357.9216047610014
128,46,131,2.641389706066669,38.8129576667594,286.20246537179617
123,44,145,2.913439849105986,48.713182477316195,327.5032093206527
145,48,147,3.6278627879572625,27.210464057417255,235.58967812169945
140,39,131,4.292290066033392,25.43731043646813,334.9757985007982
121,41,145,2.498268550172162,30.725092982352706,236.9561651437853
123,43,130,4.667124899124445,40.335588721224376,300.2224627546916
121,38,145,2.2970886197224516,48.65426042884575,293.76371153855575
134,42,132,3.1234391013088167,33.77877131605846,234.06953251115795
121,32,144,4.845447200142455,43.43540841388064,441.86809137923814
123,43,140,4.752795661702441,31.25399320373477,242.05496603919198
125,39,139,3.782980358110997,16.394999504153034,218.86797411655024
126,45,146,2.298240777900035,46.29739582471949,382.1992879862067
129,36,133,1.876140132736014,25.145733244448458,358.6338029213184
138,33,146,1.3205734213341769,19.853297445594258,233.47868179954463
138,49,133,3.8346176189575414,49.86565228400459,344.66953266077843
145,40,148,3.0138027760081427,27.15896486976699,235.0038450373707
141,45,130,3.289150775777029,19.778839706819593,328.7186508973364
148,49,143,2.8895686957029514,25.90397624533862,300.55563820655016
131,33,140,2.9317857342937717,32.984316937401935,219.9415364963311
122,46,136,3.285094476819861,18.07849802760454,305.13808703539024
132,42,146,4.657048024704151,27.341729202736268,259.03773429788185
137,40,133,1.1174651978721908,38.40997479716211,223.82632587876077
127,32,139,4.206547118292649,47.05762017162463,327.6690298626301
140,38,146,2.562065042233063,28.910318959604993,221.3465432637826
134,35,133,3.979697069131999,34.75974860107199,213.17170789390633
120,40,148,4.794105316977426,37.262176998843046,331.7776077978238
122,45,147,2.2251479741053406,17.476371776824013,232.3366051585308
145,48,146,1.3582185469751957,26.977876483649435,94.73957816308804
127,34,135,1.9291937452597026,38.94889053068796,294.502723748255
123,43,136,1.8883713244502505,40.74813802715841,355.5609227461265
135,46,135,3.967397669841016,27.458323856083968,246.95445315124147
149,32,141,1.2474327269004695,15.235768762243131,209.57330772796388
142,33,138,1.203734319422935,15.240296008659987,212.89591130471126
129,45,147,3.7744343779353438,33.83420062043519,267.2137838358909
131,45,131,3.226878739504095,34.30200637863593,225.60944088688007
133,33,146,2.6710701793728138,34.45018013322053,222.96255581868786
133,48,130,3.3014736279081807,40.261357304063466,304.9205080642061
121,46,138,3.940991623874556,47.24442884929478,416.9903401531316
142,42,135,1.4138854908271172,49.655957270702224,223.2435644545019
124,30,131,3.21314566392377,39.53733641187076,302.09831560046456
124,41,135,4.297667331657221,32.989955116838765,250.67458196318108
125,33,138,2.4497166823132495,19.93481794121102,256.4201650004326
132,40,132,4.052071950490556,28.44613127899421,280.873335913137
128,34,145,4.381683356586036,35.03598329879583,212.38197523130083
149,31,144,4.283716767280536,49.99329684108177,363.95475377000633
141,46,141,3.601425607943445,19.44435681613455,278.3329689184231
147,37,137,3.8693780735858345,42.757676490374465,407.75776073688405
148,35,135,4.150700722859124,49.962906940117826,330.8881742888476
134,38,132,3.934837237990528,43.1851949039873,293.877469986353
133,42,133,2.806720649146315,41.850045584470536,342.8789661011065
143,40,139,1.6364837714878222,24.053839797241707,313.69955420129
126,45,143,2.238922399542109,15.11768775063124,173.1651499212556
144,45,144,1.8289862489682327,22.909548083495714,169.79207623712756
139,31,136,2.445776617300009,42.643004027586336,311.9394011916572
121,39,136,2.957324320729713,18.75484194980115,293.9341747059487
126,41,137,4.836186686936983,25.364143118850432,176.48090760293718
125,37,139,4.837851179957051,34.687684484294714,334.4009076362165
136,40,148,4.078354083667426,35.2933605154358,267.2782129751795
146,39,148,4.920561153453361,34.00460416558541,282.0512372910518
144,42,131,4.992063263297837,49.33092233810894,331.77271177217756
144,46,144,4.541026991194574,15.4299958477814,309.1716421775607
147,36,130,1.3180143328245522,32.0659478527746,311.61124513088305
121,32,139,2.7041764138570477,32.65472171147441,404.8964763223762
122,49,135,3.1364799241013683,25.266274659233257,296.41669937430675
124,42,142,1.4963303424625898,33.377494648057045,273.76987707265647
124,48,139,4.2345225089725,38.56479442802015,333.93446104193185
120,36,141,1.5947336597951236,38.54645676777029,303.7702823838061
127,38,135,2.5333151015719357,18.07499415095917,245.85563828133698
131,48,135,1.2756487197115254,43.08609932325983,299.36177583159275
143,42,130,3.0983723518345716,47.57484405299999,357.81368463596243
123,37,141,3.388165787338736,19.32641502869089,227.44352086621194
132,47,139,3.9407074006427183,29.582409999686213,243.41391957713194
142,31,143,2.357845954731812,32.91125797254685,348.26667030169233
134,47,144,3.362125998412724,19.718759127036957,226.42741111649423
130,47,133,3.9365893586418874,32.6184417576669,270.24934666864164
129,40,130,4.0481405956400955,22.240059281853355,325.9574619629392
122,30,137,2.2065673858001484,47.737633510007505,265.04380165621586
141,43,132,1.2708157207125002,30.69646196390684,310.4379129784118
133,45,143,1.150477910206217,49.821543797135,302.6110096048227
135,40,146,4.072241138770335,16.62789018936132,377.1781183455076
129,30,131,2.541755668724983,19.46532605267577,299.9350959394018
148,36,144,1.5357706512134062,30.512378018895845,209.9472003366304
129,45,135,1.7379557420850889,45.60257497261764,297.94863616582495
131,43,134,4.064601899212494,34.432902662641176,325.2769673202402
149,44,143,3.3956080027630597,40.632012722715224,285.761856897521
128,43,148,3.0056126646542833,29.824710503734163,291.4664358912696
120,40,138,3.4920303424981305,16.41792125467981,322.16425443339307
124,45,137,1.5499982166296964,37.673439545182944,265.1233174910452
139,48,132,2.276168971640628,37.19005099961031,176.45821998640878
127,46,147,2.4962540695402886,17.499981125468793,243.3697335218711
130,35,137,2.257991077519155,20.98085142334001,289.0434751937626
131,40,145,4.457665248539745,31.66545296107367,314.5596463818229
120,46,144,3.325684578610469,30.63231557103917,242.29803009512233
144,38,144,3.9172856299355745,41.33461251327405,350.0524310287021
141,47,145,1.946824359502786,28.55945979225892,298.8353189226307
139,46,130,2.0562961491830016,38.21550835889826,299.88484371071644
147,41,139,1.9013439323125851,39.654823901671506,304.92796339441173
144,34,148,3.75191831058223,37.57513508340519,377.18819020999655
130,40,134,2.3961639827620735,35.86439501665588,285.7701264303091
124,33,147,2.6203365296166523,43.198921822814754,316.04407391733787
134,33,132,3.836486431355444,37.998744071929856,258.439035159455
124,32,133,4.887194807532822,44.196452124431346,353.3588132149839
131,46,133,1.647501254933272,37.2839934374193,279.9357028741798
124,36,140,1.2507050729392137,20.564055590600127,219.96172918553356
136,33,138,1.7793837278698437,25.83058922366179,158.90920801762454
136,42,130,3.939842739853113,26.562436636952977,318.70886662078834
143,41,145,1.7785091641960653,18.287041475791558,248.34267207972252
131,30,138,3.337409610499545,39.230733012302956,237.03735921199583
143,48,140,3.3612661459959283,35.82889012145829,317.38842068124114
147,49,135,2.1776924011883243,35.64142226230946,275.5796529075703
134,47,146,1.2749051195065149,31.748105544362314,206.85666734734357
134,40,141,2.5968020698064187,34.00936193916078,202.0290657551025
125,49,137,1.7471416890261424,15.28305520434262,265.0156797685515
131,32,145,1.7378928410660963,18.368682430520263,161.97677894145258
146,46,134,3.090355484114964,38.91735396628568,211.33140151384669
148,41,130,3.692484552391014,24.151338224025082,311.7777421540277
139,39,146,1.301660209066112,18.776903808111634,167.68871546274227
137,37,137,3.3132855945700035,26.502934106581407,221.8892853950414
133,44,139,1.984806573793843,23.906889248600752,171.0696658355432
121,34,147,3.693192244078731,16.028036226868192,208.21714979867312
128,33,144,4.240863344809467,29.369523115750667,306.85910403148904
124,49,149,4.228054542663536,15.94602186591125,266.5359695196863
139,48,142,2.479445432962937,15.013679954644408,199.24993078818656
145,33,139,3.2690786955101774,42.73658127288216,242.3207689187487
148,44,138,4.174780735349521,26.024007042682133,373.95705642310935
120,46,142,1.2432410459219088,34.865523471021376,275.086704365013
142,41,132,3.4224973446894484,25.421276932288535,338.6971940361916
122,32,132,4.346087935297783,47.5508294009553,414.1698717012641
125,39,130,2.4894279916061057,40.52134310251696,309.46361962183653
124,44,131,2.821632455925147,27.92095901472917,219.2850193161569
140,39,140,3.7949122742373995,22.371942096853644,303.6603153201728
146,47,143,1.271538847462795,19.823223391015482,153.70041284135948
124,30,139,2.542543841682502,41.684653939240214,319.20570222175616
120,32,136,2.182843080895396,30.85628650773488,223.83945444530937
136,41,130,1.0679769983485232,23.118718261213452,267.388155019253
138,30,136,1.7838906449330403,47.18691249278516,300.5715038760529
133,32,144,2.583534262355397,28.653373878620876,325.40248387283765
131,32,140,1.7897148336022837,34.02224503160925,202.61996324809877
129,34,135,3.409593272778226,45.02297144959274,333.0952175165933
139,48,136,2.794610429345236,44.168127220312,251.41098289641377
140,30,136,1.1579251790935392,37.328377110389894,251.7469162332371
137,33,130,2.1001610572500677,46.10183240748802,323.66329596508433
143,33,139,1.077907081516856,48.32343565049823,332.2702473818141
146,46,144,2.432540719577904,47.728994711591135,242.1490481382329
130,43,137,2.036440070983334,27.215256747518822,290.1695144480668
149,47,148,3.7527471286738465,28.900988367132662,379.86970567967876
121,30,132,2.229627702386129,23.41763527434609,330.0531506169389
144,45,144,2.500634658337456,44.28904452579566,301.71616349082996
137,32,133,3.9013357274528344,19.263861206867407,283.0279693814324
148,38,135,2.9236707036346115,27.427917955913237,282.34541146153737
144,33,139,3.2258175143833596,15.340661884777202,261.9775719377258
126,34,147,4.365386654989795,35.8126185268368,353.8490143510134
143,40,145,1.8275532218294734,38.04345074322251,270.9038983328765
134,38,147,4.956742114110361,23.714562530292667,291.6074644792854
130,32,135,4.600420367361576,40.785572830464474,251.01742005780451
137,35,148,2.146211314404244,28.353787577201647,299.61616800338777
142,40,146,4.57175367048224,25.909887745796222,263.7026992239778
131,38,147,4.015824633187254,48.465789814713744,344.85675057133574
125,44,142,4.723025887848607,35.60423625526383,247.17050661819752
139,32,136,3.7645407525029833,23.83117885525726,228.84572531406587
142,30,149,3.6979095319366344,49.413475314809276,371.5151850256821
149,49,141,1.0138576363901253,28.564237341790033,258.20051840599217
132,48,131,2.8984461147002256,37.67404244900001,344.73423887752483
139,43,141,1.801074424713692,40.33488701359663,333.00765377619643
135,46,141,2.2963258366760293,29.78035371060952,340.5707027916976
137,43,133,4.9152625359853666,33.75708748147275,329.97085126375987
129,46,133,1.3420078313047066,23.39236750245684,197.9261637270576
147,43,147,3.88994588181517,31.303761451832802,286.09783946514267
142,41,145,1.691779367483493,25.87800308046884,204.28436684348682
127,45,143,1.0296053579845932,34.16102765600992,309.23282422172065
137,30,146,3.0056748353916016,38.446161879981055,302.2915583034046
140,42,146,1.6448611950387724,36.490182030111654,344.14455944951334
120,35,132,4.861865023926308,42.18508662131095,430.2384072314786
142,46,135,1.8147869484371846,16.453551021348453,356.49063140542955
127,41,142,1.7681410961394715,17.750886637018187,295.7120492391905
148,48,138,1.1286676986433526,22.1859937203091,269.0684675338894
125,35,138,2.319278554715645,49.50308867435864,288.2990738413195
124,36,137,1.0964466997159965,43.00938184607426,343.65142527451974
134,30,146,2.995546540972508,47.3442356036755,296.04154299443803
141,30,145,3.022442571309635,24.52316230385771,269.09332771214855
134,34,145,1.2129731482559438,35.08497735443744,177.03578956681264
121,35,148,1.960249107949665,34.42096786896515,232.40384503397422
120,45,145,4.328425940577407,34.933163290469594,290.9028971107336
142,45,143,2.8501790917014658,40.114842930435415,247.50774261857399
142,43,149,2.7384401663430866,28.789301097752006,217.64919386807932
145,30,143,3.7951077894471927,38.70236260675958,355.6391110553509
130,42,143,3.859527773957089,42.595296544469285,391.05102149223495
129,49,143,4.047850403182746,25.11756325993956,411.61245879213516
149,39,141,4.321929300344777,48.101011966924595,268.62642498803825
137,39,135,1.929002585609478,33.13168051459026,248.80485051070642
137,38,149,1.265522429117404,40.64669463210444,179.4821494321639
136,42,142,2.5210595144532837,40.5123715065126,196.23579123562232
145,32,145,4.420391642492609,34.783516168071216,333.20579814364066
127,47,138,1.312114657142272,26.293929312763467,239.31601355940808
134,49,131,3.3038151952118007,38.34288116856963,213.14773915605292
127,31,132,3.8043317965655734,18.05497056639127,240.4598022498372
136,46,139,2.9256288531291887,49.35023856997583,360.4218752452218
131,48,149,2.020701774426432,21.43990414501224,195.67074088159436
146,42,131,2.305237927293452,24.63991651009159,242.24499037032788
127,42,139,1.2866083919343443,48.4053697795932,363.51300726841015
144,30,137,2.1703341893547203,21.528948209560713,197.7808226866017
133,31,146,1.1775120302450972,20.95324444220404,254.30301783993232
123,30,130,3.9052999925358742,43.15875929517559,199.9679730257132
120,34,135,4.591981114046746,23.795086001807768,375.84586789283253
120,32,136,3.534052513814372,18.315430580476953,272.1174857511129
138,36,144,3.626812891732747,22.932505973406077,240.24349016253092
135,42,147,2.888569348561545,46.09307549996194,299.32042577007934
133,47,138,1.6241457968204323,24.811171490891923,320.5319157945528
140,36,137,1.0309005650134786,39.32711807459607,211.45054475358742
135,30,139,2.3759039904422843,28.829873031781638,217.86204572088596
124,34,133,4.005954229483825,24.17415684856128,310.97374631572103
128,46,149,4.841726317262326,20.04165925034368,331.21705655517445
145,37,137,2.724339702967596,49.02671049940761,330.3310528710002
149,44,130,2.461564049334132,33.239044049371316,229.06192825660975
147,49,137,2.783834025325525,19.01642476165572,272.3203164088497
121,33,141,2.7110995832167726,21.95848916280162,308.199885865748
137,31,144,3.50351933199458,29.25539772009503,330.01718774989115
125,34,142,3.936589588392373,34.04596843152594,324.3570028975948
128,30,145,4.13983209301832,21.362887938388944,273.45654636671105
120,34,147,3.5984192377389914,24.720492522209074,373.33361469967565
128,35,130,2.7508958351494317,42.42972137907982,263.83885984499364
144,31,146,4.800415022206154,29.611855996047943,279.0850286665021
135,30,145,3.844078785485065,15.04908287397028,272.5507607151473
132,33,134,2.70663216338471,16.887910094225987,271.14842157981116
128,36,149,2.7863271083820176,30.37649561955717,237.419821213001
140,30,139,4.271923399716062,17.104120815469336,359.9009048699459
132,30,135,2.762163550889751,21.086654413412116,189.37136988663207
128,37,141,3.0650944911163647,40.475675493242704,304.2389019616549
130,49,139,2.1662091676784963,31.81343386525498,269.404270817327
123,45,146,4.355659335541194,31.88616766069063,303.7098865187011
121,42,131,3.08914192121328,35.937633214099364,242.19432643215612
148,47,148,3.2101437535577113,42.59815338528611,290.6426868757061
125,49,149,4.522701610853595,20.550508287847983,362.81548939973527
133,39,135,4.682069071388838,21.056665776521694,331.22220429421543
123,41,142,4.29677518666608,19.24913475789908,268.7789495322243
125,30,138,1.2614816519092336,47.78902470356953,293.558497493612
138,39,141,2.774036407120458,35.20515782728257,233.03542801845273
125,38,147,2.3733237566097016,18.24241480339468,265.50036374044714
121,32,137,1.8540591253164749,22.722594631556984,219.23844031329665
137,48,147,4.635815503383144,40.395651746949596,348.5041118414118
132,38,131,4.560275833258015,16.014708758614063,235.0396909946561
128,39,137,2.8611915331330025,40.39794452954406,323.86382659279286
142,48,139,1.538243402691454,46.90125463674544,223.12916067949925
138,45,138,1.0534624813271498,16.973361801998553,261.32039883779555
132,47,147,2.753868322259275,21.524715601549552,203.84494024510911
130,43,137,1.1598205942941724,15.083251056474971,309.9501544086167
120,32,148,3.4382237676790406,18.816068010665887,145.51054018577997
143,31,132,3.433635483520276,36.5947032235285,341.2568021168491
149,30,138,4.595757791669794,16.568622871869746,254.18352709562345
141,47,142,1.7601965131574264,29.90422764202139,260.65912340224736
126,38,138,2.485576969654176,32.61906182925529,291.34260554385656
144,42,149,4.438181555137115,46.732018439539004,279.91716153892037
140,31,141,2.89718600996046,31.600162442983677,223.86466685019687
134,36,142,1.238893155887777,19.98909317006936,309.62874352283916
120,45,137,1.4431356463821143,25.12522751208484,245.96594261402672
131,48,144,4.2538182863138045,38.52683779803867,329.8222981785724
145,44,142,3.974789720114052,18.92405335779675,280.71381424980717
126,40,142,4.503526068667167,23.110996868405977,240.31339738844636
134,30,146,1.475444663636575,49.852199237482445,343.4532189805863
140,36,144,4.04166697518611,15.193709981955669,367.03363093590684
138,49,148,3.6204174598327565,20.32641596188,326.07935817496667
147,37,132,1.929172964564171,44.52900444410911,367.0254117477295
148,39,143,4.895617542222444,18.548370812804105,248.1669447190822
144,34,139,3.2814192766049244,16.177435195459726,283.60655507054247
120,38,146,4.627511901588541,19.245930634846367,246.4320879768006
136,30,137,4.436372536827946,39.27590160442378,384.5444364930202
136,31,147,2.3325018420904464,49.758868613797404,296.6027796798456
122,48,141,3.143827447947253,35.67224480281231,236.58488340648228
131,43,146,2.725473197618687,19.35106941706454,232.05786759833012
125,49,140,3.8363102810403027,21.432256983643164,203.27744267871742
145,39,138,3.352168018173711,33.818870299376584,352.9699712610169
130,38,144,4.139414132148965,40.04803655149658,338.2522659474161
122,39,138,1.0470090383919382,38.20192639709313,191.94268919918198
127,35,141,3.7511730456582337,35.115427441355266,308.3672025845092
133,46,140,2.27626062087862,49.51944215391943,350.05262054816114
133,35,146,1.8968885595576719,21.93118825652704,224.55570798380916
129,33,135,4.2049654654346895,21.051639687431546,216.1804609279584
121,49,137,1.3568848447527415,45.0671423646438,231.91589495669297
133,32,139,1.9138401803965648,25.178760527898284,290.639691835455
128,48,144,1.8149373643991127,26.638423200731964,296.54393983379845
122,47,133,2.6793017802388075,34.20338489980163,165.29403884735416
140,33,147,2.289347138229044,28.344617975017876,202.7517094366692
145,37,140,3.8818732684386807,25.067415114395438,343.3438987243904
127,46,138,3.797479522405906,47.101134143657916,275.02568491255374
135,34,138,2.301883564424156,19.524597453903475,292.3838020571388
121,42,137,2.747923104583181,29.15014241917411,238.8682553885294
125,30,132,1.8316327367190919,15.103847054867185,203.32800063473437
147,42,147,3.6833396019850824,43.260878098799864,402.17959688620374
140,33,143,2.584890960530302,20.894659613358222,218.61524766887413
148,43,132,1.5313044177688613,42.05464988855596,263.40609020405657
145,32,146,1.509061967646045,20.201109006735038,233.34625669641594
144,34,133,2.289282713684702,29.585859663116118,268.8066229179134
131,36,147,3.989300114544783,40.48647284760205,395.18975762861874
124,30,144,1.1020173445260015,24.47830811111855,223.51685501242827
121,41,148,2.0310987727315286,25.987099396328727,309.35650538844794
135,40,135,1.6499446355550291,38.35628731718427,344.186576314105
124,37,144,4.8259112852224595,21.569534427129213,313.90154190263553
134,35,136,3.8211264158841054,48.312453392230296,378.05862863530757
131,31,141,1.9329307364757846,21.60756894667564,296.98898494512025
123,48,145,1.8298423417447784,41.24984111368104,306.6877772836189
134,49,138,4.432122181549106,43.09096042457814,362.90791608561096
130,49,149,1.7609067856656524,28.1029653862603,163.67020418435948
135,43,134,4.988236800788908,20.468369923486716,285.14746760180174
142,30,140,2.1292124800455987,20.806623055808675,275.92283385649387
125,39,131,1.33733085947814,49.49076274031583,323.377225336104
133,45,145,3.7637675760674325,40.389347778985695,354.2817141802242
137,33,133,3.438571170336695,30.751660284201186,322.005368730155
131,40,134,4.999288661445827,24.00724262078259,241.40836040400836
146,45,136,4.2083429774879,15.66185429606444,222.94895308767408
130,49,135,2.7153461325329564,38.46623498777603,320.9273969669947
132,30,139,3.7064457926523344,48.492072133824564,199.44796674411498
140,45,143,4.271397814413408,18.739512270675032,231.71409216429623
142,48,137,3.0549061017731804,41.40719365142258,240.75279752899522
130,38,143,2.0914858029408463,20.36329105409737,190.68913837880552
142,38,143,1.8404225691454785,42.723681393086366,269.36466984200683
135,38,149,2.1811257464544576,27.970049578459538,396.57090112308805
134,46,132,4.392275126679221,39.922155218025736,320.03944268174706
140,41,130,2.521729489954941,47.41988415189478,351.3942105617479
147,42,138,2.1466566342652698,36.70487182227446,165.6218801385741
134,37,138,4.223548911180324,47.224465850000925,332.76504753130206
144,45,131,1.127681367098174,23.225853158280717,296.74130543290414
123,47,145,3.3758330837213686,49.23468333012661,271.5682778117283
130,30,137,4.494527212745087,45.549682519088535,292.03689700857853
138,30,135,2.6403349962224296,18.765066694933367,107.83717131785978
134,41,142,2.0772726454371377,29.47389105401806,192.60269646103444
123,35,130,2.9668362777438255,47.4460333416314,326.4024364095106
140,38,148,3.8699086707683175,17.734037768874053,245.529265909235
132,34,144,3.0664222521407978,30.88169668623693,250.98051469300228
141,45,130,1.0305559785030924,40.325781669339904,195.6919796866274
138,47,139,1.3132982244320637,16.170655847633693,208.53110509987067
121,46,130,3.8853136923588054,41.34908163907731,333.9366971828382
133,47,141,2.5998053395019944,27.642090222387363,213.3899284702946
148,30,140,4.13910332508094,23.72801357979154,211.65967109815367
123,48,146,3.597959656423636,35.15902878395574,357.5200567964547
135,37,133,3.3260633372875152,34.051592582366894,251.1515717973438
140,32,136,4.605500673513645,45.58787501699699,310.86500685385715
139,34,141,1.0852882939228508,38.660102750883695,271.0502093575206
133,37,142,1.6201374455912068,29.765251967183485,335.7116193419364
146,48,134,3.497503821967903,37.75484441902317,275.16442744092404
148,47,135,1.2633121862003818,41.25518123095576,208.03532040151097
134,47,131,3.5798819402427653,47.80650030402862,351.8480977108917
147,30,136,4.936484308101071,39.64915566029758,271.45473093986425
122,44,143,4.515232395978135,34.035532444597706,229.20615610140956
127,47,143,3.363667696101714,28.054302902886086,264.33323726425414
135,36,139,4.575906697223848,46.201927129892525,359.8441927634491
129,45,133,1.4650726050650609,42.73818721250194,263.0887344597623
123,45,132,2.8187766597022565,17.701344352725805,233.30469797223495
149,44,143,2.714704463248303,39.483942171573204,305.39881297655324
137,35,135,2.345790347971964,33.8562352776664,303.82981734963465
121,38,144,1.0008055925372417,18.627537432969064,300.5046132366021
136,36,137,4.564116074445009,34.77363094185431,327.4982240451851
132,43,134,4.11082644061118,21.73770766012181,297.205437218744
123,40,132,3.611430062399155,39.78507096004006,224.60933009086747
145,45,132,1.5158673754065362,24.746145717626206,174.92556169685992
144,35,142,2.5128205347660164,20.26203767833195,222.26575852372468
149,45,131,4.697307989471325,17.869052163366202,370.10374042004094
130,49,130,3.4677184202781866,32.17798119638189,350.55614902642327
126,45,141,3.4136421461041,21.987217093290575,190.13524107428344
131,41,137,4.652506299028138,44.929474284066046,295.6364571539128
129,46,148,3.2393348995985507,15.105038672665463,212.48909058418815
126,34,138,3.390492994227917,44.52735763614923,295.80385647354393
132,42,143,2.3828627779048692,33.23823420436526,323.18952017034167
126,37,147,2.4857637169294864,47.275094052530726,258.21730267335255
143,34,139,3.7424274496566103,22.161394005504143,322.3501203454453
136,41,138,2.281740866525248,18.579582956747586,206.76191454322176
129,38,135,3.2364316823514003,36.873537322971096,366.842270885788
148,32,130,2.1167867646263185,39.735459690921445,315.0691318805247
129,32,134,1.6645009518177813,28.040477086128824,318.264013147808
143,30,139,2.817609835754806,15.47880607578545,242.22788888663044
123,47,142,1.8697840496564289,29.243686044220375,333.91115867530874
139,41,133,4.593977220326163,23.182542350902224,292.7989598909038
123,38,130,2.2144518633081316,27.161437448250382,252.24002216240098
141,38,131,3.3896083821572844,32.736406050887155,342.20796397076094
126,47,133,2.0537673621808157,39.58196402524226,279.78308225044674
141,47,146,2.032077050899066,48.712885021493214,341.8598384081512
120,36,139,2.4025443259136314,20.03999455358223,235.5999082860488
131,33,141,4.663498269283796,38.79647992836271,346.0446004166498
143,42,131,2.5659909531410663,23.16240081347528,147.49465617562407
132,46,132,4.285065877696578,22.724664631471335,284.14192713363127
129,31,143,1.7891922981537318,37.174392791129975,254.39089460221828
134,43,144,1.1926781725457243,42.159983247728505,266.6089759217408
146,32,142,4.126711685205766,49.22254648432652,289.2757033239669
132,34,138,3.1674995898284055,41.90907835866959,355.36914168510475
142,43,131,3.0149032521076857,20.50602388804913,331.4189416197995
141,32,148,2.0888233969976544,22.889092971443567,258.91553944235625
141,36,145,1.2892680594374073,41.648639322249394,287.40121540328903
140,47,140,2.931440145331384,33.444576633082036,311.9999477805835
141,42,141,4.468905435197486,25.339280468962848,315.2400582773037
147,39,130,1.4800880548139435,31.512413621424407,381.79547139573356
128,42,131,4.716683517388689,47.021080755342865,405.01846468671937
145,45,145,2.0989163209664587,41.445977868542755,352.2180747309894
128,38,131,3.128745171314649,30.774421009393485,220.75065772845585
134,31,148,1.2660335818663273,49.31938736259974,253.3104447915531
129,34,139,2.700186375210583,42.82061192812597,237.73671597119375
143,46,148,1.503591545628654,15.205481886815877,199.00587959605647
145,33,139,1.19189514430883,18.9328538673764,204.27142798574226
144,46,145,4.866230773710599,34.388907608247166,282.13999303420684
148,38,142,3.9203781418565304,27.248396080045097,266.95345906351395
129,49,145,3.876230884054643,43.439556734265736,325.26004853235906
127,31,147,1.3621987579350083,46.349045267946416,258.6436270311169
143,47,137,4.717402097950968,23.422778933633637,322.36696075908566
135,40,147,2.8778740600395425,41.715003659565795,358.74862044305246
136,42,142,4.409136272229724,33.73890744027849,325.33317286044786
145,37,136,1.050404404455083,28.718846418046013,277.5763797560761
146,30,147,2.1928259253500277,42.537301816071675,226.88263858142
124,46,135,4.984188488505863,34.7723324763292,278.90597137961936
123,41,138,2.7113521707815966,37.23494174927213,349.92975885052476
137,33,135,4.553974155457419,17.178891962303453,164.90870625372506
143,42,147,2.3119933934841588,35.505788755413306,336.8002762393343
138,38,146,3.1013165290728253,25.52489450773578,284.52805481445296
123,36,141,4.416876263703842,32.26529788882081,292.851061046392
147,34,132,3.4232822408157415,22.770386774809328,330.8698096797535
126,34,134,3.9007693705788467,36.50664788222216,225.2336114365387
129,46,136,1.9153328168782564,20.161409314047543,304.14397351265325
144,38,139,1.6235617498205577,19.30163709207788,233.67802347208465
137,35,139,1.921225773638624,21.594398884539366,340.31870220854023
138,48,148,2.972194585148227,43.61125897308555,369.398953940962
123,45,133,4.203859059071274,16.17368786464155,236.11012615993855
129,31,139,2.415975401905065,40.535203104903246,247.88258880578132
120,39,147,3.2592631279678845,16.97776554004717,338.95933448155733
142,45,132,4.2192498439129515,35.715003352857366,196.80616987465078
137,34,132,1.9551058643705677,42.07454652098882,230.12187977771583
124,44,134,4.531902939679238,23.087552525336744,322.53210482232424
134,42,145,4.812329248889533,21.85814316502684,214.49102821963095
136,42,149,1.1558805431972865,25.12123444683165,180.81787138749502
122,42,142,1.2364444403391488,39.48646462591284,286.40869468307005
131,44,140,1.3638388749848676,23.91893053119518,221.56046311823496
121,43,142,4.107073634038579,32.56194983122842,230.4750561292169
120,37,148,1.7573477807159108,19.706313506702983,321.4975007391477
142,40,135,3.902783945863628,31.141846138329328,311.12943004218755
140,47,142,2.7651042794875456,36.86549660099455,353.68496266177567
136,33,133,4.345020037485611,17.513662432820823,226.4732168205592
141,39,134,4.2342216512170445,43.53981525667129,268.34141917617364
135,30,148,4.838650245529788,47.810257157888486,353.32937263786096
124,34,134,2.004151401905644,21.77417156762398,213.47209386922762
134,42,143,1.9169566510881286,41.58014609865454,346.5085776639287
122,30,133,1.126031901154397,25.971333183250813,234.89355976584736
147,37,141,2.6416643817061156,38.68536172554682,200.06422335872765
126,32,135,2.8362526750216683,25.733709184195707,235.80964476720013
130,32,148,4.858055333717752,45.18200965149025,294.5345456011785
129,36,139,4.323141176687892,27.148782987683283,305.0423493153834
128,33,130,1.6671668721996942,44.70907443294263,288.9400649761557
133,32,145,4.193957450432803,41.81499001775727,317.86289812974553
132,44,133,1.7131971233430234,21.871336937637846,362.92729158482297
148,37,138,1.3110602794311084,20.493357833524524,171.3219427781246
144,32,147,4.348331005826946,42.2879559657634,299.2197327231085
149,36,146,4.903838327427712,28.660613893563983,187.58366668520517
144,47,144,1.3524741781112164,48.228760924153654,234.7397327909945
121,40,148,4.255699504873928,48.0031892643324,244.7198641931435
122,40,136,4.43685059457267,39.271822071385756,376.86409728915413
126,46,147,1.4750223370657687,32.52031188853583,213.33046420212753
140,35,135,2.133013887087784,21.82385577436918,221.41815104160418
137,37,148,3.9346425560522595,45.88374577319048,355.67743597052333
122,30,141,4.230921118330114,17.86992840190435,239.52589767236734
129,39,132,2.4158964881986607,27.962294687765308,264.10136827254274
141,48,130,1.6397175987180836,26.17268286594924,251.28674629257637
148,32,134,3.593377904036952,48.545009023340825,365.606570360797
126,33,130,3.8078744129739124,19.134057427229315,252.8585056104672
128,40,137,3.0144314155801117,46.15524988191488,181.6425487947712
136,44,136,1.5797642705600623,30.975212122342022,280.99722855574834
130,30,144,4.377946977290448,16.66246180162655,424.86947881025685
126,38,140,3.5810638362660665,40.510322336726944,269.8979201713178
143,40,147,4.47665699532334,18.530774179761664,248.36141371527782
147,48,143,4.73187629796033,23.295142740147583,268.44348706293016
133,42,138,4.222791421752275,42.99050922355147,265.780181308523
138,45,134,4.834629658065339,20.41562031413558,299.7999137644314
123,33,133,4.8170309829834554,26.39145151339447,228.58816928980633
145,30,141,3.4773782215613442,27.634940144335495,292.60679042177736
125,49,130,3.9126964075820223,35.60808990853984,282.81076810438975
129,42,142,3.797634141227474,42.64766538726767,406.6121884526024
126,30,130,3.4845447800886267,23.078394134207556,267.52769540573445
132,34,132,1.077420703323409,22.20240217839466,131.05303595180948
133,34,137,2.4236267283425446,22.766590776841223,261.40048091768756
123,43,147,1.4003132548459214,28.356415597634737,243.8164825872564
127,43,145,2.2010364405287106,33.72861069019109,364.8401633779255
124,37,149,1.2742592277043898,15.470573406154239,232.07235116088845
120,33,149,4.6801259866053275,42.310415488387605,316.60523398544353
123,36,145,2.8053196626238104,47.435066462111934,325.9085756368903
122,49,131,1.7574577907015416,44.523184519787634,305.76609713157904
128,48,146,3.3391169242558076,16.30145791066411,238.6275112353917
127,44,139,1.7858037334904804,33.357664140220265,314.13039663087415
120,33,136,4.217761287161705,43.49094889559,423.1172657609961
146,48,139,2.223676438961004,27.044006400250872,156.23032857479606
125,38,148,2.259602531459723,46.396308227079274,259.49713946034774
128,42,149,4.479803775665676,46.04078874648956,291.8384232520596
126,43,138,3.2368115386009393,19.959658227431383,251.38330280890696
123,43,146,4.54920842302204,32.27707695453964,319.60605764799993
132,39,138,2.6515521194614324,15.898361895945474,219.07997206522674
136,45,138,2.3757107862083116,24.86508627224844,245.11997282836182
147,34,134,3.0248119890644327,43.41554933069096,284.4578236001435
121,35,136,1.2459666848116382,49.12992119879364,350.4195336113031
147,31,140,1.6168030848372847,46.96631397426949,372.3729067787624
124,42,137,1.8780865429052693,16.490312943041967,311.2549346611699
131,42,143,4.266709130745848,47.43556837914401,419.87485299593317
146,48,131,3.935195027643043,43.79268618955892,290.0784172529676
140,47,139,1.7732291151357744,45.36958808627572,419.78752456663506
127,48,145,2.1069902574941035,47.01893713499904,225.91309211251377
125,30,145,4.77704745386851,32.08629711415496,315.0608633072048
127,37,148,1.3432118489040965,22.392640281615236,273.2823382740738
137,45,140,3.1898203925922406,15.735843040552092,253.93748091625605
122,31,135,3.088027968057996,15.824189474977752,264.8759660148504
141,37,135,3.9028312686307567,37.48789979884256,322.48796100701
131,35,136,2.0457415054140102,26.804803125635786,313.52679689980005
148,45,145,4.73909060319162,32.356382831539,317.7173777373823
145,40,142,2.6423315265147798,19.596731197662372,231.80053193322547
122,46,132,2.1428784289368195,49.14296781646676,239.350119783424
141,48,138,2.347477667383459,19.548004985640578,290.4019599837093
125,40,132,2.394889395201142,30.568222026402797,260.5225027468655
121,37,135,1.7957136546611197,30.517373658693423,107.96487431734002
142,33,146,4.712215679231043,15.302349470941195,148.73087370256053
131,40,132,1.6995007384373366,38.37292908744324,271.89488631858126
121,37,131,4.531330537357476,33.83737004359685,309.32810393028797
125,38,141,2.6197168797617096,32.41236660556791,303.7896902530465
136,31,135,2.0771059340430065,43.63296934258743,330.116605258038
122,45,139,1.7940358113546453,23.439801536191926,218.01014054909731
121,35,140,3.0173693196330804,45.13838834246631,293.4872221213002
142,48,145,3.6770341719582653,45.26725320557924,433.9225382360852
149,37,145,4.592884121841925,43.94018105708104,331.0505318292361
139,43,147,3.6097863348405377,26.948922126376388,359.41314644601573
127,45,138,2.9346499610910803,20.689510394597832,284.605996632119
141,41,148,1.1339042583129046,31.63119882829596,314.2048607675217
131,34,131,4.661707622702478,24.094437041422864,178.94046193879893
145,48,130,4.609476971929759,16.82635408409084,320.80661987517544
123,47,145,2.5148678692832998,24.78145042138006,293.51482838014044
124,38,147,1.11613865070245,31.419490908705065,225.10025074966126
132,31,132,3.933478206030415,18.945744021588794,343.3735680623772
148,49,130,4.166723507428529,48.051680685701044,278.65078159381386
134,41,135,3.1698633182213882,37.963541341691766,236.58873404665556
144,31,148,2.611499941051283,19.77192559141842,117.46485097552417
142,39,148,4.404531351211996,43.42224702763775,283.87690333646384
135,30,140,1.7700656667470271,47.483090353494376,372.42619289126463
129,33,137,2.758232756863283,24.19744249072454,303.46168135723826
149,41,134,1.0979444428747627,20.01384651054098,184.62981794503983
149,38,149,1.6560421119099447,26.286642606489657,293.52957711269784
144,33,138,4.763324938712043,44.12870798699841,309.1543487596955
142,38,144,3.31233300145903,21.128286249735915,265.9938002722367
135,35,143,4.222369318111274,42.2771305384212,342.48343776081344
131,30,133,2.946001656410854,40.06921416276241,341.74352082775357
136,39,137,4.339308392034161,37.79783476446045,314.0343989522095
135,43,149,3.1558020433652754,30.166112477201835,248.74021053535498
131,47,146,1.0181508536439425,27.83695990153324,301.89166213241856
127,35,131,4.598796028123313,17.98402913976961,325.6825616594453
139,47,149,1.5942644793436505,27.507452484155024,271.9867969593363
122,49,145,2.8022190452310833,36.06446321662082,249.01298160257795
135,45,139,2.9066973153948985,46.43732256511599,315.21048541203606
149,44,131,1.1889450947588553,44.15935883559415,281.73311944870227
132,45,140,1.2122815417569797,16.127550558401772,206.12690287415404
142,37,139,4.050207237778827,19.8602013305824,280.2793526917444
147,42,148,2.2018031602027794,44.697079233667765,239.47663293790094
138,40,143,2.6385126649595363,47.8761427767228,405.3814456505477
127,36,140,3.256450061860959,16.953309560063424,272.0964239665811
141,46,138,2.493544418189367,39.54382224351074,315.19478930106004
124,47,136,4.100149706172775,27.800659006247933,233.9415049183347
139,48,144,4.53785861447667,27.750158661630874,324.6462970219752
127,42,149,1.238871536479433,37.49342173840026,264.86450085006646
143,44,146,3.541613535618435,43.35756307708485,341.9150000951206
131,30,132,2.2706400298285936,24.61931428081273,174.3491460635146
120,45,144,3.3331011136671695,39.68740204235239,209.99519155852647
144,34,143,2.935629272529194,37.25567080710231,241.17960556144746
149,32,137,2.334714084049129,33.106223156148346,160.41806549317351
140,39,133,1.3792625853225697,36.08490120853971,192.99744328235155
139,48,139,3.2377596460115905,15.631868401780892,291.90289085189795
125,34,131,1.4511702657071215,15.142307548168242,204.87332641246178
141,36,143,1.6244803527067804,34.26534983423232,261.1722006904687
137,43,137,4.92870101972364,33.34379626683605,295.8760133703571
127,32,139,2.266820761388315,17.49673218645744,138.11915838082598
126,42,147,3.3377447584858837,32.220921431807255,289.77245814316
120,42,144,2.088927768076256,41.51350712594861,249.54763098880747
140,39,134,4.462037754424587,33.942085540528716,322.9640669879809
135,31,142,2.133360763493402,33.11650017652795,290.4692238127567
131,35,147,2.4675406065499557,40.12679588740198,243.64112633178345
125,37,131,3.433550311240132,21.014547243358887,330.75202723057316
139,33,142,4.479946830578346,31.01181862520682,266.54932278907313
121,41,143,4.264856618124053,20.181675691620967,302.9361472296583
148,44,139,2.055439542227853,33.3344103921209,319.8984158778169
133,37,133,4.318219829982137,35.71795013640267,270.77117327111995
123,36,144,3.8047812615638525,19.258565556621463,198.17534734257436
120,43,137,4.959313961644064,17.643031932154535,233.58373331042202
142,48,144,4.741790671945005,20.8356763890552,240.27410251932798
137,43,143,3.1325468881815093,35.52181681601175,268.11221498339347
132,42,138,3.999714476770165,21.63667064192708,256.7733585523213
121,30,149,3.2807188079489134,24.633515848869358,195.77772457126207
128,48,132,3.3799817684598894,39.58910811651437,248.2277690596499
140,30,144,1.406003319911115,23.69206894605475,312.7417684940839
121,33,146,1.008982833910621,28.913444630944916,214.0851522407129
146,39,145,1.192745497899549,47.50958758950829,261.0344305837229
144,32,133,4.866522671577697,43.87488139763893,280.72087670360014
128,49,140,1.5050729116919568,23.941528755535654,235.20814942118565
120,38,137,1.1775588167007442,35.91515304906352,250.13008347954988
130,32,132,2.23857683882866,38.30315479441837,149.80803208122654
122,35,148,3.352719759818113,46.50845284058948,250.07287865888455
139,35,143,4.793842577211731,34.161356087038754,291.28119997081285
149,41,138,3.799550314205948,34.6450407153971,330.64663088787836
142,30,132,2.1054118756006672,46.09565247171075,351.94774247676486
145,45,133,4.756232072948594,16.903361431348596,200.4298692124705
123,34,133,1.1441643010608034,36.98494628785009,301.0309340445756
137,38,140,4.91621602906717,29.58272222672273,274.15511481016773
142,39,148,1.234562803305796,46.84171847486303,247.90388411647166
125,42,145,4.015399892228664,48.61890950536232,323.68036919432615
122,44,146,1.1811901566938117,20.958654247910584,269.82709855896076
141,41,139,4.726245769474028,24.851396471631404,347.9487276392782
130,34,146,1.4346635869245565,24.57102659669537,297.5384713071203
134,34,145,1.2019160521085404,18.521966954160234,249.366184663802
141,47,149,4.55706061929979,31.90303669149546,205.45757675979823
147,41,135,1.3831755356705,32.95784937553339,287.94331390079884
124,32,136,4.191725163120334,35.0542390880844,276.75493621132614
139,36,143,3.9881385618240315,38.20354282561894,260.14131015801723
129,46,140,3.395512153953465,17.20211083626599,295.6339837387377
131,48,141,2.511850880877226,36.78692410273379,209.16227740265333
134,47,143,4.662322198531957,46.983325086091845,373.89820793399247
136,30,134,4.484325023472498,30.924684264395715,302.45472204155396
129,34,134,2.7049884438259717,18.734935516123137,185.91007343123044
125,31,149,1.9268998252585927,18.008040935495035,328.2025732998626
137,30,144,2.090286677673658,24.861329201881652,183.45537562457548
132,36,130,1.8812943094502157,41.338361920406925,241.77302616038307
122,40,138,3.1650078510421764,24.13498793611567,267.815844039955
149,40,132,4.474155314281191,43.50158193054099,256.58285545459654
143,47,133,4.094447868792681,43.688070143808744,267.8348901442821
129,46,145,4.182041839781756,30.99891433110988,172.31983537821873
149,31,136,2.7931539667985814,25.527609501639105,238.4589036587852
133,36,143,2.2897793271935205,35.918350344816254,181.68458743330805
125,36,145,4.029423082820211,43.368555213488364,360.0295253204298
122,39,147,4.17319310341795,17.25997793002953,205.2981697306521
135,32,145,3.781414825922823,48.36982401643108,232.15684549245327
126,41,145,1.1284284901690738,37.606509622956196,242.45661742278938
139,32,131,3.3587387522739354,28.935171470697547,213.34635632205166
133,40,139,2.3881833169915385,32.7106732437812,262.35272827557844
128,41,136,1.7847709961062699,28.49573738719002,255.9402807781688
134,33,144,3.7775810533691945,29.441386019530405,244.0418894250907
140,45,138,2.0741045427443114,35.84658137947422,289.2292544761708
122,49,136,4.651364635823423,17.108417390000962,229.26146370443314
121,47,145,2.1923162950527795,21.138199374473675,141.6637071547211
146,33,132,3.220722398574574,22.946384943123398,201.05400300094163
121,35,146,4.311048654606534,29.26299959974201,285.6455547883903
122,44,137,2.608473352109533,27.987013535205865,303.0387997812225
137,30,131,4.314631836964107,40.2771595883962,375.8866848781761
133,32,149,3.8947855898746497,24.071277904756304,276.1023575629623
139,34,132,4.683463812332619,16.99752467624687,243.55271683853167
137,46,137,2.3033382503590616,16.940478615328086,305.7829052757768
129,43,131,1.420112259120529,15.395958002065951,237.42040903792392
144,38,148,2.7213979917217097,16.330910228876817,214.10099873642665
121,32,146,4.143253876756552,45.053123616171405,290.05991437735884
144,42,134,2.8017404535602206,39.40350212229113,347.5239290244445
148,32,149,2.0479517207722826,49.857590806431475,328.79028126674285
141,40,146,1.1104127102920591,15.710945484259732,231.443892164129
120,31,139,2.2520952118233093,44.71505428763618,254.696178524876
123,44,138,3.853524444652552,39.36197152431852,384.49404926950916
133,42,135,1.5904550249069462,37.41198510167725,225.23971877344826
120,48,140,2.3635175212289523,27.478624396671435,223.3454107627461
133,45,131,1.080925846820449,28.18545951764925,308.50746251883646
135,47,141,3.8870200129039647,44.59464166786064,295.16178800577825
141,36,141,4.522732188204701,39.97193573914517,344.21016704701145
133,42,145,3.274113270752137,38.461080312330886,342.34441116740066
148,33,141,1.103488423570524,16.072726495742206,216.5422808449739
139,38,147,1.8705012501981324,21.451187247354873,268.9920533550581
122,39,142,2.7538765411797126,48.69185610829535,372.713369088168
122,38,144,3.350324882245942,30.90299374265657,326.74535966253376
128,36,145,2.9851053698818846,42.34876305784833,378.15830287569673
125,44,133,4.663464185645086,28.626382917784817,284.89615372515726
144,37,141,4.754545265606021,41.75130070001102,391.110283918827
132,48,146,1.4286098501566622,19.17243988369289,233.70895582653293
140,40,130,1.5535635128293546,16.474480686955417,245.33488234790218
121,34,147,2.432219648929592,31.31618000322165,200.3686098526491
127,31,145,2.684939527602378,35.707616885357325,271.28922209653047
140,39,130,3.344266770644502,26.329566195725448,309.0573544108209
121,45,139,4.092638999150626,40.060161979292246,314.0012996111393
123,42,148,1.5430708222469702,32.353687711054945,237.5918461975119
144,37,145,4.2105587843101615,47.49108966402049,281.94436202886874
134,38,143,3.440113253901256,17.97466811180801,204.1553865333061
123,40,131,4.923537843180006,17.3298927540378,275.5657803978695
132,40,135,3.604670712330129,46.679264828644506,264.2019625940324
147,45,134,3.864366018962871,38.418749648259315,285.8812962971995
131,39,141,1.780835465608678,38.48914008460383,257.0819893999757
147,41,133,4.0754478214361445,15.964432779826815,357.32915524450834
132,35,133,1.3170647107326947,47.818632892100936,359.82866637426287
133,41,134,3.6261217447527443,42.01387695756631,337.5865698226273
139,39,136,1.2222916353948055,41.75101862322215,296.6473060367565
137,47,135,1.4609032852383872,46.91753744714653,313.6790056011124
148,47,142,1.4314650972663632,35.23536081316077,348.389161081329
147,33,133,1.2099362592902252,28.81332366973322,171.32123195084995
125,38,142,2.2845556677835854,31.82377090049252,121.16314111015426
148,36,133,4.977409831610144,42.203424616100456,311.70148968492305
130,47,139,2.392901473846145,41.90554938798481,165.63499185863998
149,37,149,4.0431036533541995,36.33553174997074,217.15151521933944
121,40,130,1.5292680634284022,22.63281259859129,168.89456317043306
147,36,137,2.817964321061819,43.660943197146224,321.15351930517284
142,38,136,1.7404633422595688,37.65345488735689,322.63329500310823
138,37,134,1.7683886803728162,22.744170731321823,351.23014063955924
138,32,132,1.3987601462961519,31.8225557415068,292.59820185045646
124,46,144,2.7281766121117283,49.90222157617503,250.3566104383606
138,31,146,1.3021396829946776,26.493294367813885,217.061649636071
121,44,142,4.639245425422644,19.07962151697978,231.46892313131676
129,43,144,2.7916012862878175,15.758359601445878,192.7276385837344
144,47,148,4.354264565751525,21.462132500615034,217.84990422439225
121,45,149,4.917857798822048,21.54382071222995,353.259860054628
149,49,143,3.7111167152809585,45.03239557032104,274.59605528076565
130,33,142,4.606043028536694,20.46541622191272,280.378882573515
137,49,141,1.5414700820120095,45.19278296574507,322.8948922547415
148,35,138,4.319974583449744,18.035077795509885,278.56313647123875
143,35,132,2.0848693328399035,46.73255049477218,239.52677004491773
134,40,140,2.8903921553686436,23.972372567246808,305.4231782805539
128,46,139,3.586330596377329,36.402432169657104,272.293889475915
142,32,130,4.614174370140855,20.59045146725842,268.3743818029365
138,42,146,4.643975203718968,28.651947108576227,265.24632316406144
128,32,142,1.36840950856738,18.00187316392073,178.74135283879573
122,45,143,2.4582219552842335,35.28348714898948,295.6211942727099
140,44,130,4.172700826736866,27.10571202848658,301.46015010206435
128,40,131,3.8126275569289017,44.82525292642559,330.5976802560166
147,47,131,1.105409780083312,21.363576740472972,233.72393692113204
149,44,136,2.799557620227799,24.79958225474591,228.92439982434723
133,34,138,4.317012380494471,21.20391370820527,274.06430077442013
138,45,133,3.950737749335091,34.73379730826106,378.2481886455998
126,45,131,2.6473991693292906,18.91115143168705,171.0236075331299
135,46,148,3.940644489387022,21.62749518412992,258.17123623993245
135,38,134,3.204842836546426,38.74714802047042,273.76382947001485
147,32,138,4.650515992273146,17.604508428757907,161.68845544349531
120,49,142,3.348508697602175,41.01072852330678,265.8782074407207
123,42,141,2.6029367151774725,18.651672117954476,233.08140938842428
123,32,148,4.4516824982729375,35.49210658543315,274.30910617374235
126,36,138,1.1994753692265636,49.923330945403194,345.3357790369794
127,35,139,4.602042574549907,21.086251737615022,283.80448891399766
136,38,148,3.7853872579911414,24.138021153321002,299.0799995380309
124,41,139,4.762423441696312,46.44493288961685,339.0247979284935
126,44,141,2.0020194765078334,36.920028707649514,254.62660443855748
147,49,143,3.7796854585594453,32.23859545815088,351.683307850505
139,32,137,4.237853067623979,34.694678404451274,308.9143677040507
148,39,145,3.808410319143507,25.342337062341276,284.12714739927316
139,30,146,1.8413348091570603,44.936262368316974,313.59234889999027
123,48,149,2.1023582722913745,41.08441587617351,255.85784369323542
147,48,133,3.2669693938106947,37.48632513168704,367.81131146033914
125,42,135,2.787002410763078,47.610990937949715,286.5628464537377
126,41,141,3.940468753666113,35.23388011899364,324.88155423405243
137,30,147,2.5147067658652817,32.91569879908609,255.8692042584024
124,48,136,4.43792208743889,49.149269081690285,272.53388985412016
139,45,134,2.727681620147001,22.210493964323533,308.3106467536664
149,44,139,1.1601651228591696,19.96888606191966,305.26522255495547
148,45,135,1.0694563035397828,20.67990043368242,215.2677636785883
122,40,143,3.586970344338191,49.63047028056686,288.90592886109056
126,35,135,3.1622124731273034,37.8287869214193,264.1836412193124
146,40,143,3.1709785734251548,25.70730086585296,362.0857727931639
147,32,141,4.160036064113783,23.714223152227447,339.50710836127416
141,44,141,2.5028809385588784,16.982350653173516,209.033466806812
133,30,137,4.981787990379939,19.618156504640268,203.27703805454902
126,36,139,4.782120402439409,46.78604034678753,362.31001461487136
124,30,145,1.0518470686312988,41.156937125185635,410.98932891050964
148,46,149,4.582971072795025,47.95459070763989,309.4850814158375
141,38,137,3.7221986014804287,29.830582775932307,209.59388566502201
124,42,138,3.0083613472641395,36.04330361214235,171.59458912095317
149,40,142,3.33098989637617,31.92849406496467,238.7234495943527
142,49,149,4.3674294530572855,45.8484888770737,234.77970141619807
121,35,146,4.804149568292095,49.69836605104846,296.4685450075406
149,30,148,3.2413344989457697,47.647132267762935,372.5024710500666
146,36,146,1.7251657887543597,35.9319546723917,284.00343799521283
140,41,136,3.5590159352890596,17.16306920158776,308.0560322419134
141,49,130,1.3048758735543227,36.61343145577513,303.27724077557457
125,48,149,3.540554947339471,18.396659753589056,330.1809848066574
134,46,143,4.2344472101074935,19.85875157724947,292.6839862405032
140,33,146,2.4133257459435478,21.697064436619726,285.534649510452
129,32,142,1.2847376970206947,27.722269736916495,306.1965353326346
142,30,131,3.768904513651625,35.71252692776734,360.5029023776015
145,47,143,2.3573150006743164,26.67437859608083,230.2536213073625
143,44,130,1.9963866075222065,30.829348756761142,248.15245898772733
126,37,134,3.756727035772968,16.6551161579727,159.19804960861012
124,30,136,4.87834587563518,36.69152302535477,328.2712107784332
120,49,148,3.98128950970295,37.99611179270797,143.92079039264402
132,43,143,2.965400162237502,18.47865518174818,281.7473500578091
140,33,143,3.4020428896965926,42.47910045976192,258.0572482894401
145,34,144,1.5691156347431554,37.66108451816949,150.77469692626727
137,42,134,4.252853142731231,32.14053002484772,402.60633205728834
132,44,134,3.4171800424456755,34.35009559635411,220.5175242105295
140,35,131,4.863321591992069,32.606600709347845,215.80375307290478
140,30,147,4.917933473159792,16.882753030470692,219.216513879092
137,48,138,2.4183467697616123,40.730231132580926,367.1957592384899
124,42,139,4.954183742050684,32.913372290818785,169.7044027256143
132,35,147,4.827334112410361,21.048834872393535,334.6244605025583
123,44,133,3.5593278552205443,38.82557988113798,206.76925061816587
136,45,137,2.333857713836625,39.32729621217193,306.2899245483893
122,45,147,4.013360882991076,22.47234142944998,250.5360218725446
136,39,149,2.0849489254245435,42.87732754535551,261.9169940286582
147,38,146,3.5193755866983225,30.97766540583552,233.33548453848127
130,38,145,1.0983264551982561,21.321336437747014,274.65826539472897
140,46,147,3.5143311861766944,38.01670011595637,362.6710585480902
139,46,136,4.806433138934247,35.885443758702166,308.5220176332774
142,46,130,1.9405721708248787,20.964221403820922,171.63421353217313
140,41,130,4.1127179468631105,45.53221149221837,301.5097503508488
145,42,147,2.1736941996624064,44.908701644723024,313.84007066761205
149,41,133,3.831398994914566,44.2685605749615,272.68743775104224
123,43,149,3.7998894794941016,28.972975063708542,325.29572143707924
121,39,149,1.738950966761914,43.861797116471905,197.53402032076616
139,48,133,3.3885116416840795,44.56783579334797,292.89668487334643
135,31,135,4.436675812452615,49.878909523930545,298.0050688170546
147,33,132,2.530132277758245,48.5161616360777,319.836048437009
137,48,135,3.84110780539565,28.399656726319648,312.9731009804724
127,36,142,3.697720140938186,21.937148744068352,246.381942316262
122,44,136,2.0300560072024147,25.23618374997315,225.7477338293261
128,44,133,4.674574239142814,32.31734293330624,382.85576068621003
148,35,130,3.254048336465092,43.19101718499893,221.93376169555864
139,32,135,2.4211706272220965,40.30444195041332,202.074226660893
148,35,134,1.6574335028097469,42.56994655839764,183.58406204620812
125,45,142,2.893833409679076,28.297423054601076,248.33601827966282
129,31,148,3.9204537516068,23.641662549903355,275.34326368061494
140,36,133,3.494561079083952,15.844538580146091,309.32489792092923
129,40,135,3.908210238211053,36.916426772758996,286.6955314766424
132,36,142,4.167043009201537,42.8263207541594,272.9902554671968
136,33,134,2.76401906595776,46.11991729315289,292.50710767759284
128,49,142,3.0806647360971695,31.66832591729866,338.7837170403834
136,36,139,4.945688446323562,47.467602237253914,311.3395356575771
143,33,132,4.872205583283462,22.08442215713255,232.014867822098
128,41,142,2.6592684990354365,33.00323431005858,230.0851106740006
128,34,141,3.7407180968259803,22.481871070443493,270.0174229214384
120,48,133,2.0703607133114112,21.582642940508844,237.81447175507256
121,34,139,1.6107901825425937,48.368584620082316,324.53705497007064
147,48,132,4.073604890494934,43.62092410555342,373.90274505448764
135,32,146,2.744719877672097,15.41299637544426,129.52974046638144
148,40,138,1.7082112146000759,24.397954829845993,274.91734800112835
120,36,130,4.035391694082188,22.179733786880302,236.49998547172308
129,46,147,4.660681439176093,20.14969630506074,332.97032274402306
137,38,138,4.733094001830947,39.409435027762484,241.13080280313997
145,38,149,3.3853348338504783,34.839324096741336,303.65026521811967
147,39,138,2.918564515899494,30.887709976253873,222.5647364426301
127,42,131,1.5674663446472223,21.632397045393496,244.45744006402597
140,44,148,4.171159217024413,24.71663196985798,257.9945755672942
147,34,145,4.781292608401159,27.463536715860748,293.6217263470517
130,32,132,4.557841654469587,42.49189400413066,222.7416704305528
142,37,145,4.007133817750683,49.62163017507493,292.66135047747855
121,49,142,1.0182754503631042,21.43919691366944,285.8857310972069
127,39,132,2.631003498429363,26.95329341126562,174.62735319544598
146,42,139,2.6428566868072316,24.807054129061434,161.70558720520214
141,32,147,4.577472931838928,16.542358810729645,280.5359518622547
127,37,135,1.2626028676761933,22.672659992712937,229.5292479675158
136,38,135,3.1248903355277062,46.55648801846823,207.2050248338643
134,41,147,1.5445376157084687,44.500036260533875,269.9895630518621
136,40,135,3.649175657063889,20.86590602901647,364.82067503949844
147,31,135,4.169021952712724,27.815705441570163,315.60817059561475
142,47,142,3.567836847886525,25.878106934518627,325.68505913107185
143,38,143,4.178340564082504,20.170928281895478,348.1376174429843
132,31,136,3.429985190927521,36.777287337323955,408.9870958706317
138,31,142,1.7593564418995058,34.50542161278503,263.40931994217596
124,32,144,2.5306540740094987,29.94469664584301,304.97269645572385
131,45,141,4.827475264789021,44.942441483787725,345.77029509552995
120,48,130,2.1526996511120267,36.689896900451764,244.32517424285066
142,33,132,1.2514495370534,24.074578889859225,219.42233012064875
124,47,147,2.5393198995822104,28.079665801995404,175.99236170172878
127,49,137,2.465228475376458,20.25548554240966,304.06352613096357
132,47,131,2.881235262929671,35.698064558855734,222.94738731904667
127,39,133,3.24121368832485,35.532018078971504,211.9305720334608
144,40,147,4.969693066028357,45.45642900903404,419.963748663599
142,46,142,4.0249357687440686,44.95358453647044,301.12966884759794
130,49,144,1.1435630570308413,44.29297117109817,295.8452107316192
120,45,131,3.8508493128260506,34.21333118955356,304.59297772898225
132,49,139,4.296926993647034,37.82069337651052,316.6181196035017
138,42,131,4.582522955537545,42.14396803888974,296.35000293074023
143,31,141,2.696024411609605,18.208969083449002,175.97999447224836
122,31,134,2.254502272423398,25.520926331224956,168.0307261954446
143,43,141,4.3572991708929525,20.918147998688514,236.6561075995971
136,33,130,4.110461637434155,32.90136930211371,446.7124180668279
124,46,131,3.144169799863303,44.31837848214127,418.97684395462943
139,42,145,1.4715311376606088,23.07491893774153,183.6715773315868
140,33,131,3.6070453562724043,40.581623730975465,321.14284806445215
127,32,145,1.2626702657314968,29.203839873527095,253.3472928702826
145,41,149,1.401467218760669,46.60762151255497,223.89062732222806
133,37,145,2.324560955700926,36.93763392963085,240.79977143808057
123,31,135,2.4847019874722496,49.179355195848224,241.99738542874894
130,35,142,2.8478961555611204,23.598442150472337,102.81451000005953
139,39,141,2.356571836874995,47.33854323835785,284.16577285500546
134,41,139,1.1351526217380772,27.496951762681903,305.80630299758815
138,39,134,1.6296627377029345,36.76886118051327,390.3163054438657
126,39,137,1.4604478633281373,21.107787470653413,255.4224147670066
138,32,135,2.724734394263838,41.59247920485885,213.17581721097827
147,49,134,1.8485157087266582,49.238765191282766,217.170132847359
138,39,149,2.174181171579867,42.55991407372419,257.0423721414717
130,38,135,2.886269853458905,36.55288598727614,282.96025589917065
145,49,146,1.942247439242112,30.687489139457448,260.8840667678883
124,48,135,1.9837164175442372,27.08327077323639,338.4768147298325
124,43,146,4.332576709546275,29.665441578148066,316.43870538486954
149,31,134,3.192347472242598,26.490090946775084,260.748706041521
141,34,146,4.427037806319987,44.144845345173565,372.6289701751927
127,49,146,3.0581036608768417,46.25888931296244,247.0080666578061
129,37,142,4.637056929693286,48.238018999840854,221.49571019100233
125,36,136,2.018968285972006,29.64268126677476,276.72752834377724
134,35,135,3.4666801337888042,34.117672120228235,222.21224515794023
135,40,143,3.0129270954155154,35.19133973648711,347.99549965945
147,41,145,4.674763706732772,37.78808620824185,260.6009691827986
136,47,132,2.6739183114293246,15.085971931215553,265.56244934381124
127,48,138,4.41929525306627,44.4941385001784,386.24284035229977
127,39,144,3.255616202423456,24.38492289113624,319.96880005674825
144,43,147,3.8341718074419893,31.525742406119896,344.39205362316926
128,32,139,4.547572372478225,44.454888996581445,388.57661067927506
121,47,139,4.98762565881918,49.889965143274146,315.09098213377365
134,44,132,3.924558234590878,42.820922667493164,318.37222339881254
137,35,130,2.258087811671131,15.86916330500918,193.3478664963862
122,39,132,2.196047973168439,27.906395977331712,226.37296756199478
136,41,134,2.236415299567857,23.65237226465517,299.9090368900379
123,36,136,1.391633281197993,48.74461065169037,236.02785030516048
149,46,132,1.2143955677154774,24.24801207671719,296.15179849642846
123,30,133,3.3233715052947903,48.01725666188051,243.05591924411874
133,47,146,4.24235410888677,47.81311297256652,188.0851977698872
128,44,132,1.1445381592614408,44.379360952385866,311.67091478876625
128,48,133,3.266537185687362,18.432511834438422,268.454385281542
144,30,131,2.487044484891317,15.069832980226959,237.01488439545966
145,34,143,4.569940810230474,42.78590794747997,393.8497720495509
142,44,134,1.581547715523545,44.515467015694306,299.7965892232361
149,32,131,3.253728020038183,48.67635926310649,280.051745704311
137,30,144,4.88368282797917,22.64339140084727,257.3691819244852
129,37,140,2.3801318658602506,40.66012637734872,324.7219528883239
140,41,139,3.967107645174022,33.1672546100918,317.57062022406905
123,48,149,4.529804620160341,26.496877181862615,322.65534952190546
131,41,130,1.744842249886915,36.220185352065855,267.9864551700411
146,42,148,4.970108721048016,34.186978775578794,385.45069324714535
127,30,143,4.237546660156121,25.230303974730106,358.2703958279538
121,48,143,1.5502570324501583,24.39618617461306,165.33606033442263
141,35,130,2.2435388020593505,32.030307845154496,276.1586793445213
132,37,138,3.4998801534293746,31.59127779701278,322.03192592938484
140,33,146,4.53967105041757,25.57184461087987,231.480201972898
135,34,143,1.7793420903691097,24.230590531412908,215.61925420801538
147,36,142,3.9248223301819802,48.40075931993395,428.9307382493818
121,33,142,2.082592052872083,45.18296766608832,325.2518038214157
130,49,135,4.221665802510659,43.587268689858675,381.88902401904915
129,33,136,3.7337681091001333,22.49993190369523,271.64212225515195
134,44,131,3.091636138674429,21.62518622450304,287.7258940358189
136,34,137,3.5994638496360003,43.32651564043344,255.87571519634966
127,38,135,4.505780982135269,21.463602169228675,307.3048094841169
137,31,132,2.545703439385935,32.62375775142627,296.5902078751448
142,36,147,4.077000720624115,22.749762536958862,287.54641495343435
128,46,147,1.6356217395019859,28.23244242845532,237.5866410687558
144,45,135,3.8047422617676063,44.870897959334,304.35651440719323
127,46,140,4.002629449886842,46.19964201384193,348.86685777918115
146,49,132,2.771990787017821,49.883773780862775,295.91240440370984
133,31,145,4.174488421198309,48.036649800527854,362.250276913083
147,40,134,3.228413463511508,38.49377535350073,330.5359061202995
145,31,131,4.745097590677863,30.110409796917445,275.5461376036386
144,30,144,1.449865743845458,17.019233135217966,255.79262756839893
137,31,145,1.5232857050607271,36.28581397262178,366.77229567566474
141,38,136,4.369709768178222,22.3738231701416,290.2701096638934
139,31,145,4.369445098265409,44.75476993403622,267.2861534219636
149,44,133,2.8848990048330347,34.211460777240205,284.2715539857724
139,39,145,4.855848839488923,40.672558901364795,286.7113289726213
140,44,146,3.7175572745068126,38.572326214045916,307.6203234825427
131,39,131,4.9314129870482475,27.156591714096656,252.29613185945553
138,46,145,3.129581580805273,41.56801175744185,381.03979504107383
133,38,133,1.8064533769920623,44.5181335354157,241.0978412669984
136,47,136,2.7775725081165223,41.044565272902545,324.33893275803666
143,33,147,4.921947367788057,42.1882373113504,249.35701410356523
140,38,135,2.48165581211763,27.600543888335608,268.24922551214917
122,45,147,4.828065732539333,48.0290776461883,412.65635362401525
145,33,136,4.188085390697266,29.860024142462663,331.0136113985269
149,45,131,2.7684253111719896,46.39675764912626,290.3237480240156
142,48,148,3.1674841278303343,45.02332864328055,343.7797042612581
126,30,138,3.429756309129182,19.351584138244995,284.26845853775563
136,35,133,3.6630643389212225,48.819469585706614,369.87353710075445
131,39,143,1.3067968664604788,49.87195898841795,249.75780309367295
128,45,134,4.734352209664853,36.21512808551502,277.92735378534195
134,33,136,3.387998852402662,42.40885178009819,317.1694133068138
137,42,137,4.724596878415278,47.679046314313574,305.9978799759532
140,45,144,3.527593885153459,15.70085366643705,243.4169789462995
132,49,148,2.7240619560390043,47.54965085042935,301.7568110754008
149,35,140,3.267712046145329,36.957814821568775,319.432665777803
140,40,149,4.31801309616114,43.99597401292491,240.8411607076903
149,32,133,2.304503325806695,33.92527955569557,291.11532533811646
127,49,147,4.825840228303675,33.56911137877307,351.6947855862901
133,39,143,2.8638207912229454,46.41313720106135,301.013448813773
127,30,135,4.824948008389546,32.761520226967136,292.64871851581086
133,49,145,4.523026458973052,31.51262833922785,284.7922296346197
126,40,147,4.070647825663249,36.2866082949937,317.00532249771896
142,41,130,2.8697511977488244,33.14994934068254,282.9786002035282
131,43,137,3.3477805772572804,30.62004346484583,375.77756514025026
130,37,130,4.352117649441302,21.318333987972835,301.54894370022083
141,40,130,3.1762232074588024,28.909017049659717,338.75834374365115
141,33,148,3.952758306153964,24.871599529202037,271.87604867247506
130,36,139,4.162636204027053,29.016265428030962,288.5797086713647
144,39,147,3.052380982674739,35.760540335954445,273.9918200147923
141,48,141,3.144990073414675,36.30981079840937,317.83748491700504
147,33,146,1.7913388688875296,23.353151740244805,234.4002006289276
148,31,130,1.9789567108283368,17.956752631558796,256.90432935236606
132,47,137,4.619772732776847,41.05531911619572,299.49959811813915
137,43,139,4.361318450653272,33.49997424612499,360.72413499346806
121,45,139,1.040490234160456,30.473547237294873,156.4739885190096
148,40,147,4.477550343952249,19.535841408158987,170.10871555860206
140,39,138,1.1009395423472084,29.51323128314088,258.39346520478887
134,46,131,2.833121611769313,43.63613958171923,194.86232742950315
139,43,132,1.2697309044436107,35.3502470312594,115.27321916015566
146,33,131,4.875292553828675,18.184142945757003,314.133401986154
137,48,135,4.889277023216865,26.62962965945758,312.10799010128073
134,31,141,3.4434837678664687,49.29307090697552,307.03825606435385
138,36,148,2.5688196432941344,34.057761499072555,315.2094032994333
142,38,144,3.0479710007783174,25.023862785856586,329.4107343756024
143,48,148,4.049197281927663,46.97056611706722,315.2476653616672
131,45,141,1.8927718388807349,26.760022190118598,327.77516166309067
132,45,147,2.7668899648677177,40.546756707470195,303.23144319980776
141,47,145,3.9490747610123393,20.152717700134186,213.48422122992235
130,40,131,2.581569911348509,20.477258993462904,210.48515454557918
124,36,140,1.1279860883707857,34.64599071150994,258.9305631310776
148,38,141,3.029577676220479,23.393816150126195,334.0372711061176
120,33,134,3.9496446501581866,16.726623028492167,299.12503833817
143,42,135,4.907265636738241,47.42629039914836,326.3192835418956
122,33,140,1.1481846127894029,16.959634201510415,153.06388243739
141,48,139,3.1596824086039086,40.11032603434828,416.2350438123271
138,31,133,2.79975464855583,26.65450379441109,260.77823259893495
142,38,138,1.9697951571637597,47.67267377886084,295.3838052916587
148,41,141,3.5510508801889507,49.51183362106995,276.5444950701241
149,31,139,1.6544899714231285,26.740072796587317,334.4784981688972
126,35,143,2.135459069259411,35.68873868612117,215.88870996078384
131,34,134,4.127029560700498,42.054466409983306,326.932286482814
134,34,130,2.84164696010222,19.319327249414986,273.22453922612317
144,49,134,4.974682587679538,39.83118063555206,300.75303270838396
124,34,145,2.545842976595176,46.716911954548124,280.501374814483
134,33,134,2.8530442644008653,21.24758915452086,302.2789708576706
127,38,134,2.201031048354136,44.35485319649224,428.8988828981643
129,39,147,1.9451744247641818,19.046121543482794,356.27126209545395
145,45,135,4.689125644779269,34.89055937897943,317.0306701966367
135,39,147,3.995306560514924,26.877728424792956,298.5391441292258
127,39,139,2.3336101288056534,31.51005512005062,327.95710942796734
120,48,144,3.8006239585828987,25.522126461156343,260.2116288638488
131,39,140,4.863135001746242,24.118878006471363,276.880249477927
124,35,148,1.2961918624556557,41.009871646770776,268.24968030531727
122,46,142,2.0580176174834373,22.8089625166388,212.29713750514028
120,34,149,1.8023141967800056,29.29445654596,323.2940761355616
123,35,132,4.47913265457764,24.609497776088972,310.2604816675469
127,44,145,1.7167613182060641,23.35222794413601,298.0788856915115
122,48,136,2.2323039839586563,36.94836388572523,248.41203356772124
129,47,141,3.175443093304739,16.59000156903079,218.87441890451527
121,33,144,3.484377422347799,42.6114557951298,241.7944528003734
130,37,137,4.232735050130623,34.118192238368586,366.9083530887107
144,45,146,2.629292986215615,43.995308863756875,184.95908751058334
129,48,130,3.136978890615571,22.455559418934484,311.1813385979335
140,49,137,4.861848300176821,39.82921142941945,225.3907377595232
133,32,143,2.189446946573625,29.720434450113732,242.562726285013
126,39,139,1.9923768446612993,17.688139200799604,152.52935142508906
146,31,148,3.842396765367006,41.33667372743162,385.7813359307106
146,33,137,4.084545084801887,41.67655323898069,281.6721991111295
121,35,148,2.659115612721233,24.482090306166967,248.28100397263353
128,40,133,1.8519156728875625,47.061610663534104,265.1221581385093
135,43,139,4.11569062324557,41.73894288683537,271.8294284272701
132,45,132,3.6819715811161524,25.736507919318626,280.005157326421
128,48,133,4.504911205120957,23.368812984189304,274.4266477377721
139,31,145,4.377305857308485,30.403134449984023,318.90518549514377
123,46,133,1.8207807380169334,25.247643517226898,227.100833085462
141,38,149,4.329356720354721,22.595806887007758,206.60491339220965
129,46,149,1.7006949644756149,28.968526502883375,157.4542195475231
145,44,142,4.454815615111622,15.899647798922215,284.05621015776666
145,36,146,4.081283736130713,29.049387473848363,366.3678229213104
141,48,145,3.279444297129594,22.758191987605557,248.79793474730812
131,32,146,3.568886703241785,24.251696544159454,303.6999420515601
136,30,135,1.4163170834990328,17.889365018127222,112.90355564725988
133,33,132,1.159540725945328,35.61260892724676,306.8522963095088
133,47,149,2.3225869669356345,31.52032296504226,323.1600803547922
144,37,133,4.28562324566876,41.27195822614226,301.39357831604974
121,48,137,2.8631422927198904,49.54845188127716,260.3287846126225
140,35,149,1.8935761202128276,19.183690296757618,341.6942456639308
144,30,138,4.338195599659263,24.534878113369892,300.3069167140761
139,37,130,1.9145090345958917,38.88589448157164,386.3324106697735
130,30,142,4.261974892963767,23.305920318550783,305.46546952213475
135,48,131,2.811918123672593,16.055163043074078,145.06192905134094
138,40,139,2.8539795490691273,18.84323183817879,329.13845890545986
142,44,148,2.0908784394329687,30.176942461046806,273.84068353743027
125,40,146,4.600696083597409,30.077462824294287,270.31272671858454
143,48,142,1.3551411027765363,49.0306641719412,294.0230535435313
138,39,143,1.577625205214098,31.30825118642186,223.17250664104603
124,41,140,3.543539072984831,38.732369761397266,191.71196696941396
145,30,139,4.400461063025393,32.22703505996704,367.21807418106187
123,36,136,1.3818050007409104,24.44714746194893,235.3424345397395
134,46,139,3.935008997666433,18.690787279011005,250.92636304114455
148,39,130,3.9700461325579455,45.06759056314639,374.8647230635089
123,35,143,3.3260909206597127,20.34319430523288,374.66091280686743
139,46,132,2.9469121926786523,18.3912765573003,244.40286082132667
129,47,142,2.284351037230138,22.484001386016423,260.1225245847262
143,34,131,2.405847169730666,15.087102373222912,330.6265824676366
141,47,146,3.697733889661883,17.51878024387475,294.11491704891665
122,46,132,1.2611491648556412,37.23188689519367,281.0351035430769
145,45,144,3.3397399501785023,23.52416624002633,96.93654371294772
124,37,137,2.1149287698113883,26.847923347467233,264.9340207750675
125,42,135,2.86642364777577,44.23549141973925,274.9943199218602
140,45,138,3.235918473800794,42.05148540286085,311.05401585612265
141,40,140,4.542637374537325,32.2286835363077,348.6025237242626
127,35,131,3.316299553329419,36.45418303911496,192.89209806164865
126,32,138,1.908638286556076,18.003394745407746,147.2777000074841
140,30,147,1.317837812689508,41.65581455184753,322.1910507319728
129,47,148,3.5079535983638865,33.06670133433382,377.1253154978025
125,34,147,3.1801935854045564,34.983218567991955,204.66306198764997
133,42,134,3.687191586304248,38.29344379027194,341.5520502526236
123,39,147,2.837586316549348,32.50613546859498,265.1761949280888
147,34,141,4.300503389332112,33.25924205665901,298.91345956692584
144,43,133,4.680718728954533,32.48724553880072,273.4081182196189
132,46,144,1.1600176888945084,32.388611735024966,209.53719773145755
139,30,140,3.9763461446524837,41.25718552479131,267.8797954414415
136,31,148,1.1406421789873686,29.952298451328,325.09912008960714
142,36,134,2.7803867474901787,15.1012661473858,292.87447199076746
126,39,135,2.84641286708528,36.422211164265875,264.1481330724044
123,49,142,3.784873590100121,48.34318662241992,267.7606037454836
148,36,139,2.409613192803788,23.99359407770477,320.2689192598365
133,45,143,4.283605353272875,43.566766591025825,365.1360947595483
122,34,133,2.3714562317834496,30.942157289907804,270.81994109060645
143,41,149,2.3700715533659498,37.5043724467821,292.59869394701957
124,46,141,1.891042670634588,46.180580589458486,266.59780024038406
135,45,144,3.735475991352339,41.985476447939575,379.52323527775735
145,49,139,1.3063489096682392,45.960068595463284,241.6648442226431
142,45,140,2.45222034353907,15.333199260666337,216.1130076798812
139,48,138,2.067562984598251,21.556024462517286,205.3207984745762
123,44,140,1.9173425404056608,29.822304439803318,202.70963094091636
143,41,131,1.243933268695765,44.67446291085861,319.67456228380627
149,39,142,1.7615324628992286,44.34371762607344,308.49614591443316
143,31,137,2.7849776407948057,21.479911619088163,327.66417624390004
121,36,137,3.0149658210694263,19.97848515835025,200.10323907750768
149,42,130,2.0780186951591735,44.21458523187863,381.5575831091146
137,32,135,3.6009740338662684,33.95020029107641,426.9542605282924
138,44,142,2.3431733506278984,36.93694145543516,392.94297027423085
147,30,138,2.4689833529984804,43.32221261329529,226.5970532729282
147,32,135,4.13049733648443,22.41112622555066,248.6546306444771
138,39,144,3.2078668856996084,19.776967996665903,180.21381545190906
136,44,145,4.812699404776097,45.066549197445454,379.5450321906337
133,35,133,2.437204805060553,18.912093707067115,251.58989115141222
138,49,146,4.311361983977614,18.086329774362675,227.9438038144319
141,44,138,3.95335014323106,24.69763114658486,233.4200416546309
143,36,141,4.56075570976758,26.089710107026022,331.6102585849185
132,34,148,4.827165491692324,23.439737391792054,281.4291389243116
131,33,149,1.030706072307284,40.95681453750755,287.44802612556873
149,47,141,1.3531909914700644,49.06739394775463,400.9176970426611
145,32,135,3.697355284910034,21.9856969953622,298.9936026141431
125,46,141,2.560799438786425,42.36482663362513,304.56777465925506
140,47,138,4.276500406970986,16.548477359384087,308.24484768519653
123,47,149,1.047919318664285,19.161593114658736,205.34467306168665
138,31,134,4.227909611985721,33.02910959426369,260.78606589109506
135,42,132,1.540967993214609,49.98631043222789,334.2510314765378
132,44,131,2.160996175850512,48.22779774234776,370.08759459194175
123,34,137,4.876312801043019,18.918002906040996,307.8083864883534
149,32,139,1.2063924541926725,23.389042061606304,250.84749858139162
142,34,144,2.3961624498106957,48.10271474033866,371.45584631441994
136,34,138,1.3381151025740259,20.275336711247547,159.56049241471084
142,34,139,4.414417624053472,40.99761413296828,314.7374389474521
120,32,140,3.8120644901496923,15.038780819268982,173.10272993615482
137,32,138,4.201349551262917,37.10992359363104,379.83241218605104
139,49,143,3.109118047047891,32.3110147644953,334.7998739139703
136,47,134,2.430880078685885,31.485884790086775,194.20880209515886
146,49,138,1.0090944784205043,44.02171127636882,195.87403412314487
147,33,133,2.111709248171657,17.825702083677598,116.49826785582253
146,30,131,3.0582141870644586,28.206625036853445,333.8915781450908
134,45,148,3.657448145904334,30.611349074065465,343.00658218788624
130,37,130,1.915749685835027,19.337429588002582,274.89307927541
144,46,130,1.555603385152537,17.998329123101758,63.65007830525735
147,37,141,1.8064594481194858,21.286500659506743,229.66272415674575
141,36,140,2.41630420676448,23.436670374293147,258.85082087860656
132,37,130,1.593513164805905,48.81212021100207,317.8324951623276
120,41,143,1.6272693376844467,31.646479893808895,238.0899464835757
136,45,140,1.1750068000270213,32.86011614353839,238.41766796321588
125,41,136,4.426900777417812,39.74493717362576,350.32012159392656
123,48,131,1.8790344962429697,38.94933792312567,377.8626543457794
139,39,144,4.287609756245148,32.5972090739538,193.23261872093224
135,36,137,2.7532375445489543,26.894343796457825,250.7683934600696
134,41,149,3.5297512588544366,26.586809275560384,173.60658458916714
146,49,144,1.3028085446327813,17.01987568613289,222.47250390583244
134,34,137,3.334321995120739,46.48705487453489,266.11135875811664
125,45,139,2.159981612693207,41.92880833043648,284.2360583604931
134,38,148,1.380839812604783,36.817013445552305,242.37708722248178
133,36,132,4.6329299846713425,28.862861012497852,220.1388606955981
147,49,149,3.4145121693979634,35.386300572780705,380.67598258513965
130,43,143,1.9668305089760758,31.978143173900985,245.58930174447386
126,40,138,2.678592042889628,24.587724246760942,257.8995879186775
128,36,138,2.4276005363188213,25.450046134781203,218.06982687884334
145,39,135,3.8023186634312856,45.60678972596193,306.58401090450934
135,38,137,3.429732704109976,37.221782536656605,217.3661242747235
124,33,140,1.0791287042475473,15.049786965974505,165.31918771855143
144,45,137,1.791307958418694,26.440511778720776,251.14052454598755
139,39,141,2.9125118889634463,26.898091265387386,367.1309658679078
148,48,139,2.7819431690151624,39.72174458080656,320.85136513373897
129,46,133,3.066699527774122,39.5158669868389,255.60045549566186
137,38,145,3.8592433332252587,31.24541985518232,257.36710512710573
122,42,149,3.728035993992908,48.28427944839881,385.9558689171872
132,30,135,2.4912536885679657,45.528020940695114,209.03464913954002
130,31,138,4.51032651175438,45.31737501551575,311.6174536772821
136,42,134,1.251730281794075,27.189292884006978,309.1106758512317
149,38,135,3.338039580446906,30.084992620335036,286.8933670321393
149,36,146,4.798741970278119,29.663667358491296,288.11546180683933
141,45,146,3.196325751301285,30.4093408862399,265.35287435276337
132,48,142,2.820425203251424,46.122377825380326,370.9260789947104
125,36,146,1.5356703547856978,23.719224484942995,226.1589195035342
136,35,143,4.240756381086445,43.07682748357632,338.7117768813302
146,47,131,2.495179560163648,32.991399126567075,346.92440267534477
132,48,148,3.804983637938752,23.71794650066488,304.5137753847092
138,40,132,1.7901875216282281,33.455282260084395,266.11845790914435
140,41,131,1.1674528117285963,21.840456723591508,230.94310765746425
138,39,131,2.2218698101120022,18.78627541274622,220.22653834389993
129,42,136,2.1256554458275634,44.336209624121786,263.947931082458
122,41,133,4.493901014109097,39.4762708200731,349.37681375158115
133,39,146,4.458695114339015,22.17426465748541,239.5973698860633
145,49,135,3.1355768904055226,47.98031555905271,371.80357716716867
138,47,136,1.0759957822887745,15.853943066943721,203.9474995816824
124,33,149,1.9132986516819042,26.664806546756346,267.78567737973503
148,34,135,3.5560503768537326,15.757856347203782,293.245452168346
124,34,138,1.4056336057214702,19.980415765126665,183.3871759837272
139,41,149,3.8024890588777884,21.3027781657194,249.02497733095586
136,32,133,1.047849051834974,43.36172037056987,248.67567044003908
140,37,134,3.7301471014770815,49.75638846866846,282.4669733786022
129,31,148,4.378156971437518,45.35620961138693,340.59143709941236
124,47,139,2.876870878584465,37.22965460737133,285.32397472111046
123,38,147,4.316323960440151,40.302320052009776,452.0921118345275
125,42,144,4.126110932975479,33.298734790723984,254.26082711991918
145,36,130,3.6856766006707082,29.789026232679717,285.8546438584928
123,39,134,2.7805971255913344,39.225912579485374,326.8064633981868
149,38,134,2.0876161776059754,49.05908401032838,368.35311798731914
126,44,137,4.443455848675475,16.011291482471094,250.25100420429786
126,34,149,3.594361518651793,25.992973261340907,317.284017187152
137,41,144,4.192067341002305,26.552093105249217,304.46809631693014
122,30,146,3.2078677109155675,29.498779953703483,317.7743795804536
120,41,148,1.6874657379756988,36.9412251415507,286.22329634373955
143,35,142,4.917751758054145,32.98136068678954,176.68786578951114
144,48,139,1.7309550058305496,15.655516715902692,287.4560219484986
123,48,146,4.644966004099613,29.406335243488005,323.02975265243595
125,45,134,1.832554584179896,36.68070465831561,204.66443481565705
128,48,147,2.4949977669857435,32.66886537256694,356.03656571296796
141,32,146,2.7603337781497066,45.522165246346,383.0456143150546
133,39,133,4.68550395811258,28.950848473380717,353.0145720165752
147,47,136,4.552794283652254,15.439553793941903,223.23684739196426
131,42,134,4.292883911809744,24.97144811440746,322.35175591336133
147,47,137,2.506700589982937,19.74854194391459,206.8422529806772
144,32,137,1.0179729873156806,23.75806132084888,138.5653113677376
139,32,140,3.7263332804300773,27.673080631290624,222.94001055126515
143,41,138,2.6438153378608154,38.68294783124044,275.50203603168853
144,49,148,4.028232771349742,26.345949835436294,294.9642152260257
123,36,148,4.179408184334201,45.943821127235324,383.2843480290381
140,37,138,2.7588936116696967,25.48487682863713,208.66868897375895
149,38,149,3.9924102612677936,19.792669424952884,353.79378619220483
143,43,146,4.35974912207871,20.910289611482305,230.22798167093342
131,34,145,4.713904526406001,47.71029523586866,339.7402851834333
129,48,136,3.329821329957577,30.918506495456548,236.09366872295178
149,45,132,4.113915076239531,29.109412382187507,278.8320606366258
141,41,148,2.9782594808385885,17.411530838448417,182.45099567677764
147,33,137,1.1666520017198483,40.66623740736715,231.09160215939636
126,37,134,1.6208857111967334,39.3128384021845,226.23995270815726
122,36,135,1.5128980369586804,28.150919230216523,203.04953397601338
142,44,131,1.6870623604619155,39.21172423893579,339.4849921970067
147,35,148,1.040850998451373,27.860811617968345,189.32736001677475
133,34,142,4.434827293060611,17.560530748798552,308.2303828707544
143,43,135,3.2405972797960496,40.83347820577216,261.8454006120173
129,42,135,2.5326000120450707,48.78204526821971,336.05741415845273
135,39,131,2.6391154863079005,37.6901684860929,272.9464162522865
135,47,134,2.853404374875478,24.67614323250244,197.754497941679
141,33,140,1.2955340016783703,24.447209991271617,206.93971704055403
129,37,140,2.0986616463196808,47.51421587704153,167.03938381811298
144,40,143,4.406505748368339,25.615160758922556,221.52097684711742
132,46,142,3.974700944855938,41.88672816839863,422.6783763562911
125,47,137,3.2536221530156313,37.50202438064046,292.03513270520915
131,40,144,2.922815938679852,35.741063393944955,161.19266854853618
128,45,141,2.0358927399635975,21.337620849072973,130.38123347432185
132,41,132,2.885019878588422,16.20438660665836,349.5662504369719
123,42,134,3.391421104267259,32.1036995964761,286.95253310938534
143,45,135,3.8505518057263224,49.58555125374247,346.6825927178176
130,30,131,1.6665607510092952,21.851596648169703,274.79987654238585
139,45,137,4.2524410738831095,33.790521905369324,239.6769770604878
137,44,134,2.38324510813529,38.48427531255928,256.6862238840334
145,35,146,3.0130323331614215,31.928720078283582,204.62389027466767
130,41,131,3.43161726638533,32.74268323090179,219.3980285673264
144,37,140,2.952380624884133,38.14296264957579,371.6898098399965
140,36,133,3.287827616616476,43.52169239517403,371.74638703811974
123,31,140,1.4460938587314849,26.665066471885055,237.96588112118252
137,41,138,2.7286218204345407,46.47463310662005,276.37802998858535
120,43,135,2.1218698837449055,31.971530550905925,279.5057858185609
146,45,131,1.3441046155474807,38.16571152611331,150.4069740259615
126,40,144,1.766596902527977,18.72797719288535,289.0492041793173
125,49,134,3.4097782657098334,32.23677502322356,303.8622307578901
134,38,141,1.7867456106058013,15.563725615506932,351.1649752607334
137,39,142,1.7242560404763734,28.685865859401382,329.7092225058144
143,46,146,3.2113217295465453,16.906947019913133,307.1498141982806
130,41,133,4.618810026827941,46.39432931794525,345.9246043806382
139,35,139,4.154771402559319,38.548179230556244,278.0755453674235
143,48,130,4.620356442079402,42.71567246804176,252.37387066667998
134,40,140,3.3319208091860606,31.368781956429608,251.09452029185337
135,38,145,2.6397182418344287,44.81642084560188,317.3567777240917
126,35,140,3.9185654621677735,45.55642064361916,337.3160090908519
140,45,138,2.0454561127306037,27.488638394470776,312.53731922812364
129,49,131,1.3122158320216148,28.189921793752646,165.31443457047322
145,45,136,2.3784591709245424,32.788424804059005,326.73341148365853
131,35,148,2.1969467899480697,16.47852232647426,305.12856706848055
143,34,147,3.702155711268569,49.85189039375631,379.96906649842293
133,33,149,3.2054507152472573,27.571343189766345,196.33659320847755
144,31,136,1.553051936223142,31.479515967485412,250.59468050691783
124,35,138,4.634016719081879,41.41649773471279,357.79432451229445
145,38,141,3.3733557620192167,25.412972532388004,258.0131349250923
140,46,132,2.8307369016951074,22.05709982440265,347.93297123824374
137,43,145,4.748779708474615,19.460754234361154,408.97525593303357
124,36,136,1.3892073951916033,33.48060581784469,272.33232771400765
122,48,134,4.158371752558871,15.192440062596443,235.59531186815337
142,30,136,2.4586620228800373,39.83322418513403,257.3128150391509
145,49,148,3.7815590036958864,31.148632516418626,363.4830291467459
124,44,146,4.7229017105907145,33.61379889768103,381.2342158455058
143,47,145,3.0708523219416692,24.212162711232168,252.26362527919838
136,32,148,1.0905552937149894,21.238856924599688,283.9069122571088
138,47,147,1.1153929206893518,39.499638493659326,278.82799760397893
138,31,148,2.322243276341506,22.359573676922743,234.64246604213426
144,39,133,4.126632877580247,42.30300854461168,278.67919343542167
140,40,130,2.153045372294331,22.128538182910948,320.6482374068188
131,32,133,2.3378744035448706,36.44390860691621,250.03202432536682
144,36,133,4.137842852790275,37.53552224224378,298.4189111233148
148,37,138,1.4647566956771234,32.69759568575252,268.38385730229686
128,48,137,4.387251847851543,49.88767678458869,359.8665565099194
120,47,131,2.063170062216426,28.15450539384669,178.37269364222635
137,42,135,1.2048922841156329,45.91624008044232,331.6775480154581
140,42,140,1.469370825614757,20.922986731840872,150.61089574442965
123,48,133,4.810219546955294,26.802380535883216,272.0686873458064
129,41,143,2.805295820175474,20.08784923139982,283.7371615269016
144,46,138,2.0257524239938323,36.12685824727157,228.21723454500045
126,41,131,3.0850838007167805,37.33900550498214,307.3118875445202
141,42,130,3.729386613575201,30.87263945795543,261.2595029847708
142,41,133,2.2751936321762773,40.20563673782027,169.94708567464392
120,48,141,3.901084812644096,45.367835907779735,297.59312572645104
136,43,134,2.009008203628808,42.17957585388311,358.0725031424286
143,36,138,1.4493489281761622,23.458182492359647,392.5517898918696
148,42,133,3.1988328814763793,26.213973925611754,279.5500424108819
148,35,145,1.6044747035765212,28.30967939160021,278.1346530427347
121,48,131,4.761939514796559,22.131819083619995,326.4152350541129
147,48,145,1.001796112527403,27.643268279999646,223.61322998286002
145,33,145,4.022784399866186,23.33159869011103,345.006829226865
130,48,140,2.1178928158276435,49.85047494105339,280.5374981743834
128,38,130,4.384347447089468,42.41376191359422,303.67067054617394
126,45,144,1.240603534961501,45.100597450388726,186.75221567401474
141,33,133,4.812002393198286,47.275141389773125,282.6432565652089
136,35,147,1.4055795353320537,38.27503470594135,156.43272634907015
136,37,146,4.151531020141782,21.15917986559976,228.15819035274814
121,45,136,3.0693688545424176,41.54841243164399,368.9871591010832
125,34,147,2.72157916751034,15.546401331951484,175.9802309235697
133,39,142,2.1206231436410863,18.963065372373062,315.85982582190104
125,42,149,4.365478140996261,16.03545604097242,231.73119233175396
121,43,149,1.7990055901318005,19.740579069839498,200.25631558221542
120,36,139,3.8849650999714367,41.32014838744006,298.17165702831375
129,49,130,2.7831666041120253,45.99181989862501,297.704920341456
140,35,131,4.99398002858908,24.759409816163995,365.49736694608146
124,36,146,3.4455960806790906,19.16945188047825,222.44265631576928
121,34,132,1.4167584152950736,24.55358910297437,213.41753653614384
141,47,146,2.678084756607998,37.64898133550517,300.16078244525534
135,41,141,1.265195921540783,27.257106409786285,215.46695618890317
144,35,141,2.1426225375564583,48.64011084465114,206.73492324053714
121,30,149,2.3732671795244187,19.584257875274727,240.0538048462176
129,33,139,4.412706433358411,49.661988332804476,390.67901047640845
121,48,136,4.351949906430143,15.43580920067335,228.38302141039583
135,41,139,1.0462288799336048,30.809253800514348,232.3594891743392
135,44,147,3.1291144600203693,23.81341206132132,236.56352729972252
138,32,135,1.8941750224131297,34.8199914193755,228.2526438599459
148,49,136,2.280372392182223,18.37927911933752,180.8974991414147
126,37,146,1.0866051421021408,45.65380062951602,293.4372430882353
141,40,141,3.998983461781252,19.778424014395398,281.4663807071575
131,45,146,4.802359103009605,35.5586266353808,290.2771608226176
143,38,147,1.8770681612554072,16.16714020690901,237.17954097439653
134,32,143,2.36709146819133,25.884723399914343,268.8933856359817
127,34,140,1.825735978919457,20.240301579686072,132.42461405366342
125,49,131,4.720194654566114,49.22463260107618,472.8464981476659
147,43,130,1.037423871629707,15.420747867064314,190.29939735995515
146,44,140,3.3354491251641405,27.333836917953633,197.2229245094563
129,35,131,4.4830558444886,25.597162706768763,222.9362435088322
122,33,145,1.7452286964613872,38.008075705361364,164.70401626825216
138,37,132,3.3599811654483287,16.97322883614658,242.27328912881387
136,48,149,1.2025924194595397,43.37162200870417,221.585700998421
126,34,130,4.2583405342712375,31.328332884738547,276.0384560671255
140,42,149,2.0977164910917527,30.84703997664533,320.30257679602016
139,45,137,4.955013668781042,22.93764581337241,254.9081306712441
145,30,148,4.688038481959108,32.15163685561049,499.862189674811
123,42,130,3.930063879730856,27.736270936737494,279.3810629303442
133,40,134,2.987370565485967,23.57977526882941,397.34540015462096
139,37,130,4.066356447443607,20.90334284475111,201.94225436494384
141,37,140,1.5224361901710486,40.4917448755729,268.09473676977154
134,43,138,2.2407985584566847,19.971504067015715,239.88344097505987
143,42,134,1.1075855543074282,20.87936986493105,222.756453343661
127,32,131,3.5800985664389606,35.19749715421523,288.60628991834284
140,33,142,4.222150552326058,22.91271275627831,171.89484579142905
134,49,147,4.785142214052671,31.07817598953554,352.42033120614906
141,44,141,3.746028740200965,34.35210734822562,231.76452854667534
139,44,143,3.9283649608909172,24.605041494364087,401.80479370678967
147,42,134,4.581823112939805,27.024398780432527,309.4273829115994
133,38,139,4.745512115432504,22.35723894683209,346.07872685112534
146,39,149,2.965190199478823,31.11485712068025,229.30738083458454
148,41,131,1.4391495588330971,49.73399682680912,285.9146289723801
128,43,133,2.865669239488629,27.694916530389925,239.83439714740103
127,30,141,3.224295451489159,37.86656327352387,319.4557354614891
145,43,140,3.526179085582176,37.2563057856766,311.24530776593247
147,43,133,4.957138229237094,42.52686414971994,404.8474699346928
145,37,140,4.670252861163082,39.917145303765125,396.9899747133429
136,45,138,2.585456810982914,15.412290689020596,293.0789218549453
121,43,139,1.4538147450828394,25.822598237628533,249.56093787230023
144,30,135,1.859166392890684,45.45817172572722,287.9464877880266
143,45,144,1.6951984913336822,33.884257650199366,192.85117323811303
149,47,139,2.4240509085959863,18.647843016602994,220.5449721239359
122,36,135,4.505957135780928,24.664791068594518,204.44037356291815
127,44,130,2.751874024594877,24.91851403524036,367.64415257041253
131,46,149,3.2691094855914287,45.561207403688144,288.0338990614467
120,48,133,1.7166674993548594,34.36904448747056,236.93080541992407
129,42,143,2.971393123937586,36.29132672958899,317.555108190693
139,38,149,4.4945108856011675,27.847264171001456,250.92500999739968
122,44,149,4.093853054072307,17.110863440853958,368.34474673496834
125,32,137,1.3247628631960864,17.633689904887248,60.35053051349584
126,30,140,4.44828907500046,29.713388956971627,352.09073672368703
139,45,144,2.095312389679706,21.212285744335848,339.95945015429413
142,37,148,3.6628649973598693,18.64918958370384,282.87452797464175
144,42,137,1.5855316205709253,24.178524069091274,177.27646255225812
146,37,142,3.6985774803432085,40.971622621023684,386.20963329958835
137,46,147,1.1428057154286533,17.55564065389953,159.71996757306155
130,43,146,3.4025788042808713,30.68790682332461,419.8902440740754
138,36,135,3.583760683045377,43.913050584741,335.8521483150167
124,44,144,1.9779868562362566,24.377368529918506,172.60463225866914
138,45,142,4.74790435884192,25.565597533064434,305.9055321860899
130,48,147,1.1838895488019179,45.94725475114011,231.89121126564808
143,35,140,4.566837307139755,37.750125309231585,243.575553877296
131,30,142,2.527589950570124,42.91992332968347,328.60996215535664
129,41,130,3.8556589668100236,25.122147579034248,236.07116730893574
127,47,147,3.606193709391742,49.88728334732759,363.05185557653164
143,45,134,1.672984864111982,19.93137294684921,292.9772615716157
147,41,135,2.275997102359435,48.667798066149984,267.025371300205
147,49,130,3.1186939236501354,46.573469170309025,281.78773343423745
128,42,136,4.386041081538427,34.31631271868231,356.50332956889383
123,37,133,4.8194403037418745,35.485376798500155,339.5318873714589
124,30,138,1.082346533348967,42.126675746704784,262.76798004522385
140,36,144,2.4102330218840344,25.737373716722118,224.15701963464923
127,44,135,3.6725756983298505,33.46144237190805,228.4515744697622
142,42,146,3.1109177329706683,46.58315278053266,337.7192114749599
128,42,149,4.7720884634270355,17.38871630322014,314.66241205798354
134,38,147,1.0678777381437912,46.69350342750268,326.94882000417743
134,44,133,2.7509575944705436,40.50722787512366,183.9077319144674
135,33,138,3.675215391218489,41.94456901288136,264.8855713841836
133,42,143,1.8703348554718238,17.26513360618181,258.9141079123423
127,41,132,3.9034855444597936,21.571483411674198,312.323550093716
137,34,130,1.324914512885234,47.384162976634286,288.87045955511985
129,36,140,2.8041541179252616,19.341800696559666,303.6589145395264
147,37,130,3.704939824762819,37.09139994524176,315.477808298344
139,34,141,2.0670285129619264,42.39423923923883,251.91424313844914
125,38,138,1.2953856707010512,23.094870857660283,128.06082618795335
131,43,134,4.828086439197771,39.4576573949672,284.3452023231574
121,41,144,4.655292115181051,17.295177965333437,452.8379667203958
126,33,147,4.705479646446932,32.4568941064925,363.243001452804
135,49,138,4.914009533190912,26.7051591212392,424.803860205721
122,37,142,1.7387922176454862,37.600970607554345,332.5285402550828
132,46,142,1.6311039911697809,46.11516961248836,205.22371251501792
122,37,142,1.1368583448307081,19.392182134316254,215.93063374574245
146,30,139,4.56729115047113,30.760767836527975,394.4530460495025
137,49,139,4.011051364543809,29.81178322762296,300.14256787770955
130,31,136,3.5330496444739765,26.33283334378725,276.2266242115372
127,33,134,4.710704636744549,31.80583679252448,231.95495899005553
125,30,149,3.3003064579699886,45.82549672471383,279.9404508812862
120,36,136,1.518923010902192,49.07816768180473,230.23501449757043
147,30,149,1.7074578997400316,15.099501058434761,176.95555669043353
120,38,139,1.528735721352386,40.86610400895941,307.5167898874252
142,32,139,2.23063205089213,36.52784201095573,243.19775367456475
127,41,142,2.5179873324544553,49.807925151522085,383.9301150076011
124,48,144,4.18735625873875,18.147598856103436,241.40945976258166
147,44,135,1.7650156457813737,43.39712055521961,329.4293213961596
135,45,149,3.9014606113748083,47.687486280935474,348.2912595319653
130,39,141,2.9649140084580305,46.9240471172986,440.38222055396915
124,35,148,4.998639684513091,34.62004464762353,301.81273481755323
123,46,140,4.106329844179476,26.464465075585117,231.59897070940377
149,46,135,4.875811954613171,37.39663429608093,288.2632599992165
125,48,130,2.3694060065413134,25.712519832813182,379.37374892731265
133,47,131,1.4922007726650315,29.42942407551399,264.9456137723807
141,40,144,3.0235832205808237,30.600374467715085,258.38924918511583
138,36,133,1.496957895453896,25.568256174510886,267.1973259684298
128,39,134,2.969806819448259,26.963957766040856,246.7552753760319
131,36,144,2.0797641047015216,15.25595916385146,166.91260412073834
130,34,140,2.9641888497123468,25.397760231657678,301.72855026108124
133,41,139,4.7985448144878635,31.530688095600294,268.6396565003487
142,45,146,2.156136256893989,21.055257957607623,252.06782106227982
135,47,131,4.973736197478244,43.195460189855055,343.42138797197714
120,32,149,1.917317877616342,33.81729577450014,130.52969601459503
132,49,139,1.8324335159881335,42.78582338628189,275.27500435160795
142,44,149,3.179154091996757,19.483620132998695,208.77996447799148
140,34,132,4.368179753264342,43.71789402155174,329.0172836544934
140,42,148,3.998014076726971,48.53920245151478,199.0634595539852
149,48,134,3.8941477411838603,27.335889511280833,227.54467103475878
132,41,132,2.1305317646085236,24.938334156365002,122.45284968661754
121,34,137,1.090067104281295,37.63910399930006,270.1351931643989
123,35,134,1.6469931605770096,37.25699386898417,291.01887892987975
147,36,141,2.39789320455669,18.936381361647513,359.87415576007436
125,39,143,4.886735002280803,47.43655746452748,327.9801999177686
145,45,136,4.679109831895518,31.766965437990596,246.20251073223167
146,37,140,1.802578349064397,41.75457451417083,268.77000335310214
142,38,137,3.902489911938783,27.576118666424932,321.63237452869043
146,33,134,3.316067427613526,24.15378246845214,280.72293014303216
124,37,137,1.199370600350905,18.894516363003078,130.68998502024988
144,36,141,2.486822445194359,24.60815501670362,301.7165598954897
122,44,144,2.9442949614636102,49.77009009342037,269.99028046305534
120,32,148,3.670296493400407,38.02860643591598,226.40863262807767
123,46,145,2.179620464057774,43.09738155148993,373.4624216417189
144,40,143,4.735274516217929,48.54781949937193,340.9590032793997
139,38,136,2.8075162268146783,17.764697312857106,231.83222289849107
121,34,137,1.9941184964678604,20.764304900724774,260.76660859640504
145,39,136,2.2657123489889908,47.47879921979997,189.77950939019365
149,44,147,4.007541714475857,34.759378858098174,318.612623694609
149,43,135,3.5611414702982533,37.21972218920453,394.2981716201939
124,33,148,3.96871208578312,29.967199883523826,307.71288785963947
122,49,133,2.1693673012835992,43.50500571763358,303.918193425006
148,31,132,2.3073944740141776,33.10354753095294,392.7826724580002
147,41,146,2.5868764662031403,43.91453104117655,348.53971991479773
148,30,148,1.754371993980016,49.726531125266455,306.41898529332366
128,49,144,3.7641781797449925,37.63543744944168,358.58077082509965
139,34,135,2.3173980563113945,33.50847543421442,274.9652186262019
125,35,141,2.3049448965677652,27.78052489928293,364.0189387374638
137,40,148,2.0774598795485595,21.814375486752667,172.54805406217895
125,37,135,2.8113112188057015,37.983022564444994,435.1508224570413
138,36,140,4.087904316936843,17.192301709414046,278.56661272125626
147,33,149,4.342434821833093,48.470065486698395,350.23455899495667
131,35,149,4.2180315107329065,37.66443219264801,340.8806289700493
144,45,139,3.484774310447548,48.577697064378114,333.0807546784172
130,49,145,2.121710140233113,24.529607860357984,267.3441233138816
121,44,147,3.939420823233511,48.12805348828109,267.7976967048845
134,43,143,1.1574477669685148,36.424379976548394,234.13776130557378
131,41,133,4.192609629241794,43.35923881534178,200.24644519991318
131,41,141,4.120910256266299,21.26231559500295,161.71120319777177
128,45,149,3.6800044527059117,32.50386300102379,223.6468309499827
140,44,137,1.391701799942311,34.91361281301477,243.82814830852243
143,42,136,4.9893653421131905,28.749904868708356,295.320269113303
121,40,138,4.025636769603981,23.863145732632795,409.11468704958645
141,46,146,3.9392273240315716,46.667115952492395,389.3321784291314
122,44,139,1.256031410117246,17.977060856178,218.36505861374332
131,43,132,2.5948205062915943,20.389548188561445,335.1171351662428
147,39,137,1.3446919985879258,26.21786865961304,261.4141061302753
149,41,143,2.444148027236163,47.191950052397075,293.4520978745121
145,45,136,3.2819422174287336,34.74736296053284,291.33858600844883
135,44,145,4.515488753426461,28.061079214083456,292.86184649667
140,39,147,2.1317509319779875,29.093737532610177,298.26705094226725
147,33,140,3.4936586099290983,44.32221573629471,373.96098760572073
143,38,135,1.6586076893792225,15.937285110618662,197.19930926466643
145,49,149,2.4158554277688964,15.396867038203638,209.88840497077382
149,38,143,4.788949900945331,16.612964364722867,200.80743100680212
120,49,142,3.9905636623309264,31.422175021687337,339.8718464073292
140,40,133,3.183223056748687,35.34372881128613,184.38353366083444
122,40,149,2.0067871966246464,36.85640836777873,353.4539394389032
139,36,149,2.518820890575555,40.589799354021686,262.4705809608505
121,39,140,1.626773335410058,21.640332531109518,216.9034047524293
128,33,147,2.4138687723882435,24.179963665359022,247.82706168768212
138,34,130,1.6025313051487693,23.522745558295487,215.5887438319287
134,34,141,4.181228132044457,20.2210234338731,312.27914753654954
137,40,147,1.3230363597691528,23.553845174128682,295.3226867453417
145,38,136,1.7576219192284204,36.4778425650894,251.22107345718985
130,45,141,3.7646669191230155,27.82440578006849,290.9007387846983
144,38,130,4.610066849682315,41.87693529257068,320.29458482059107
142,33,133,4.858366439070407,33.77465797700735,334.35942914382315
135,31,147,4.344091666963108,22.421370849087534,256.022570375915
141,43,144,1.8458871054648998,31.358370020416853,354.3645797999287
136,32,132,2.142845143328199,35.76790809060361,287.136960079162
124,47,136,4.483009411994212,45.31682400000861,413.47831853210624
131,35,135,4.557331858976443,44.1801160023099,275.7800537125856
130,40,144,3.56261266328045,29.926794243071047,196.16214504139657
149,47,144,2.25456439674748,37.668653668414215,324.6114198861775
134,41,135,1.8962266521839068,25.42316728829976,127.7061785454467
146,34,137,4.409130797050985,37.15511583074175,266.12652027463315
122,38,137,1.8210199937990232,46.94773557602463,266.29530969665717
120,49,130,3.647217402729668,36.85899693822651,265.18069166633603
139,47,142,4.871813370936529,25.632014309589934,263.38239429281884
148,48,142,3.8211655699991773,37.5394198179671,398.04292393041584
135,32,140,2.03068125265839,46.596413479152154,293.5798142787585
121,38,133,2.1300236050977794,19.796642577025736,234.94380289158954
121,33,136,1.3715791016836216,31.88564212633951,262.39510414028103
122,46,141,3.7449499598432485,26.236783247752125,200.4213111364861
127,46,142,3.0737427258551975,23.45136088626871,326.2371953880139
143,31,141,1.8258867981446683,28.867314170469992,357.9076788639957
147,38,145,1.9106732021977204,28.78888160934002,269.9822927412692
134,38,135,1.0360982190687325,22.365154891262932,195.08067625042904
126,34,143,4.913677596426584,29.126879497889245,292.14902853412434
125,44,148,4.312072742163726,37.180613709884724,258.4987192608719
128,44,145,2.5766798021128925,15.900618782131241,234.6963557412393
139,32,133,4.784359403176367,49.62288244267944,326.62801556696843
147,48,134,3.708479756617606,25.35805137198679,312.3665412637355
120,32,138,4.005850142511255,36.82758775767946,277.03121806575876
127,35,132,3.7198219994949615,24.924213080824853,131.67470799305124
142,33,139,4.027395327817162,28.773755716683098,199.07733746386413
142,42,146,1.6837557125423066,34.22331165307702,413.0694405956644
122,42,148,3.249591990139192,36.41483759227566,284.4002847918245
123,40,139,4.39750510155383,41.96602823320308,371.03104383885443
145,34,141,1.0781703358802335,42.70893352112371,267.1492324296117
144,30,136,1.4937718135541642,33.154611269291735,280.7882347786942
134,38,147,1.9825592386443565,17.650401399231463,150.87892518989696
125,46,148,2.1789067869107077,34.52242456095881,329.71280668626184
134,30,144,1.73081546636294,31.71530994242686,219.81077818577074
140,32,136,3.4973215597242646,22.538531254284734,194.56735990476824
122,44,141,2.176076284774974,15.355700519642621,250.58316566045224
144,39,136,1.6323993748543661,26.058809096325156,333.35846461176817
140,37,139,4.623304728747201,24.082091272380925,272.4223041342252
140,41,149,3.780138126189318,31.90185764226037,231.65177812795812
133,44,139,1.9842349863004989,41.65605492378505,220.30776871854204
139,38,134,2.4438145332446872,30.3664003879352,340.8756022602305
133,39,147,3.9631422515547943,48.30489470123364,301.5185588098412
123,49,138,4.163640294281915,22.745966133874337,372.6835457920207
131,38,145,1.7057446616809164,22.73332145488534,222.91367029056548
136,44,136,4.746304336294926,36.15573469935674,299.30241551161856
126,30,139,4.141087755960049,46.36919078250207,368.04906240824334
128,31,134,4.427257748535415,38.515014854651284,348.7365349223137
122,48,136,1.5754352278531973,38.578738034438885,322.5598131247391
147,43,134,1.5734686088535321,43.22000910546335,283.47394859033477
132,37,144,2.22147537690147,38.40378399571021,285.6561837265793
134,35,148,1.258585678499892,41.577169577809684,300.63257162759305
137,41,139,1.3642693074230836,45.314461156338915,247.1222965907051
138,44,137,1.572828622079749,15.276874764423859,235.2369528429534
120,43,138,3.8497189307397885,45.996801863795625,296.68012124265715
125,30,140,1.1209211665647967,22.534253220843308,171.8321785616378
146,40,131,1.3329791254744023,46.92369168741277,210.23093826637782
146,32,132,4.776734144742726,24.316415334834808,260.8565209620711
142,48,142,1.3346267266893763,30.93336287680674,117.77410887701184
146,47,140,3.149849481076007,47.68591794318415,284.61746601315826
146,49,139,3.5702927690509703,18.841138444847765,340.80781941022246
121,31,144,4.834374054861181,41.08490949384023,269.10858106921046
143,36,135,4.599210871646576,28.73570235453778,260.2948114092511
133,37,130,2.762731068746408,15.843526147796382,301.3051808818651
125,48,143,4.768656245266019,47.86965734551584,302.2780670229112
133,44,147,2.7290634991916725,19.124010181726792,203.74551493616022
123,39,140,3.679674861882529,42.094961980235674,275.6183984953903
140,30,137,2.038432282872774,28.449455138359355,223.3350228492473
127,35,132,3.546578103558173,43.37040249088056,303.56388976071645
149,42,143,3.152755778434662,41.26005426747025,349.0022539949177
122,43,131,3.427324171016981,37.16264897402733,322.2305041211974
138,32,145,3.730604805334646,47.87278809668615,314.2921588025875
149,40,135,1.69382120040855,18.46232182612186,201.71915484906447
133,32,130,2.2050512039026477,42.95026949794309,304.67383601221457
146,48,143,3.9449655477021124,38.47748485593293,267.4629386651328
139,39,139,1.6552959450827296,26.015225988844087,373.7941770144049
136,44,135,2.3769605548758035,34.1090266984759,271.83581301435544
144,40,138,3.6659147643723715,37.56196879803249,337.13104131078086
127,44,136,4.750603940766695,40.76950022431125,277.84355552858136
143,42,131,1.3012008271982562,21.547090219698173,220.8444249995107
133,34,140,3.0662431963626813,18.57397323465862,234.5079002222063
145,33,143,1.3276213569510156,18.571956193161732,267.610217357027
125,42,134,2.5165278038061625,25.285403167329555,218.52036195582224
142,38,138,1.7015460163493814,20.39606039183437,218.7017830890392
141,46,136,3.5977536903140535,33.74745505413301,210.55603874989245
135,31,143,4.031330207818775,30.296399720183935,359.49974151108836
144,34,145,1.9893728262355346,46.25732972542653,310.9926208479122
138,45,145,3.851548596210984,40.10908695003024,306.44934663024037
133,36,136,2.787275751426719,22.20342727216572,173.45997264207975
138,30,139,2.1343201215562804,16.60044536293565,232.6697203458198
122,41,135,3.093606674746938,39.820455233079315,213.28321913587666
129,40,146,2.5186005752838625,44.60396436866023,222.080445328306
138,41,130,1.919985018220987,39.53477672292597,149.9486510063311
128,48,131,4.027379184519937,37.532802821508966,312.68631969991054
147,41,143,4.1900965957412115,23.726027396572015,404.56694447135897
139,41,133,4.201248963020014,32.31112254288804,359.6952724716359
132,43,138,2.5285711841427783,40.37365940419207,259.62214515955617
126,31,135,1.6781138056374916,21.768117046035314,288.20877429075966
133,31,146,4.361645126029914,31.679024032205287,437.2912339454633
128,33,140,2.3170555059448534,19.095989478812747,188.407387335144
146,49,133,3.992267209008078,33.57516447848734,258.40086086952965
147,45,138,4.269802244176459,35.07380547069117,311.7417552176965
142,39,145,4.072609990411031,33.7384970664718,200.37956430280036
144,42,132,2.5592241227632306,31.431261658810392,284.72813362366674
147,31,133,4.752066906357081,35.56088851271939,322.2532952074797
138,32,132,3.6406496672121964,49.88798323917123,348.791985929146
134,48,142,3.302985137285293,36.78877508966289,336.9398578043622
139,35,148,3.791636408300055,41.33987028073062,347.8312595585765
133,48,130,1.1789084930615603,21.72423154251309,293.2849981713984
143,49,135,2.562059891114552,33.55081918197466,287.49966330359854
125,48,132,4.524868615384843,15.262688572104196,208.30790782379069
140,37,132,1.6443188059828566,16.10102131327021,142.48144406358094
148,43,145,2.6576025909453187,26.286814212101625,239.76493707614478
123,39,139,2.6209919646878834,31.33101671992027,315.68270238537735
127,32,146,2.424166842812098,35.14728931684512,200.12846011226176
136,35,136,3.24940531543592,46.080152851905765,394.4623361457185
149,44,142,4.984792198342778,42.01147274794495,364.10693844437986
128,47,140,2.023395395146519,25.49919357898067,202.14693514534196
120,43,139,3.819828490299966,41.02194616221615,224.97958997773168
143,48,136,4.031979991102682,34.228687904065495,340.201037883229
139,39,135,3.337993918718649,42.27134504261896,357.0434606053463
144,44,130,1.389902751604724,29.386735818625198,259.7498050629571
133,33,146,3.289493989381189,18.21626609493068,219.85421535278394
130,31,141,4.813857902689949,36.64707192453998,392.13779299419446
140,32,133,2.368240577554694,34.496314622544865,309.79381182896145
122,36,132,3.558752505517713,48.37612360417499,347.4768728155017
128,45,135,4.837590929700993,20.6745548701361,338.7012289268484
146,39,145,4.191961124938988,37.96465304855427,311.0604250523878
133,48,142,3.7532309187881716,31.592571125003165,301.79216208268724
149,46,138,4.884595515073256,28.26228596113029,339.1016948129404
128,48,140,1.6823318211952007,42.80986473843606,335.29932279603753
123,34,149,4.090995153999355,43.37275945922218,298.0161091903049
146,49,142,2.6273430692910935,40.01102059219515,298.7784244498055
123,42,148,2.441726750722017,17.926052525758973,254.5050440166284
147,42,132,3.0826900576078415,27.078874989605907,165.4788435084805
127,40,141,1.1350042351098328,16.636256486241614,169.73975000574399
121,40,148,2.250118483713451,27.028841601020304,186.95445281887663
128,45,137,1.6648619780936476,37.6771222505853,291.68017215873783
148,44,143,1.554763597669219,33.15473701582566,311.90098989038876
133,46,138,2.3493620400803925,39.6027888417798,182.40472910417236
141,47,146,4.209057432042837,34.301162667910035,317.44893720492155
128,48,135,1.8044442714202749,34.45348217569362,231.66135983157778
143,33,133,3.1256631377296387,32.88378266142922,333.0690388003617
142,34,133,3.9946247761406197,27.7513873461344,321.41439439135354
135,36,148,1.9638861396204743,30.629770790158716,275.2740688230474
148,31,141,4.696813183023087,18.93532106148904,317.34783982112316
149,30,131,4.465991613326414,44.207795763307104,358.5052390250418
136,41,146,2.0047128469353703,46.122407346296285,174.70187102590774
135,39,144,4.958552269463175,41.819478471131056,352.773068237443
149,37,139,3.676684376460065,35.425510425867714,336.9208161586912
131,30,132,2.1444001496816014,34.921273681678045,234.51706892811973
122,41,149,3.724149821222272,31.461327015130202,225.5855278644661
130,31,133,3.664993081613166,23.09713560556967,163.84800608012557
133,39,130,3.424774498937316,28.433133873077068,368.0852428324743
137,46,130,3.8467844443138994,49.6467034768403,264.79866878251266
140,32,147,2.0732627615009602,20.103105436914852,412.73249680305923
140,36,133,4.915941942358138,33.99391409596524,408.61169563098105
124,41,144,4.431583029100633,45.32840296435284,342.0233034129374
135,37,139,3.982965410517284,30.855058835721323,211.74339987745293
139,49,146,1.1052199744129965,36.19635929505566,364.7864242328904
124,41,141,3.361541493002496,43.97276033438688,280.7930904651172
122,32,149,3.8259359525695222,34.16464753365241,232.64003143528598
131,46,141,4.416399308431533,40.60142065300157,300.7932394207591
120,38,145,4.78462848715577,27.15453336529157,316.62985824872914
140,39,134,4.66341239976701,40.65581255249269,278.0530216334733
148,35,145,2.624179729930753,16.435746082447594,184.78149965818076
128,30,146,4.586004751895811,20.35147531508593,238.17767112426534
148,41,144,1.0029952368594848,37.3053661704828,223.33066064997354
128,34,142,2.405900846031146,30.713409296853133,271.74246264670404
123,42,137,1.4555242769215746,43.992213143605014,261.7738660282812
122,44,131,4.532270800200809,26.969106664618913,337.2936166884121
136,40,137,4.7119276217343415,41.85229096989147,337.87401739226584
121,37,139,2.0240336726008947,19.868950353886603,181.90524263271982
143,34,136,2.4692417925018533,47.55513026123995,386.6745800299761
120,31,139,4.93551047766837,29.645376832220013,224.0768408769106
127,41,133,3.2642538549175857,23.081565239068023,286.40408662030666
132,31,140,2.988223373686558,42.620321878577485,312.84416067070975
142,45,138,3.001741700066309,48.17601570702948,271.41515835955107
134,32,133,3.7847527170911306,47.13286049791893,323.045775037353
127,39,132,4.818172139088055,23.327862550021333,304.84344343580324
131,48,140,2.466489719009491,38.52026947909777,268.2153264136471
141,37,132,1.6906317845961718,34.140029741149974,336.66129123385707
131,36,147,1.7400515686119618,40.37864592249943,328.99621634499977
133,30,148,1.0814361523396268,32.042649699902135,219.90047694134603
134,41,143,3.2216419844771766,31.441710483418063,286.97796412151865
134,34,140,4.716468875481803,45.89473960422297,290.10683211388135
128,45,131,3.8523075815157917,45.493974464806,339.74554507082854
138,33,131,4.971858106289883,42.56587138141361,373.6865969331562
145,46,131,4.638109629701823,39.67132085670468,300.04964794864713
139,31,139,2.9674306935616968,38.74283026247241,433.70922856023003
148,41,144,2.9461975223647925,16.96636670622797,301.0266159471623
141,30,141,3.513428919314273,41.23376648732193,334.39374526760054
127,41,140,1.4437423896092443,37.333656793070844,261.47961086238666
140,41,146,3.4307369618050787,25.584398868786735,276.45170665609106
138,41,147,2.8562960792472727,43.7035520162535,166.62453049454393
125,48,143,3.5709617066904453,44.13564752963635,317.19914739261645
139,46,146,3.2608398731407697,47.62667335387647,288.12490541540984
144,49,144,2.2415834411380744,29.642531171334085,233.06464301878196
148,40,141,3.431047932073627,34.29374891755684,272.88908743330495
138,42,145,2.464057411478719,46.70839875041024,282.94368943114074
123,37,135,1.7784845625912715,26.08804900986611,134.87905882053096
142,39,131,3.7002833910321264,42.882492306865394,296.6680270134914
126,37,131,2.225388372074321,49.718831248965685,441.95065649112877
147,49,145,4.556099119464145,37.81774814614955,341.6681185348057
147,37,131,1.7973298388568546,49.429639224170764,335.76653297916266
123,38,137,3.400576153730056,33.053435109684216,225.06037171307167
141,36,136,3.286195099397013,20.35686860979173,224.91868487262866
131,43,130,1.7909672032046062,21.145855821858973,216.46406425463712
132,31,133,2.7595473554581593,40.59810686508462,298.80506033030576
122,40,140,3.702155086171177,15.031806832476322,190.9504123843672
141,37,149,2.2741088179598967,38.166077184296334,385.70516850116746
131,42,136,1.45532262962986,20.294512209351176,141.127392301021
121,44,147,3.4609628598315227,49.452900443020994,362.09626683843453
143,32,133,1.8964876090420644,20.709463460902167,277.94422764788385
121,43,146,3.725899918678351,34.336239824190514,339.87081257587215
146,44,140,4.357868386336669,38.43060213302279,259.91111794539916
142,31,140,1.4934214857991823,43.68236649569921,400.8581388488336
128,48,149,2.7504364088852036,31.074230157463962,317.4031637239139
120,41,140,2.779689077395211,47.68295652894473,363.22944330601797
127,49,144,3.5301436746171766,31.808623057291268,278.29401844279005
142,33,143,2.337631715190272,23.822097904456694,199.4092194971114
125,32,146,2.6742766223551206,35.75623261305896,210.80099689100626
125,34,131,1.047964976113021,38.030195293015886,223.7355575483687
141,32,147,1.4897036447330372,32.758690005083835,220.5486865856282
144,44,145,3.2794483982200164,40.66137448427622,312.4580486027335
137,48,141,1.8635832011801123,29.723827197677878,303.8178920644309
136,31,139,1.5783075591855003,15.1517888335216,314.0610400954839
148,41,145,2.2976510718566527,24.258862826089516,340.8775454402279
131,34,132,1.654142779732494,48.10668649311113,251.16228933784143
125,46,137,1.2384897459124118,41.71281386086467,248.1344638160217
145,43,131,2.1354329965767014,21.63368384865699,186.0641853588511
146,39,130,1.6574337654622044,17.33285471749947,137.51467490025797
127,32,143,4.197582969339345,27.277891445772074,279.1599885946474
138,33,133,1.2506278677226526,44.2705675122058,303.9221839591509
147,35,133,3.9897729470667684,18.709279464503467,299.7118927471638
129,45,138,2.531185389932807,34.01738549537037,265.17579827023116
120,36,132,3.70128523739758,24.625008576781177,244.50062125591188
144,44,134,1.2107577453335567,40.41892578187269,275.6519814023785
148,49,130,4.682815979158283,15.014361054308539,298.0464940452042
132,40,148,4.069502789006437,24.701094445518862,274.9732481698338
136,30,130,1.5605722874969046,38.77376275657291,268.917422918137
122,34,139,1.8751374841094415,34.1362679205712,263.9663363455403
127,42,141,3.575984930557943,42.26029693046785,312.7561020577447
133,43,139,4.686250417177401,20.518657670418847,334.58075727944043
122,38,131,2.783329564024934,33.584143721730584,324.56145191139257
135,46,145,2.9425311800872227,21.85194266585781,244.75815701226009
132,44,137,1.9512010455561186,37.37270487601349,290.9821485033004
139,36,143,2.532043502484529,19.596988404226394,148.7035048129539
143,41,144,2.144070811321223,20.20428337330249,134.52821374109487
136,35,145,2.4022845985512524,26.487183456977615,237.05337727312778
132,45,140,1.0823904990213888,29.06672484254907,281.9378594245617
148,34,141,1.164242978688951,32.44958776810856,274.05330808611956
125,38,131,3.7227461356356115,35.32474045024645,303.807148583204
136,43,133,3.7271807556905148,31.408483693485866,318.3429137575235
133,37,132,2.32092240134334,16.597355274127967,287.4925033193219
136,43,138,4.5418495870153475,27.02111319215787,230.7936579778588
149,41,147,2.0644484647996935,17.148368091340252,180.624675362228
127,39,148,2.5831391278955746,19.132932102903112,377.69064217755135
130,49,136,3.9255024971326242,18.248824871648686,219.46578693197233
139,49,133,3.974272471162801,20.533343799149414,212.06653453524086
147,42,135,4.4446630508207345,43.45221866747958,335.19144834370144
120,48,148,1.1162361676238497,36.965033882304446,213.1399887183258
145,44,130,1.7350347245646338,32.73733185302814,162.37976720845614
126,37,145,3.5622870826802435,40.62901294607738,308.02937794738375
140,39,140,2.352799076945615,48.64283216131164,300.8707280303921
140,32,133,1.1742466837234726,29.618630084751047,293.14194560915786
136,32,147,3.345866695626754,27.859417990486048,204.43598902143094
149,34,134,2.5722927938592464,49.2220747401624,336.9420236492691
129,45,135,2.456379434176068,41.99656278760479,284.997435695381
130,46,131,2.0574571387433034,42.19889292218059,208.52946386246575
141,35,141,1.0239915724678506,35.997980325769575,252.40732463792136
149,49,138,1.7294400678825075,32.74529501364512,222.32183568287147
128,49,149,2.8969411912744203,34.27070985869521,325.2524266784918
128,45,141,2.1029458123512272,37.8229767742099,247.6342790927784
143,31,142,4.49755471705382,28.18937726791623,242.21254226353705
124,49,146,1.5719986486254656,42.38031676015284,397.8944189777135
136,44,134,4.501361148144806,46.82273302575356,268.3504437190596
128,47,149,2.619303233982829,34.994929015799755,371.09640896213966
136,30,142,2.1033612522748566,28.35164680235026,193.38617252592428
143,48,142,2.217167434059358,39.34564247066348,236.30852277943285
140,41,139,2.3202831713159684,21.3757593963195,225.4803619301487
138,37,144,3.0262559387295123,48.90004268798512,387.73139609290564
146,35,144,2.415529245055218,38.02955741267985,318.9326467941416
126,41,147,3.5888253881527503,17.364905308026135,326.95932566523425
142,36,147,2.7007160283317244,33.541252503145664,234.33436582809543
128,47,131,3.6865748387308277,41.26192622405978,186.7161543234755
126,43,140,3.417705673406408,24.72460737773836,351.30703250591506
132,37,142,1.9778158897170455,16.784633910405155,315.3888098926931
130,49,140,4.251093151400353,32.12068532649789,329.74408853666324
133,43,133,4.195925871091694,44.17685552128593,324.1286363696374
138,34,144,4.955921868065502,23.803703033698238,351.11532021778635
130,38,140,1.7002005377338256,40.09545898198878,235.70823724359923
132,37,147,4.391352877094741,29.2726738961882,253.77470984388893
133,31,145,4.487923690170461,17.087122034837336,301.5456715175334
132,45,139,3.5686566664094808,25.63870674334754,239.03974853564836
120,42,141,3.0255391111307617,25.986584184388636,320.9395357773899
127,36,142,4.829038224676133,46.663250223983454,301.6937240016931
131,45,138,4.890767711505317,49.361185673655235,288.5432369742492
138,36,142,3.5667898253688044,22.341872870772484,210.03264222381762
131,43,135,2.43823943169665,30.06794961013263,286.0965838105995
127,43,135,4.268660733863776,49.18462089002923,263.3946907645371
127,41,140,1.3570218688596918,29.254385602002337,211.8563918899082
148,30,148,2.1623825761191457,27.220988431097553,275.7303791272358
140,30,140,4.942217179091401,18.845852936894147,245.79449460915822
132,41,139,4.257333548827878,41.36495754358548,352.1349724243581
131,49,144,4.758329886276496,30.645194553672855,357.04123270808776
148,44,142,3.379178285543028,37.35320332235908,304.11423642670525
135,33,137,2.6306898325924637,32.84498704257565,251.46348247534388
120,36,134,4.918760413564152,21.10879985082576,284.48539295594657
132,45,131,2.237702343428619,21.172942847742696,160.85787574217684
145,32,145,4.029657115635693,47.89147138637956,271.9399479727906
126,36,142,3.232827831600833,46.13317011592364,290.1392850107052
147,35,148,1.9140285820578615,36.372190174621636,274.4611487181931
145,45,138,1.0699331496341706,15.043548844621974,160.1729799096092
124,37,144,2.5350563620163338,30.16534742772812,294.86465268520254
127,35,135,3.1907415715092347,33.56498018287999,240.33260493376528
144,39,137,1.7327616038138665,30.730323259176078,278.949625856098
146,45,143,2.6582195434449067,47.390730630791445,311.8935626327895
133,40,134,3.4607597226358395,16.43030445104921,329.8190532241058
142,42,146,3.8596925056844977,37.92249773109858,323.34799122720494
149,35,136,1.2109701196261495,25.984273952840333,214.74514382976224
132,30,138,3.6567232872094433,34.58169695295306,286.3527795441551
134,48,145,1.2266692355108795,37.957107022185795,272.25426055018653
142,41,147,1.1127419814373751,30.428746027156073,88.42058956060828
136,35,142,1.609648103642023,20.19310343783824,208.76703978712
134,47,147,3.6145762288462615,33.166334539094066,321.76334348395164
139,42,139,1.2112857715378267,47.653465808795616,236.19696575619403
137,36,130,1.0835848488222966,33.755806261195914,205.7914171382355
137,42,147,1.4718380453902156,19.302894317133884,239.37785443113768
121,37,148,4.798883962842284,43.84570586334087,295.6769190601246
123,46,131,4.629110999708866,22.761071050702995,242.31424221872263
149,38,133,1.3458639003986161,27.957594156297407,251.7425906917106
120,49,140,2.216052734066252,30.006499407368366,268.1596388182699
123,42,132,4.789169756189066,26.889473654581387,421.901064938554
137,31,138,1.3907506938260048,29.155810805299115,272.48043306068394
124,33,139,1.378383927924137,42.84182196532322,289.6491152168267
138,31,131,1.3440155909389158,22.817565346657883,254.4236445051995
134,33,136,4.9059049563947035,31.464649587497348,286.19808354960236
147,47,144,3.97243405312973,15.700299780972108,244.0404246623228
127,34,148,1.8579374694371937,32.76830717566979,311.3538647830498
139,48,139,1.1837890451860118,18.909102555606097,281.5976217383265
136,39,149,4.8609660356461335,24.878257978218343,288.6143562669114
120,47,143,2.7019561670387646,26.370568801029364,274.64293233113216
131,39,133,3.3935015531798984,17.88234189746685,339.6782607669518
145,34,140,2.1167849339925016,27.61981571945975,371.36295302530505
138,46,132,4.033441289163731,32.432009068793846,310.3379850778105
134,42,146,1.7872093835760658,30.088339746460452,322.36108936319033
128,46,136,4.147647733502058,24.81488601133386,390.78181430052837
126,38,140,1.9224121733401387,25.319923624844336,235.23709528083253
121,41,147,1.391648902736574,37.17540623843306,284.1790684020564
148,43,143,2.9152902181232143,40.143855848192004,307.0600720984436
128,43,143,4.252867227582604,35.17857281610742,284.6537484279029
129,37,135,2.539458785848677,49.16658142421734,341.6233782624715
121,34,138,1.1154946026771202,48.07059221413571,334.6725395973298
138,48,132,3.213238849193055,18.446413418779457,281.34655187160473
130,43,146,3.72188555569411,24.14810417325098,323.4190983710993
132,38,141,3.962779781344027,45.39379395047713,395.57837720880633
129,36,133,2.607699817237136,16.03822299626676,331.5300670976255
133,37,149,1.3880785259696022,35.72690083188512,265.35647994036987
137,43,145,3.3373057378535456,48.407483890575655,363.36170150441274
138,43,139,2.318191540952727,38.75511861765557,297.130885109599
141,40,136,4.787549929099412,18.217665917681522,281.36741213960767
128,43,139,3.010848432245311,41.17362058360868,308.3471755387719
144,37,136,2.8890641871959146,28.17696322053152,244.48207893472005
126,32,147,2.236838129273427,47.25367650533655,216.9850368141344
147,47,138,2.3551460215341917,25.021069994472953,335.94851896468265
122,32,147,3.051019136319648,31.563121208429994,193.81997746161076
139,42,146,2.226659181259979,41.13125137744705,319.37659904135165
125,41,140,4.569219537473648,24.013898986123753,247.16228583819685
146,44,130,2.7560717297164348,21.36238216029981,154.9963528136646
140,47,146,2.1680883360520973,15.094784959612866,294.1475642738963
121,34,133,1.6215793341645974,32.07866391763989,297.01269818953153
148,36,133,3.6894029052014323,47.501611519630465,251.28447362787884
125,40,143,1.1031477731423363,24.852051201333452,296.8096044254885
122,40,138,2.7999831486797615,16.5182485176271,303.19414779651106
135,44,142,3.2004872814688956,36.71509487401674,409.99601002526725
149,39,145,2.3591384435213265,16.965947004678746,202.2289155070719
127,44,130,3.999270989100023,32.741928206567934,289.8562693155961
121,42,132,3.7026419873517553,28.35353976987618,314.1331093457538
136,43,148,4.885595950279846,31.63983488102908,380.25725743253065
128,46,137,3.0350671971587277,20.692410023023303,279.4075404190161
149,42,147,3.151249458517532,18.157065820469956,295.4630725298218
131,39,135,1.9833572767752887,41.214680721197645,248.10260001730586
122,30,149,2.541935562922882,23.598336602085393,248.96797455849207
130,30,135,1.1074423646332159,43.014843340128735,320.97145922329355
120,44,134,3.757099154390758,41.54565487140688,308.38465981350697
142,45,141,2.24649119873416,21.9432604750002,173.83196626056474
132,41,138,3.1614680386667917,46.79016765452962,282.37411817849875
134,35,138,2.0199695856437963,20.6447856998084,200.57374300129123
145,35,146,3.4841448013586347,42.90010119871439,296.0928406927029
124,41,148,2.7903299718161776,29.718680225489987,294.45817376359287
140,44,146,2.9274426095451767,21.405571049120674,204.56737542973806
149,33,145,4.770428559261305,47.83389608268573,312.55451949424855
136,33,141,3.8246412924954405,48.71401202401744,385.0220037329224
144,31,132,2.047598942400296,32.89805191314668,318.82497468736574
142,41,143,3.0156872709657017,31.421108116937987,291.7007282396487
143,36,146,2.8666912762079133,46.529460647469314,349.0510431113866
144,49,145,4.180210427513455,35.864783716303954,312.2945941991173
125,38,141,4.33342045638481,24.31135181496345,355.9352634897252
147,38,131,2.1337712909669015,29.881903989911496,183.66499085025055
140,37,137,4.284605815624945,44.25961774663948,233.40799307890964
141,43,141,1.7180056211640058,45.08471575741663,346.9284709784823
130,30,145,4.051082218150782,47.87384812185297,326.67511888428925
137,41,137,1.995138175205443,25.089131051214725,232.9750909524137
123,31,145,2.1917246296531836,38.79834649386987,331.0674936890798
122,42,139,4.409871360755975,17.39360843170919,317.77205757683697
132,33,149,2.680299460225188,40.40659294343631,231.94073964745132
142,49,144,4.962263299425184,34.71198915160113,436.30278635391767
128,47,133,1.6077721196297645,23.741813258135437,185.01883690153076
140,48,144,2.8533961521587337,37.91211703388416,289.93215507643936
125,45,133,3.9298013236357447,19.731373573035413,315.38984500403114
145,43,140,1.0214682319140298,26.68322038571681,173.44791861428024
149,37,135,1.6074211127720694,29.03197595778832,275.48532796843585
147,41,133,1.0814269976439213,42.19980073208078,191.13966834263607
131,38,138,4.971511461531015,25.80745072847204,166.9891405478479
121,35,138,4.042498649685882,16.716212823228304,338.11197095750856
122,47,132,2.494236390986401,21.325924303190767,297.70343631270373
122,31,134,1.625139738787103,36.28325957934057,157.21726543525625
147,37,144,1.3615329712138027,15.53376331769691,242.2783421905098
131,43,138,3.1276288022036476,42.728129529463686,216.20859442530596
134,35,131,4.903565272796795,46.53920274254894,332.06121320998733
128,39,132,3.698443778631056,32.33891628514016,309.9561812054201
142,37,141,2.460553473034918,39.76706464285721,243.20731568452845
127,46,145,3.003403892949953,31.193687667948687,200.6300758794834
130,41,134,4.995613471757808,25.806715308019605,317.13993856856285
135,46,139,3.075064915537802,20.770323253678566,258.48516299909636
145,42,144,4.856805943105423,33.13568006721546,269.73544905644025
146,48,143,1.065446875271304,47.54613488813964,231.45119318054427
144,41,143,3.88385251293669,46.149025840969394,284.6952057912075
141,45,142,3.5086457968524662,47.18690301384301,350.5374211060684
123,34,145,3.7413194338292866,48.82445710343018,362.9029668981018
147,45,137,3.2822683570298112,20.78752920932503,313.0263532359955
120,35,137,1.1767071049666233,20.128386945129108,218.4582630323239
143,40,146,1.5982557419673036,29.971649274733405,223.7666610570137
126,46,146,4.689005081340858,39.12590376460276,262.60634914419956
121,43,132,1.9317000334684664,30.389287198789777,311.9683484871032
143,35,130,4.971749077307766,46.232402982904716,271.2809953324173
147,40,146,3.7183539375784678,40.108876932636946,298.7290751578237
124,41,145,2.777417960504738,37.18897819061707,317.37791173017393
126,42,146,4.68019542574416,17.486323961774573,184.96689519980032
123,33,131,4.179944758469822,21.136739961949605,185.20927734292994
124,36,143,2.715860318339608,29.985381398588544,307.38142800678094
143,31,136,1.2743718890694242,49.17311692752957,177.07418131030838
120,35,148,4.473218298138003,26.704304450430016,280.85838086031595
120,35,130,4.060159725433365,37.049141188052104,324.78491812819425
134,47,146,4.162939349162858,49.61171116198579,310.01976085537297
139,49,139,3.979434930902222,24.24087706148589,322.95419229445423
138,37,135,2.1030179575123316,20.833345813455274,283.20898205406246
148,37,136,4.43538287867735,34.12166487469,320.445638770767
129,37,135,1.008930212576435,34.316163667899694,123.24446953308319
147,37,134,1.9491051135350106,47.2660321377833,292.42767378482625
137,30,131,1.1862383952967828,15.925053331706248,163.13743694725576
147,31,147,1.44238582667584,29.258220656863624,136.29352431312267
122,41,146,3.1295165500700217,25.93218554602901,318.2987576988138
130,44,136,1.1490247597641376,34.986848520953224,298.22758513154366
134,33,148,1.7255241908015182,15.32656242012342,156.76689830132614
146,32,136,1.9309605895633108,39.887233294039454,261.7334346203041
149,43,136,3.6213552205488866,31.974640987255846,312.5784068259562
130,37,145,2.8752820977929274,39.524122206017765,335.0153142378324
136,42,141,2.8336500922218333,30.67321747762161,314.10218745262
136,48,144,4.073730217030498,31.596749161740508,314.96115349340334
125,34,144,2.8268856482973406,46.344240482534175,356.0194546712031
124,42,140,2.3939549716721853,22.381435201857037,286.4281994896052
127,49,131,4.849804182417332,22.612105708051693,370.15165834517734
121,30,132,1.033173237751428,34.581680828860655,276.0620529841465
135,45,148,2.2215720003015353,38.107849609404646,257.2128728236371
139,31,149,3.437570865518892,27.41408817187519,286.71034218194495
143,36,144,4.131236944211221,33.18289085602177,202.52366294356153
131,35,145,4.265651819034257,22.97497407411363,270.4990514661375
125,34,130,1.18429252742069,19.75687178084399,342.52034863539666
120,33,144,3.8365282222303514,23.33919275231884,243.2566743379983
123,31,141,3.881014573887268,47.073057071830505,281.87756003704004
136,39,136,1.8563176858250725,43.063629906412615,326.0202927782298
132,34,136,1.451100113880368,19.90859873567736,269.04398497530036
137,47,140,3.9987446307812085,16.62961071403207,383.81887347927875
124,39,149,1.9980000249491123,18.261474014602832,205.43655098171644
149,44,140,1.006695216334709,25.270148146110955,224.57382270613473
143,38,146,1.8942904143074442,43.39756555134586,369.97830494485015
143,40,132,1.1242720352652502,26.24810703124901,192.8911787244278
146,46,145,1.9967467467765143,21.497934214395077,284.17188162961384
122,38,134,2.3400783293272838,28.854438691028573,263.6991757797428
130,45,131,2.085600638151806,19.3418767819462,189.8095180405628
132,35,136,4.679748268716978,31.45758956590221,336.3877147329507
123,40,139,1.9301317895411385,38.644395412620725,237.6130269605973
145,46,134,2.8701392911124053,27.90970169029617,286.773062204609
146,33,144,4.829710375376187,21.076402357924877,308.1816081518631
133,44,141,4.5167979654808885,30.86191187365668,265.5292217803243
141,30,139,2.2370338981310454,41.68712313668854,248.99146496383355
130,49,146,2.305961179829875,17.680798807440194,271.5228294850439
146,30,149,3.373317610037799,17.482799270820568,198.85215161513486
129,38,149,4.67145140301692,26.133875880149354,200.0085337937374
138,41,140,1.0399991818232133,29.52684755913566,199.77176155869304
137,33,137,2.572479168740725,22.57651425049375,246.2736401005336
125,42,144,4.399101945448896,15.941872092071865,265.6085657934888
146,36,131,2.6418799135471036,22.6845874669828,296.01093706884785
148,37,146,3.8802195008797566,30.237945515581703,245.46030822878822
134,42,135,3.767699609648809,17.779957055267772,249.02309484634438
140,40,142,1.821834838521469,40.056214002538965,241.52242275563592
149,38,137,2.798378017467933,34.32352955435806,246.90272088920625
129,45,140,3.264746851250688,30.205407693085775,182.2460069282513
124,39,144,3.861851740976359,33.15491451245083,270.43351855791076
145,40,142,4.2895585263003415,37.953209370596085,213.8159646456341
148,41,147,4.039732844677973,49.81794770101246,471.4998530875798
124,43,147,1.1132458695409206,42.12920218895078,285.2109540984506
129,48,146,3.6825513664066616,33.9127088868848,356.03930408093095
147,41,142,2.9892618554226926,41.968682941946895,275.91233095737095
124,47,132,3.295446943414347,31.6328479680859,273.6481193957271
122,46,136,2.4918648509835077,25.881804595481768,190.41467851247427
142,32,141,3.8561048583476216,24.168644723534634,186.99795671093324
125,30,133,3.695554048476533,28.981774698511394,260.66885857795774
123,48,140,3.317945925825462,15.079914639086406,251.18163973242196
137,33,143,4.446422130357258,21.19345687494953,330.41212469246494
147,45,147,1.4076000995665576,19.428667071706144,256.16593144924985
128,41,136,2.2040931036811346,48.61197092214165,246.3370513193594
136,42,134,2.9805216608113114,17.269673837621063,287.5351283809464
148,46,145,4.834419245198141,32.53404709491086,255.7264483538901
132,37,140,1.2878535451272768,47.190127593286526,218.42970803414735
146,42,132,2.3483099599393484,36.263207659990556,330.8588667711348
134,49,145,4.703562214903799,32.33441773023179,366.33737227376133
149,34,140,4.591790269796653,41.004768543327714,333.24745753806377
139,47,139,4.460982282830409,27.368135206599632,221.03861018618673
136,44,131,2.2335618240055357,21.780005411391414,201.37213699961882
132,41,145,4.387343119004022,44.65488607163728,341.37166863690925
135,46,146,3.0213576475836748,16.98037556413379,269.32664819652405
141,44,139,3.4791153761694495,43.27278961804326,434.33607073291853
123,31,147,1.9552996218434764,18.617813148402277,152.83738703813628
124,35,141,3.8266955556764044,36.89487572674415,433.8273815948913
124,46,137,2.310788417022557,31.696656502915626,291.02821942230037
128,45,132,2.375521704482606,49.948940947272824,388.89320966181265
136,46,149,3.547268704374302,28.577227138706455,286.267725432736
132,49,132,1.9593276886962836,48.505034426986015,256.55752690448367
121,38,135,1.8977548929832664,29.13231763831353,221.9998855360763
132,34,131,2.47665177038431,38.859517182064685,307.12292819829
141,30,132,4.112254500236935,37.52814440958299,253.74569437774778
140,35,146,1.898728196252597,18.025818316610568,184.50128631514815
146,43,138,4.149273562214612,41.01780364392262,254.47513746194062
142,46,133,3.782421108659,22.30336637358095,275.05433192209404
138,48,131,3.7163195218805978,28.595433104850603,217.52196347715298
122,30,138,2.899022694853642,42.37702614871314,287.1334107154041
129,30,143,3.9835513334374046,48.05097903382126,314.7270104183634
121,42,140,1.054078080415516,34.59312796724461,332.2363685630234
132,43,131,2.2224290326616876,33.17845753564886,285.7283886067021
138,35,131,3.716549855295258,32.672319588477755,297.41691601061257
145,35,134,4.949181697061131,43.5797643610964,386.2290021009653
136,30,136,1.0100573643371038,49.75906279690007,259.466329987507
140,43,133,3.0398890601348314,37.17568653223195,213.11582286103635
133,32,143,4.695345716148097,28.251784926918656,304.1828606135509
131,39,131,4.454157539266695,22.653251003408023,362.16672853060555
140,48,141,1.0925447790176857,21.958742137067148,267.8812129920865
131,48,139,3.1182325094027408,44.965285056151885,317.91486984045355
130,48,130,1.0171484056677342,49.73232202133816,376.04962732705224
126,33,148,4.158299792929502,39.429665414730906,379.15687439610707
123,49,145,2.235499368357383,48.454013225078334,302.13579725880646
138,48,144,4.062362647661154,27.249843660751147,347.69851321232557
120,39,143,4.7791733668142875,36.96583317031613,203.71863471509255
147,31,138,4.904340216620593,32.90895937506522,293.6296518199491
143,33,144,4.576444723512558,31.87063552517651,246.3991257981077
148,35,136,1.8165738126998647,37.1330772656147,236.2272662819242
122,36,133,1.7784006797119876,25.86185850701743,300.353891502997
132,45,147,3.503121731544911,37.421781855356386,347.0516545395813
134,36,137,3.176214728991903,38.55015360888375,266.4433882585204
121,47,141,1.0381384312053954,44.26396666096856,291.8714157545959
130,49,144,2.5669094046053167,40.56684964583101,206.35816489994875
123,48,144,4.626764022068701,26.19210620937828,244.73627837030273
138,38,146,4.593436075679447,30.778001127761616,143.7487560151175
148,49,131,1.8156275363841394,19.21322689233139,243.77556369659007
136,39,141,2.527852276629043,24.005294816773667,301.4917367989025
122,42,132,3.2414640439843305,33.23307709795752,188.77091189929632
147,47,136,4.4111370603688975,18.526627330258368,357.3663079041293
137,45,135,3.127977756965393,34.971220352990755,354.7740671289174
127,46,143,4.8727992498521395,28.659770309369236,280.1976663136851
141,42,134,4.1962085519515515,16.216819640583346,310.2001252811876
144,41,133,4.812367491914488,30.205675856376438,298.0298110768989
143,39,144,3.925968873505373,24.839906175720177,218.04520098705478
145,30,136,4.51049655745012,17.34420809668833,221.83009438883022
138,37,132,4.324015169511398,25.267945148820278,330.3316087943661
124,47,142,2.015353926964512,25.29332933041188,250.05986325513348
126,31,139,1.918145693817075,27.42757847115462,298.6078716210868
140,45,131,4.457533701826926,27.826623921136516,286.68582474021065
127,41,141,1.3387109500812917,30.042002667588548,307.13972104990404
147,38,141,2.6342544187989274,18.21853447035947,154.02202943158267
124,32,148,4.282631081142236,15.184722379620355,362.26063944351216
136,33,148,4.252957327364694,40.760255051988395,269.1580129057077
124,31,132,1.5551312427210782,26.80712572994983,312.8323304028073
123,37,135,2.9508392034288375,36.47641214101091,262.229307810667
141,39,131,2.9193296109005233,25.746218697661504,242.7120271034283
138,45,142,2.294885809756874,49.44655691560878,373.9349302934328
146,40,138,4.668724580257347,26.03986465108465,357.5001356122552
140,47,142,3.6124704480229273,36.17655408822955,246.04361492525788
121,43,143,4.920749959377482,22.69899370153947,303.7057365256427
130,37,148,1.2670648433070353,33.12308324319339,225.95815128200553
141,44,140,2.577400691643727,35.27657823346101,251.8566023041723
132,46,143,4.3405502483952425,21.398841387424383,304.4349788258583
134,47,145,2.690742676848637,19.327939234429973,277.8681766265707
131,35,139,2.0475121081732968,49.076045155124945,357.9729215949439
141,43,149,4.991230177268429,46.26436653557754,338.3192774894085
140,32,145,4.492499558809255,38.10234962251509,321.34502109772507
141,36,131,3.185894645197794,45.13689949393391,338.1393912147076
130,44,145,3.24683694498643,18.34461305484015,273.01924809597176
126,45,143,1.027451842350613,40.528168691184035,223.9240854388274
147,45,147,4.923978323532447,24.996152087588555,354.6218551081615
124,37,135,4.2251806476299665,33.88226169766556,259.93138456318854
136,36,136,1.1469174381785154,41.76848714348359,278.55558827102965
143,35,142,1.7053207686366258,16.171776555043767,162.78201797702602
139,31,131,4.284124921189699,39.31933633846579,290.04549660452165
128,42,144,1.3474621930878428,30.220337666560397,169.12238447754288
133,41,146,4.7671429100382685,30.388550515734067,257.31552131850174
145,44,142,4.999564248602501,46.7547335023134,223.86700233792007
131,38,136,4.545731238321169,45.0907735075385,241.3997717491236
125,31,130,3.955615957430067,17.013681066464507,326.09431027363973
136,46,132,2.9491294046750927,36.6410400815425,247.45105077221567
138,34,149,1.3297183053894943,30.254615762757872,315.04547391510056
138,40,147,3.9217849273688077,19.1235062509695,292.5013870059985
145,48,136,2.587460616111546,44.78679852009451,246.65431300410322
135,36,146,3.2809145245866977,17.5028875566696,208.70307274817725
131,31,141,2.1735619045665127,16.12340883434182,268.4393063912784
131,45,145,1.968624038058966,21.913043898365544,193.356236503689
139,41,139,2.29718783458562,25.618273981003234,287.1129898538457
125,44,145,4.255312093654852,17.130827209960536,139.36824591758977
142,30,149,2.7059661606382397,37.445901068614866,274.22089044110794
145,42,147,2.246831647850193,30.300250846354288,378.90076031511774
123,35,144,2.7318815890996833,29.426610156322965,247.0580781779217
125,42,140,1.1291494637858732,20.086925688649835,255.38859638069394
130,47,147,4.562417131261533,30.32261792730433,211.31224087084288
120,32,135,3.207046236667513,28.65580805663926,266.48919925305296
149,30,130,1.4193049084826606,28.42749519724302,228.05083383916144
143,44,136,2.153627727796541,22.649845415510935,354.0460884457185
142,42,141,4.934210995511098,18.305306717730716,380.21557796201193
134,34,149,3.3722297056156925,24.124777597467975,245.77709421780966
146,42,133,2.165619547599382,38.35445577116839,312.5597397132045
130,34,139,2.7053826454639767,17.55232028686151,300.57273596965365
144,48,131,2.0338991177413397,28.381355443566303,266.7582068420425
138,47,138,1.1272170284781584,33.00316807213234,333.1511453889152
137,39,139,4.368120128608217,48.71031344119717,272.5485141086268
136,37,149,2.169914566831984,44.53387507351218,262.13694173111776
138,44,140,4.353642955420048,47.08146664554799,279.02509295646695
140,49,143,2.9142282668556936,43.70005395231897,319.69272455911977
133,33,132,1.7315785477905088,35.61901024595396,242.12161650350242
146,31,130,4.207474772818634,45.12753815862044,339.63992207559124
137,35,136,2.508445924223178,34.783660783722446,225.75233199784103
147,32,133,3.8309167512264817,27.521179756464964,281.8089457632954
138,36,136,4.34891867611493,28.03197002167071,246.33219084333498
134,39,145,4.851942625375415,34.791159966084436,262.4308386315457
134,35,139,1.3432581303449678,43.33038679541747,352.8662481205777
123,45,144,1.0335459273617493,19.67784408739898,277.03978078110714
126,31,145,3.19369992608979,16.374282687100063,282.1184453832911
132,46,135,2.0569638475000005,42.63490191543821,233.0902133952104
122,42,133,2.876407158974305,37.66572242283533,219.24881763221774
135,30,133,1.2906347486244298,43.745860704881665,237.95608029107598
128,35,133,3.0063561866934387,49.183678444753276,334.91148508658046
127,34,146,1.4994226127125616,23.79879039970352,205.59272585719944
139,42,142,4.354351032796204,21.80021913716185,317.8947171239077
132,47,131,4.037947210545827,26.93424915897551,383.56438328255433
136,41,149,1.2962943128689686,45.72868046057394,262.4841308801779
136,36,135,4.345401418911736,15.488735378417894,332.16286559334645
136,44,130,2.2998339696984904,15.368629055131096,220.479162649035
120,32,137,2.4114389715093236,22.5875235418687,253.41659766266662
127,45,147,1.7192142969662463,28.157070350670434,219.52292475575666
138,30,133,4.3412164859699125,25.582113091028425,375.7826574301105
125,45,134,2.6188230553936993,43.87212449712013,250.50911433475744
122,41,134,1.1953434827212548,39.140283497633064,329.7309659022401
146,48,144,4.864998511304652,44.32417886723074,394.40184016145855
124,37,139,2.023548855843449,28.431610309381824,247.43238369027887
132,41,137,4.7447091116258875,35.853359965553295,135.3539717016407
134,44,136,2.204953450587042,33.04094072189187,211.0435187541296
133,31,141,4.325706378792456,31.615429195521067,302.9424984807018
148,46,140,3.656877969836763,25.08361234199105,268.2698529524708
142,36,142,4.445133727958259,39.82272206719489,382.3506615203901
135,42,144,4.904471946811589,33.34103620908466,336.7649682610343
137,30,146,4.485934733826451,17.75109733811305,280.162315794976
141,35,147,2.614660646000082,15.018283451774007,304.7537296993138
148,42,137,4.25801392598065,15.71116670993289,257.78955217335994
141,40,135,3.8466032412283724,17.65825123366889,292.0231663922272
130,39,140,1.2464146833266136,27.983396689659678,248.1704321849442
122,45,138,4.7190403909504965,25.69829905130554,370.91346919567945
141,49,134,2.8638443665073248,20.48248325131552,233.2814273685387
129,46,136,1.5378022627850236,33.040725562310044,345.66153026065234
129,46,144,2.701512388792584,48.956349465601335,328.72639560005905
149,33,133,3.41256498048591,20.62438235488115,284.65385578109203
140,34,148,3.2917845003356385,23.770701246957017,341.6629106780019
135,43,142,3.299174587145212,31.17360578659119,324.91810715692884
131,49,130,2.0233571326069346,37.42942635060935,294.35905272041026
121,39,130,3.530809797684756,36.00874968029758,239.63255374338877
128,43,143,4.6296593351106505,33.24197477940804,198.06282113808788
143,30,138,2.554667786206403,40.804387476784825,205.2606355562419
122,40,141,3.522321130480439,44.608094574700374,337.77956862308764
143,47,147,1.9759480280289847,49.96384175959939,368.2906768874717
149,45,138,1.1931240807548074,31.292869248202322,266.2451972075062
144,47,137,3.3429254556776207,49.823481739425844,364.1251603942117
149,37,143,1.1901992087409035,40.56747935972548,291.8309264094887
134,39,138,3.8943383796818933,38.00696129125626,298.3261149065008
122,39,149,3.6814107912070564,37.3889072983217,306.48576374650605
138,34,131,2.4773000756052617,46.876050316644275,323.96713697464355
137,39,130,2.6451604385919274,48.17770071198207,268.6763948326841
127,47,142,4.671043745909199,21.247266478496044,255.55273255018838
145,35,139,1.052534502092251,32.26983443728518,276.60088048510386
136,32,137,3.253213523291968,47.95074475523786,278.44015620748723
127,37,136,4.6934445029378535,28.37394908470567,226.01351448270518
126,38,141,4.655948991078387,23.143678748776992,197.34839588083696
149,34,146,3.33862305529877,18.592861241269848,189.61455935675068
126,31,141,2.524919995638392,35.90261612404018,290.9575300611794
122,31,145,1.395614105329496,39.50954904063278,294.2073274698041
120,36,139,1.695136815249402,21.844179523202783,154.2217494164836
123,46,141,3.718693420814646,38.577333961023044,339.5883215219651
144,39,140,1.0665363352390713,46.486671726425435,214.02057913779808
124,41,143,4.53394230563193,23.5252809004088,274.1634520643641
120,31,149,3.351737880583534,19.26999634780907,267.32831326926714
134,39,142,1.1805866490590566,44.2398390437954,289.4674371209314
124,49,131,1.9590696807665302,47.07562527351853,218.9976750871049
132,30,149,3.3768036422706187,22.520167985606278,164.89439593812313
127,33,136,1.1424050618392605,40.248319223213244,183.64547393721
127,42,130,4.11994960783105,35.68218120683301,274.4903890351237
124,41,132,4.679688267322413,23.37187585961292,329.92156491220067
147,40,149,4.844881573207749,43.82801910733512,336.21355108587375
128,39,141,3.934636987602101,31.46530951387458,293.9860873545901
120,44,134,4.427301883358068,39.51168560606274,313.78255558222503
123,34,141,3.4428298493189455,25.549799052209877,262.46289286558937
122,46,132,2.834174658166298,43.55235600248889,386.40471234285707
121,34,149,3.852539013488829,24.250008550214147,287.8173596387245
127,31,134,1.89672265705078,27.76755351375531,198.28837734537953
142,38,130,1.439137304782201,28.701421724857425,168.28524031636124
128,35,145,4.047403904515594,22.22493936903144,310.03320360733
121,47,138,4.832747171943476,45.60292976657787,373.7203722441587
133,43,139,3.309917329312094,18.97207439834902,312.17008905252317
133,48,139,2.9301694839914414,34.70951728847251,381.6292761336371
123,43,142,3.137616925088738,43.49527972319473,243.70872788916648
149,37,145,2.91385673753933,35.33167299801432,314.175324602777
125,46,149,2.768801124708953,26.441377342348787,222.69133540446404
130,32,133,4.788142776584851,42.347427109312086,260.4884772167137
122,39,143,2.9190527645129936,32.471208610790626,237.24283541956598
127,46,146,1.3244097640559143,20.7054497383358,261.7248280512044
122,40,134,4.062066716280945,26.090214619846872,390.65678616619647
133,37,142,2.5662464136316587,35.7178936434953,251.42205404007984
147,30,132,3.8427741829955346,38.057177947929546,282.93232265958903
132,42,134,3.318277438297627,34.1846231733733,203.97838966382128
132,33,145,3.852720260623402,24.520330246477705,215.48234886938923
121,36,148,1.2479758281427182,35.78134240630569,256.5390138397826
132,43,148,1.1354932906712922,26.635803661794696,244.2384977139789
148,34,146,2.5141664994045647,22.872237621604143,135.9522738299849
138,40,147,3.7726645512877632,48.093503064293934,295.32901687056403
146,46,147,1.8947301076239764,26.020569109354838,208.90314542434652
125,34,137,2.7336028718502883,26.746715915499237,310.4035489761006
135,49,147,4.923241055891898,46.387175916738,330.2399972868005
121,32,138,1.859498218069382,19.99425414036689,241.06107624847488
127,34,148,4.391773847085455,35.46082054671186,276.11033085097347
136,44,139,4.3018435392447865,42.42987223517825,336.5720897052902
142,48,131,4.565408741155954,24.578290273525376,260.70392971003423
121,45,146,4.660566974515149,44.54283713402204,319.9470595510547
129,37,142,3.029280769592529,41.937714265552664,270.69513955028594
147,42,140,3.727735132782303,32.013292354336194,324.40173293139225
135,45,145,3.4755636480627774,19.155049666875154,242.63097220110276
125,32,149,2.235794161462228,48.953750583432864,383.7333640795683
147,30,136,2.1191503446188293,36.848057841147664,290.69136332234217
121,38,132,2.3662798780043652,33.09844414673415,238.54233562081944
121,38,145,1.8738309280307686,45.99073548183987,332.8426598041013
145,46,148,4.029534201971182,29.747467337875158,377.57857905775865
132,31,149,4.858291473706063,34.72744728704292,288.5834994274636
143,38,145,4.4710869673523135,45.04445459525347,391.9950009079577
134,48,131,1.8717616163535222,28.754026403881674,327.0936585346011
147,42,143,1.2076618828487193,42.03370530207028,257.1246975230788
121,34,149,4.0283756282887,23.964822051359686,305.7279690983019
126,38,139,2.560855223634465,39.58277857468504,297.72351366096905
122,42,148,4.2984504646668595,32.86522022708145,290.8443092239411
127,30,140,4.116943186345809,20.771737866310815,262.9927262818678
142,44,147,3.5016410079960307,19.760261113868513,185.7930661870636
133,33,140,2.0213573375175815,31.01908724674868,253.7266679631241
143,33,138,1.416143071320588,39.879648815889624,288.7788451098881
149,49,148,2.0105933042245407,36.1153596037433,327.7511427551567
142,39,149,3.0390387813818687,44.91537602960854,304.49985965679747
146,35,139,4.917851902569528,28.638157725686813,325.9604323678425
141,41,132,1.2547489608014346,44.5274748547522,367.2008932126428
148,49,132,1.8002880032637272,16.29599593937526,150.97172638429262
126,45,137,3.509117830769701,27.803161578467567,284.46489982704446
140,32,135,2.2174575786681108,17.554407051012276,226.76376046930392
126,43,149,4.4340171977595375,47.17354596758175,407.5926551644693
120,30,130,1.55766794826238,31.635926186523278,233.76617613482958
136,39,149,4.852630094335765,26.06547557649482,288.0515608339527
128,44,135,4.649499566066107,32.23706969029702,364.5804661105825
149,36,131,4.550116224042885,33.649612631536584,224.2458046002257
140,33,148,1.6922761670536643,44.61813651260155,234.21042652109278
132,43,136,2.317984497010577,33.984970768857494,262.6520417123429
140,45,140,4.216387368934109,30.09834980494034,235.84203904940026
138,43,140,4.231232262239784,48.64740565819248,374.46765581135924
140,32,133,3.8207016608285294,48.89953483244805,277.35204595143125
138,46,149,2.792203526135007,16.344587429303072,249.48463994709167
144,43,145,2.2463570826937485,39.73960149309305,237.19903640424513
144,47,134,4.851831744726908,28.011532294265454,311.570218539112
141,32,136,1.557049079553384,38.63198844432768,340.41670098971395
136,48,145,1.1750162438478244,37.292283791975024,329.81914484220584
142,32,144,1.0365220799594446,26.553657967311963,193.5200304680891
142,41,134,4.1001076385347535,49.53305530572534,363.39151032780546
149,34,130,1.226820583866958,27.498830879486725,255.99185103469094
129,39,149,3.1545744178876483,37.11935560092412,327.05191376066733
129,38,138,2.4691697642692096,43.46852420015718,279.2151738631556
123,30,134,1.5876315602888278,20.091274345833174,219.57369983118394
127,42,135,3.9623819475488125,25.519893698709296,229.71042245647058
141,32,132,1.2200273241757382,21.964045150124875,187.20759452465904
139,48,135,2.2735753543418094,42.36378486795783,288.87232195294325
139,40,137,3.248764901680364,43.0422989684926,425.71999677235107
137,45,135,2.609662893425009,23.958035150861523,293.3213514399004
133,35,145,2.0365927946368005,15.14455661984735,233.46204367122064
137,32,145,4.704004018824187,29.81726728114498,192.72604448408987
147,48,132,4.723881553994657,39.04981649217102,315.27886317331325
133,35,146,2.6643781584369055,36.78757629238844,282.0183266767102
139,37,135,2.5749776670456797,30.59949268834502,153.5881485383063
140,42,135,2.2295401899468037,25.56795729281089,230.78252238156102
143,41,148,4.423024771649442,31.603556973249177,273.6918110876497
134,39,149,3.2716611439796175,15.52859833388929,122.7304767950094
141,32,144,1.3580888516098208,17.58547168088133,276.2281375408155
149,33,148,4.41328281247347,20.693687680555172,290.0800828632445
123,30,131,3.139545079828003,36.88918749548667,316.2904415355129
132,42,137,2.662367216423634,22.657972388016443,238.68988079462338
146,33,136,2.3514597745742316,29.818262166419323,224.1046072589014
142,40,137,1.3977063612517795,36.74937942920425,310.5816899738671
127,48,142,4.826808625603478,44.070188257399096,335.95179172084505
137,40,144,3.9649740698892066,34.23797821676719,276.29210793637003
131,41,141,1.5271102523959228,21.19942764691968,171.91606526950864
142,40,144,3.0450752765393374,48.31088337412475,338.6933295596203
133,35,143,3.222300791145148,18.150530234141122,317.7041175361036
121,41,136,1.6715550281230231,27.84917518545589,228.1389780149343
137,38,146,2.7088861154492156,47.24633792463754,312.11946458293266
143,39,134,3.582984461816032,36.081671233501595,242.36620928642756
121,32,149,2.1360422872590403,38.192829142869854,287.62094208277296
130,32,139,2.3264358195597934,25.559242557787115,208.72245200123044
128,49,148,1.4881139082600323,17.7488494372567,280.32544402881024
131,45,147,2.6529625773030245,27.8016342133904,232.55687438196645
136,32,139,3.3354291388331787,29.075507488593402,210.7579614898736
134,39,131,1.466102162797268,24.459532654648804,276.367595037798
144,40,135,3.4591374353401423,22.541988668895144,208.23192140967768
136,37,132,2.5911728590112495,27.44280476007893,237.56057494932537
145,35,148,3.7127290175632326,37.37959068672526,319.22740601441075
148,49,134,2.259347902067304,48.21621614914017,337.93377758725967
145,40,136,3.2739969531664164,39.63232578775646,333.2014446929159
137,41,136,3.4512113930392054,42.28610797309514,246.97678610705276
141,45,139,3.7620295965845787,25.712343933726757,338.31473182122954
125,47,130,4.027755934149197,18.66423689548172,170.29193981155493
136,42,140,1.5454068395996319,25.202974091420028,199.98967740468186
142,32,136,4.86097096880111,29.09289739688215,350.2744343739448
143,44,135,4.374581662615047,39.145847126695585,312.01427477637253
137,43,135,3.249275130394469,47.87754984606485,345.9991773159391
127,47,142,4.561435483113431,43.32523800247914,408.22143693978524
128,43,145,2.5297318719229973,24.3240099956542,226.96913480924874
125,34,142,1.137146206424534,43.71052384797049,257.714927857181
124,43,131,3.9081255234717722,29.411137133921777,240.08494431954335
131,37,148,4.77337659742144,21.140358652193225,260.25025216136277
144,44,148,1.6474186543012093,31.143872099942215,254.58383236129123
148,44,148,3.575495788065342,34.71271908384469,331.3318043054226
147,48,147,4.253702242609267,41.719178827538556,274.5523968176065
130,49,135,4.620268206552332,27.24637720978322,320.6863235144314
144,35,131,2.106111036460744,20.137276236355603,248.5317488908746
120,48,148,1.5149352375389262,18.302374155213087,126.48340412381256
130,37,135,1.9914004555037392,18.935609419029507,236.22436205472448
138,35,149,3.3108865640765424,48.250819688715595,284.49837931616366
128,49,144,4.674913025982127,48.311293931224256,346.581189029579
146,44,135,3.3301432447940247,48.90647558918701,365.7006155661222
121,32,132,4.678485203343985,25.587110399348923,149.77123852620187
131,39,140,4.080148094764876,21.706504719175555,287.81027441035894
123,44,137,3.393557856671237,49.3320065520695,298.6779805243301
123,45,147,1.0871940370533184,49.589243154321395,303.4692617741976
137,46,146,2.332303071504565,17.74226546826104,186.25363159481583
134,48,148,1.229838228899625,41.33848351321656,318.8181565556242
138,40,148,2.2889694010961135,25.10323864594898,261.38832072914903
132,45,146,1.2493339926337632,46.82545605452601,256.476518417383
138,34,133,1.6712634458002498,18.122875561898176,280.67625954665726
136,34,136,2.6427436649696356,46.1002207542837,371.44830902821985
125,43,134,3.0595389817319227,15.091744307149694,211.88545360373197
135,47,145,1.8685667531714194,33.269225555661805,221.66372833657618
143,37,135,3.9303095170319557,26.744734662539663,245.7345555577208
131,34,143,3.361458487468079,29.95668137824368,258.04594377230364
138,36,149,3.7670421230531113,30.182459994309042,283.8302505785501
124,45,131,3.931062724373653,37.87611056974903,308.0845781870483
136,43,147,3.9076813543240942,15.808399315732006,210.7135696678244
145,34,147,4.744935604787411,39.19774378883503,303.51841507585937
142,38,142,1.948881335658668,15.776934516068646,183.63746919911128
145,33,147,2.0806225569250727,21.48458161146297,208.6968432071306
148,33,146,1.3768042720086027,36.23595780447207,181.60951766439211
120,45,142,3.3703454297244124,18.02531025796863,236.064324863761
147,46,141,2.5807420305514617,49.68162807036183,202.6807661411642
146,44,132,2.9847955226710514,42.45344308601912,294.75609438194317
144,33,136,1.6792858308565592,39.69830743827705,257.9244100686269
143,35,130,3.5962410022855322,24.368835219478523,279.63868265197544
142,45,134,3.4760774425578047,16.699771229343376,254.3745514859879
129,33,130,2.059137707728078,49.257334866200274,316.1593059107883
134,35,133,2.861666761704296,20.174689798602188,215.76460667658603
142,34,130,4.577203752429119,44.069856949575566,348.457188587199
140,45,142,4.093996137303194,21.913109472840624,286.50281256462756
140,45,143,1.9077755070533269,28.093337843605745,250.72359025050787
130,39,144,4.5154194099984135,39.27563566406596,282.62283566150086
132,38,146,1.2692518936861714,48.08777120183944,285.1153616151497
124,33,141,2.655714264221649,15.69238246280828,187.57479192864864
120,43,136,1.3204729101495842,24.12688552584489,216.5300623397082
143,33,148,4.696856776745953,41.77379921523031,321.0196503305021
131,41,132,1.1628097672801734,21.068784221136735,107.8546311481918
130,39,147,1.604961184431648,18.900929158556362,219.03258737726873
136,33,133,4.660159775346205,16.61646490064097,294.00371385219654
123,47,132,3.328630579602517,32.5871498313137,283.11279251573035
134,42,141,4.180751900385063,41.8706777979754,267.0760491037008
144,42,141,1.0656270410471804,48.66070976424489,402.7442365595954
149,43,146,2.676380282221269,24.362008223226294,226.21172560491254
128,47,135,4.937862521097123,19.24803405569801,287.36857427757155
140,30,144,3.3192762641206235,29.08936456079421,319.3835578315503
139,45,131,4.398731154399675,16.94041055056302,252.90094700565288
138,44,137,4.854237907587515,26.597587810363073,279.5617314988431
138,34,143,3.7401620360896266,37.50779966736562,335.18453063024356
131,35,134,2.310521846772723,20.885810825076227,240.63414492062142
124,35,132,2.2344277370845353,37.115686285241196,202.62511346976473
129,32,139,1.2851096315058719,49.018216315587516,301.43619564536334
136,45,136,2.711088408024398,45.24699718256964,276.7908732426969
124,41,140,4.661557662487522,27.48921991040457,269.27787031925556
141,33,144,2.912249706375923,29.75236992049468,260.12062660801104
135,30,131,4.643979640507124,29.676224509832466,275.39593414887145
126,33,134,4.268567732912956,45.09653116341065,268.19216688062676
147,30,140,4.936748453159787,49.78394752801059,365.71300399368465
128,37,137,4.790781127568252,43.9063488633351,369.21272819654683
122,34,142,3.8259330762119586,34.53413623343252,251.24614560385692
134,31,140,4.4848691475038995,18.407811427120915,221.86266242406546
135,41,146,3.9923108065295025,48.40694520308491,338.2982070752307
137,46,144,3.813578058568871,45.10160300763236,327.2011859036587
133,36,130,3.862238311591209,44.449379705799004,310.66042027493575
122,40,148,3.884174701431848,28.713626300962282,287.83421001303105
131,33,145,2.517676047446194,30.650998251017338,378.34495988343315
128,34,148,2.6942496642103366,19.1881621976273,259.7091935685058
147,35,142,2.176284636692177,47.82555443009286,256.80762856885264
126,40,133,1.5930423026853178,48.013202714332486,407.0343923646971
128,30,140,2.8337736013367696,23.905444375125533,308.3988441431758
132,39,147,4.599797157089131,39.36027338406819,436.4648845709523
137,49,147,3.6050588264713155,22.122140809480776,360.0305705793064
124,40,139,1.2247214388724448,28.753147812886247,385.0503203671813
132,46,146,4.244799778258608,25.583348022966977,391.87381102843847
123,37,142,4.741606108870002,28.63568491940442,272.48388255798847
121,42,143,4.317689759947083,25.8140447989938,355.0453398923444
135,49,136,3.9101656566229877,27.085196398016997,267.56001136878604
128,47,139,1.600481583253286,42.68710911664526,324.5067026835301
128,45,132,2.3959995690103524,25.50094995574632,307.18808240052186
125,31,131,3.2611475533921213,43.514341254476,224.22067685244278
130,34,148,1.3074431175135581,34.8772762525315,266.55158949857525
141,47,136,1.4250808565431394,42.31556700536726,278.42087520073295
143,32,134,4.7370156880445995,47.16117276587148,364.20231918909593
141,46,132,3.8107647731039345,19.844873267774723,175.7381974476023
120,45,131,2.100348184205102,27.03615878227021,224.98240470178172
123,35,135,2.309441239045391,16.944512353299704,247.28076561227854
132,48,143,2.5377172171206777,29.24185122181577,250.59155194510961
142,36,136,1.3002851703148677,23.3091025752366,185.20300588117692
132,47,131,3.9567079948577124,35.00875153757467,343.5820676197197
132,43,140,1.7073360483648226,42.41864485158305,277.5765128933999
121,35,132,4.22048009928284,32.022809219951,286.46288934910604
128,37,138,4.383489719107734,26.676789492839163,366.76656342438446
143,44,137,3.5537367097098564,20.339472805437577,315.80045123688905
127,44,140,4.079419773595653,15.939055278878628,233.9588058918097
126,44,147,1.6873406667441735,38.72590539485686,294.70687899354544
123,45,130,3.3037559306825472,16.069102780742174,229.24497463953037
137,30,144,3.707197257784525,47.229351452325844,245.72043454819115
122,40,133,3.6462423234171113,35.79805088019463,336.19906958445785
147,34,133,1.469159510572723,27.36533608282459,270.07857239250166
125,34,139,2.3775298499201525,16.46697566252178,199.3493646912999
131,35,140,2.300150085929346,29.47202934766406,297.56747577780783
131,31,147,3.2901074903876335,45.35548371479828,305.30968927731266
140,35,144,4.060948515471013,48.943816824855155,361.9731071168353
147,43,132,3.282361464680855,17.972493485589688,230.7988624165868
127,40,136,4.019309754606617,42.19983376138124,360.4186895682897
141,33,136,1.3958703867960325,24.04251652914428,321.16440001648357
141,38,146,4.51255476346911,28.280291474370266,295.6518813184059
120,32,149,3.1464682774570387,34.168539617186624,300.61555190632
123,45,145,1.1499946418686915,49.81550692302035,298.7856900758884
140,40,145,3.5728520120897054,22.30852141807508,287.18419355912016
147,33,137,3.069388749452302,19.56744341455,283.9400930435684
130,30,132,1.8814782753942598,35.82419452678273,285.1415709625847
122,45,149,4.057701834445419,44.8567149215342,349.7775009766898
132,48,144,4.73427300483192,37.68755292575429,446.1929661273403
144,45,130,2.2907338153740233,27.165174044640985,185.5670535732795
136,40,139,2.975662731265476,49.194389876356055,242.51564257471045
141,37,131,1.5126999947937163,49.82612296243077,326.5518522476643
141,30,136,4.7191988948192645,41.97271859718967,311.41612112453134
129,38,143,2.275184238476932,43.08457046218303,268.4039969441017
140,41,145,1.7791387347981034,41.62945818809074,220.493489041964
131,37,144,2.9137147070778218,24.01813353019056,287.2094985028626
134,46,136,1.173129958004723,20.259244859588392,277.37481550491214
140,39,142,2.0113473249056195,34.402372666540984,287.09554510292855
129,36,139,1.2706309459656433,48.39511691727976,263.18993205188593
133,48,138,1.5094846179767991,45.740230122783466,290.332808164043
132,35,138,1.4486302034634724,18.740090742174697,99.56608031989711
124,48,135,4.489679820071829,16.99469082820642,290.56852443778604
125,47,141,4.721739392138511,45.58197757206338,365.0939691568942
143,44,149,2.898088663120584,36.45552752734784,285.5138254800816
121,31,149,3.521668351413381,25.651236438100085,418.76009745151737
141,43,143,3.783607589051994,34.66188521178705,291.68564425121014
136,39,149,2.5652532994882407,22.75840070608312,331.3484659988136
123,45,136,2.4808418681715514,48.14331329776553,307.728382203029
133,36,137,3.7022760768946785,43.951919446277,300.1927315347652
129,37,137,2.506858060980954,48.67833058792351,220.3294442198186
122,39,137,3.3240380782007084,21.547001333484147,297.1376650910065
144,44,131,3.060771243245831,44.52846491961032,305.2650556314159
122,37,143,3.097842403603926,34.6099967688137,342.8962832559811
134,42,139,4.317435451505804,26.374719824157168,319.80705772729993
125,41,147,3.816228435594786,31.78821742624499,334.2248275231475
136,37,147,4.842730616152371,48.0534391423063,299.1777109843136
131,44,147,4.163906509006319,39.20085105674123,246.527640537951
141,41,145,1.583170058399583,27.59704434378472,201.81112781215668
139,40,149,3.953933211999371,49.99648895058019,195.23871322113553
143,48,134,3.6625902158685415,27.101002211598576,294.90981582484204
148,43,149,3.584175918045394,43.48019241872343,309.70385294812354
130,47,134,2.9229785047680146,42.453207254509735,303.40470394832556
144,42,149,1.2498556792639457,40.302432332544,148.45804859890578
123,33,139,4.80593907004028,38.430270255054,370.5633757816924
145,46,146,4.407698778897648,18.803288740257802,313.80002569510236
147,48,142,2.947232149647432,49.823458031928645,364.1059594231176
145,38,146,1.6343238705232337,20.63649857858183,200.58279071936408
125,36,147,4.2978906314230345,35.86469062556915,222.16353853168465
120,30,142,2.7226864216367432,23.720173199847956,318.33608761282915
139,36,146,2.5604556940254377,20.90721313251519,319.2709613331777
142,36,144,3.6615289277308056,34.58128800083335,373.2778072100751
147,49,141,4.034701594130606,44.27204577926068,329.93939792646705
135,36,139,1.2513629464818323,28.193097976177537,334.34818636638465
134,37,142,4.070225665934052,17.700911277111548,391.3863489628266
136,45,140,3.9357620054065126,36.83156195179596,342.2160939698987
127,32,132,3.3568384420881743,41.825058887318825,254.2751471396191
147,42,139,2.3536756574325373,25.362957741562532,240.20476452045116
145,39,140,1.6592085890233115,39.17063862921218,270.5058190533871
131,47,135,1.410611876735453,17.652661285505097,186.8166084299034
146,36,130,1.0047347748742719,27.649993592886183,199.27604597720637
141,34,135,1.8258407027683714,31.5945987099426,284.0868984024258
140,36,134,2.6453478801998918,42.36872774899936,268.57628901075327
129,46,136,1.9745773256003374,26.834959820549905,252.02941385417049
146,33,141,2.2359162144200395,30.87949273388213,279.67742666157477
134,45,141,2.5618096614439607,36.99239062545917,417.5910392741283
149,48,136,2.2330492338617245,36.84279866966228,305.71535181131867
128,39,131,3.898484154634923,33.121607119119105,282.1431125335379
121,32,130,2.9669071566598797,26.496614841266283,373.7595885172117
124,32,147,1.0773085910081628,38.447362613345284,237.57114690270785
125,46,141,1.9066729254492136,44.30040207854685,214.5834228125501
126,39,136,3.838632978538123,20.38349315021445,238.832135705831
140,46,148,2.2037220931471433,26.916162399681706,251.8313976050064
144,46,132,4.680567086796195,38.40619406985275,309.12362128249356
120,33,139,3.8506561897896825,41.45214221605188,270.9287798935272
142,35,140,2.1597079035185653,42.35108761368412,325.97848440281444
145,41,134,3.0656393846937764,37.864520682056636,293.36462718587995
126,49,131,3.668956120720679,31.7394573924281,314.797013944409
139,46,137,1.7734634613483813,37.602986154960774,382.13369057951655
144,46,143,1.9847498715474492,19.726558485046198,244.02303392095038
149,39,137,3.028494983449026,22.27164263790687,294.7900206249254
131,36,135,4.699578889961169,47.46358642252517,340.1231862493506
135,45,130,2.376041467430461,47.275984399756474,258.1305940924448
135,42,130,2.608521312402826,40.33593387301704,321.48948143916783
130,32,137,1.7624808427260543,26.446652316004396,238.4866657508167
140,31,140,3.372834781092438,37.70940015556569,325.65836555528546
123,45,147,3.9606029890039935,39.07270632667223,304.7155074003215
132,35,139,2.762569065238482,33.02902279074953,253.95892027393165
126,35,141,4.000997518639274,41.19840394113501,203.20733592143242
123,42,149,2.2104188934718296,16.039182494646983,257.4916133688916
134,36,145,3.8279376721140057,23.96772786622436,230.1444347449016
138,34,134,2.0333781326818166,42.8057629898973,252.31391278312637
128,36,145,4.122598167086281,47.854515529128456,351.5675590378764
130,31,141,4.3225663131968375,45.66307387213583,260.49994673025736
127,46,135,4.190894673439155,40.07726791390059,412.17981130675275
120,42,134,1.861890423402504,20.792388131099045,249.36443261242414
142,45,130,3.776997751575755,27.90518304665205,306.83056071996225
144,49,148,3.154161549505397,16.75744410139955,332.66121241014156
143,31,139,4.94414795995619,37.39516311830239,226.89580240860136
127,34,143,2.4463072839162563,30.74521324658211,277.59017721049753
132,47,132,4.085005411356162,35.05541569479921,340.30889781274897
141,36,135,2.480312468229268,49.27735197860762,252.75425422020362
146,40,134,2.5874298966161677,29.07883557575944,251.5098228595094
123,40,146,1.4439687376203896,25.73485538983119,168.66662600853272
127,46,147,1.9586447433047653,20.27116081071194,263.065105013843
122,45,141,1.6579371462893477,20.02634386119818,176.22766789338016
148,42,134,1.6368022441757084,33.150078051897786,294.52969645630844
128,34,138,1.0360661106074245,41.22298331716123,327.21237104620093
148,49,141,4.175123077891049,34.75618621520252,342.7847934411703
121,45,149,2.8717248717587234,45.56524328201101,270.47538874610194
121,45,138,4.216670271843032,26.055534823287992,278.8594768893201
147,45,132,3.4502016367952195,35.8266307087055,282.38966249366877
132,43,130,4.325350649922038,38.14345988834266,394.6577453234887
134,35,144,3.0150600129497644,24.824159685396925,239.15197108705806
147,31,139,1.376164084555338,28.87064371331873,219.73134075248413
142,43,143,3.4670545729357625,35.682895600523764,366.32002106137924
131,45,136,3.71105944905096,15.732572717311653,295.7309672629968
145,49,133,3.50601667320422,46.03138201095048,483.25216802297416
123,42,134,4.205345260906319,18.887241687787004,372.46389192659876
145,44,149,3.925996976024853,16.664526495965106,240.22629206897363
127,41,145,2.7305297967954765,22.52623503466603,282.14631595533535
128,38,132,4.276414621820974,32.58112870823713,285.2965336335205
142,47,146,3.7671461685707515,26.50440913355417,210.6658684795824
124,43,142,1.481466954060044,30.405096276689463,227.97784607078628
143,49,135,3.159491661799279,17.94948846772605,147.7534461984724
139,33,134,3.9142232249197533,23.158662040290096,368.7201932731339
137,37,145,3.2131528068731217,18.41812787023347,245.93145813697637
130,37,140,4.796114603806391,23.039730528943878,350.0645098006163
134,45,146,1.405965072835078,39.61581593948846,268.03940686677333
147,39,134,3.8892867715153105,35.13517781594949,325.8102652470455
141,46,135,4.297803245718002,26.688982358946994,194.264293380499
128,30,139,3.810612779620689,24.142954341925737,269.21158763429315
136,47,130,2.542340020257625,49.91347414531198,311.48199730949676
146,39,139,2.541921252813304,41.875368925807756,420.6043223926383
145,33,146,3.3462700203000506,43.77154663024827,276.6009117138469
131,30,132,2.5883921454181062,15.92276227238306,166.48341876526428
126,33,131,4.532731989463324,17.08553778926936,182.03781137543848
129,33,146,1.4397224731778016,39.941506469689465,199.17445008371135
144,33,133,3.55662939189101,21.714149946392105,250.34887028148577
145,46,131,1.5364598430945509,29.897940232254406,173.94984940901017
144,38,134,3.160639209996167,21.445830312462153,226.36637104679696
129,48,139,3.86232480964278,21.197516699027716,302.6473466593371
146,42,130,1.6620436662409959,18.81769330912688,155.37967857938398
132,33,130,3.8161328859586137,35.7991038645683,380.8507292243359
138,34,133,1.5599201248443637,40.87554805573767,269.0465638547287
130,42,136,3.482214982516556,16.989561080239046,269.76308505191133
132,45,143,3.0222121172915424,24.644314468459214,296.33676177825276
140,34,143,2.1922998152370465,38.04289395255376,200.84332216715686
127,37,147,1.44619492342121,28.731060786223367,220.9348583736769
127,45,131,3.943416558403666,39.663306061997964,352.90884301307466
123,30,130,2.527220533508024,41.57298746632833,314.9648554838586
134,35,145,1.3461231090927055,16.130291257225164,208.8361188863253
147,40,147,4.0911573530909315,28.33009224024228,263.4969921374437
130,45,145,1.9315787339352828,40.51986323933366,279.4633341648586
130,34,135,3.945808214822082,28.24455942449797,184.49458105963691
120,45,139,3.2595947437629467,15.204162104504714,335.0763256002511
136,36,131,1.778116046316205,26.770602633147888,226.17715484179527
134,48,136,1.305622908699168,45.54284647531354,253.7599642136058
139,30,146,3.372996061610503,48.317861279237846,403.15562746923626
125,38,132,1.1008473289577152,34.61808249143586,261.4266941974474
143,47,149,1.2618579394564513,25.722603606435904,252.47929731894226
141,42,141,3.8088763278668023,31.312248686292218,239.01565808873656
147,44,131,3.1554953656052125,23.267123446073533,198.3104079584638
144,32,136,2.3051810626175078,20.884399298721025,260.86366497753926
134,39,146,3.1569117706736947,32.27373467512115,186.79814044656726
128,38,148,3.366597310099678,40.78393961012492,376.91711583515473
133,42,141,3.2611434649778657,22.78626891132548,162.71511942803554
137,45,138,3.570216046061962,46.8338059547097,334.81617866841134
145,32,143,4.761152400761469,20.88796735627334,288.4505784087764
136,44,131,2.5551100803361018,34.544405176247494,300.7023954030874
137,46,133,2.2046056538303045,42.17341404877166,280.8234246557674
124,43,148,1.1537396441206789,22.468596894112885,185.9294680693697
139,36,145,1.5882922274270674,25.375555643870214,151.58833177056624
139,49,146,1.4249992635245707,16.801948709164993,156.3107858795105
128,45,131,2.341776747489849,48.038193890110726,311.27124798150834
130,37,146,3.439962915260222,32.04402676820676,349.35188931928946
143,33,148,1.1853355645383337,17.250716126879396,317.1578577925037
141,49,137,3.9106600178187394,44.054438460914476,322.05679722125035
120,44,149,2.589731799910957,34.927045566737355,268.9986010436255
137,34,135,4.854018063153818,16.9349651138464,256.09380184522064
125,42,141,3.2735399007677546,30.78137997151414,222.77574954329128
146,35,147,4.085449249553955,30.204106492280182,351.48855999328737
121,34,131,4.444724929188132,20.112860670393783,202.27277285305922
134,46,148,4.555385205302109,29.71304831805487,301.2849275681639
148,36,139,3.0738469987192287,24.898245555273313,295.2497114411236
145,35,132,2.5869702337243243,39.49796633396937,318.1265975829251
140,31,141,3.242059958753758,15.192218244384835,304.1121863477181
133,40,145,2.6082816064697116,18.723158019781664,218.25198959677994
124,36,141,1.9628598771329662,47.15270831667819,329.41715827215336
125,37,137,2.29567930866667,30.166666456239952,307.4770018832209
125,34,134,1.9310794249543957,21.166369113619425,243.81169354479616
149,47,140,2.077750522379447,42.76292529041629,276.32053936894107
141,45,139,1.3744309489428814,44.80574100267545,296.71781651056386
149,43,132,2.7058508828956187,22.3924904725665,277.96319126973344
137,41,138,1.941135626412895,39.97599973416749,185.15456429826835
133,46,141,2.7934662095779044,36.52974919084319,305.64534445321493
129,34,135,4.168792936705173,41.076984896366426,380.52240658813065
133,43,148,2.793249412972709,42.576444673397546,297.99135624958103
132,35,145,4.818447482838861,38.132754973764136,345.7550067247719
149,44,143,1.5913475781120834,48.467593546118486,297.49093890536136
122,36,133,4.401059963351498,45.24792257334116,363.9858852437434
149,43,147,1.99303245629195,23.01400207433123,315.24783867876374
125,47,139,4.735733803419897,46.97480286953056,389.49623706556184
148,30,147,1.9085917057946182,27.58590553872607,239.6366829994406
127,35,141,3.9878471438592222,40.4289647979458,312.844147701462
131,32,148,1.2484716034398806,44.680361087174624,274.6644060238251
132,34,137,3.5192537486407107,30.27296492800172,272.5375141140955
130,41,130,1.874696871663763,16.802799126183423,239.4405476705487
131,40,143,3.680690166592944,48.23815020720714,331.14444911774507
120,42,135,3.543317350499388,17.536801848852576,183.80837237471803
136,45,143,4.694783518640649,27.18383569077234,331.2946272029766
135,47,131,3.506705722481793,35.875655422008094,295.54486879006504
130,46,138,2.632995246599631,19.113784767310158,187.60634409737276
132,46,141,1.7742712193968124,44.33722143062438,416.48392774142985
137,40,134,3.6298040341765585,22.119775452175695,275.1724333075203
130,49,131,1.46546641569133,49.51012821581771,311.5290593041328
147,39,148,4.314067307687071,47.07517041977795,300.7050468470925
131,45,136,1.9893381877554548,36.15946305262521,296.5832958987048
125,31,136,3.096635592994919,38.1003531250583,291.2894957673015
128,46,139,3.383789217317582,33.676226380303575,241.2382019126167
135,49,146,2.4499599615899474,28.68863890214914,153.80665759882544
123,39,143,3.6554951102889857,27.30978339758712,299.8867616353489
122,42,140,2.00086783556852,46.207921735909174,309.6311704589836
147,41,149,1.1384982951063818,35.181690413981876,292.53735619803246
135,44,135,4.837070944539745,43.81528062746801,340.39401228312926
143,36,137,2.2801833253726,32.99248653554514,294.3950759937554
146,42,148,3.8538489386418666,25.745872278471815,333.13645462017075
145,41,148,3.030134427681523,18.211581682040194,356.0851543069622
149,41,146,3.675994708452017,26.329388105291102,242.63772521881054
144,31,147,1.443746090062711,45.80411299227845,233.86088944028762
131,34,141,3.0753915004643964,39.91864108593193,295.5626176515095
130,31,138,2.5688782140488815,42.50404684548543,256.3232199644479
124,49,145,2.8073982673348303,42.07019756351951,325.2903087415857
144,42,147,4.864833331776945,19.199034603101666,342.11613406444286
137,32,145,1.545155619347569,20.56011981202405,245.18159244652156
138,40,145,4.018800705645593,26.103373709190766,378.67412672001865
142,45,133,2.3213711766931255,25.53600725337693,290.1258412597788
142,30,136,2.161431950495049,17.31283633895061,197.07882737932277
125,48,130,2.083109583597061,20.37150283492224,169.77715457563824
141,40,149,2.395126212891564,44.968059924837284,367.6258697293002
137,38,130,2.4284682383744243,35.61656932935962,315.8281384214933
145,43,137,2.0829880207278855,26.979904747287456,277.49219516420004
125,38,137,3.6699725910939036,33.42672642521814,252.52589079169513
123,36,139,1.1908879348009975,24.145968705240115,223.49605622591113
131,45,130,2.3291752232235368,35.43448110715112,197.93256073910578
138,32,143,2.1208224273442773,17.612080913256452,139.8719154202028
148,48,143,4.00567208219948,46.5927744637593,376.84608891607286
146,33,139,1.585994176078212,23.41563046392651,268.8304694481436
148,36,148,4.762748568388931,43.66764256781644,385.67335442258366
121,41,145,1.6820744481806198,38.099960321358104,211.56065509687818
136,47,138,2.4801094562542048,33.30524298481669,371.94201919347495
130,34,149,1.7988007737564904,47.542876125122845,358.1617365683566
130,39,145,2.146791773888362,20.48846131124038,377.3429697583832
140,41,149,4.044098802672499,19.17471145941499,317.50659950016035
135,37,137,2.90561887495344,26.26510461382032,134.41530632455306
121,48,136,1.650302869241,44.05774292814242,337.30520784757675
121,44,140,1.1865395145782949,16.232050966658214,94.8463815242462
142,30,135,1.9196648806811,23.3791997558269,161.22888752774568
127,32,144,4.782411114104084,29.864576709033365,282.28153898318675
132,47,148,4.381266992752133,39.95293459883729,360.08776138057993
129,47,143,2.7606948636960347,25.47595736637941,148.24759536976265
127,31,144,2.927980887783932,30.68393561807499,132.94138602052655
149,34,135,4.59746455751598,26.78976718049065,298.54322122722954
123,30,139,3.3653815295029412,18.22210891539958,246.20051075735034
134,39,143,4.523068260595053,40.85365946909387,288.7889113190293
149,49,145,2.9673564174093623,31.148278875556908,296.816586981451
120,39,142,1.8003904764753038,43.437924183483375,190.25652293112412
130,34,140,3.90370791976894,39.314252096894855,256.37562999942935
126,47,132,3.1055732783160503,17.023532006633435,325.92203928835374
136,44,137,3.673758319873875,32.50265651736974,328.2455948892647
146,49,132,1.6289236667979785,49.67994682653808,340.1345373618998
139,37,131,3.5904072076757827,25.77545916530795,328.66595612728435
143,46,143,2.529028589620482,32.253533517137484,375.6049561552255
137,41,149,2.3279910112447837,37.82113552859141,409.26406102727174
141,41,144,3.6859021642904084,22.079296013296347,435.4643048305503
148,30,132,3.3689564530438263,39.58775236277646,221.42294494433816
141,33,130,3.596429715746818,38.09218367545877,233.56748264584564
131,37,144,4.861332256925965,28.12361633518207,325.7369522738005
128,30,149,3.8047858782776713,24.95537435595847,232.9428034198494
124,44,131,3.5635958490915622,47.168594544733466,343.12834594638673
129,47,147,3.4542121673656174,19.445825044399797,131.4601660499248
123,30,130,2.594856997414957,30.121077695926473,274.174154378303
124,40,138,4.356766764568727,41.8444269877745,324.2604040754894
147,31,132,2.5237544100228426,20.184798341638547,223.7334519928479
147,30,131,3.800974537302247,47.65246367393296,308.975176024939
129,41,133,2.1725745788586686,33.418834236760226,184.23539132754541
130,45,145,1.5910257670651484,32.66854790704853,230.37295742060275
140,39,130,1.5190532291919845,29.84970937797592,351.130153966138
143,47,138,3.538235426763194,45.36075670230919,362.11402571712136
129,44,137,2.311819721918361,48.19544930848045,400.8768030376666
147,46,135,2.100197154369574,28.302380917622227,169.57007551539274
127,39,149,3.3682373174258697,33.983777758752495,332.7223589238905
121,32,147,1.1026790178620076,26.039809649125502,182.26289854864768
142,45,145,1.984902607938698,27.88058665849726,366.1434368740043
127,35,137,2.3621891412683502,15.991674621790306,205.91624895759418
135,32,133,3.8334943624287923,42.50774195436459,386.56455975653404
146,38,132,3.180004988655002,48.92665992656661,261.8960230429261
141,40,144,4.423954468505798,41.93342931466905,411.0612787272012
124,42,135,2.3380254519940276,33.137399726651026,169.38120007786176
146,47,130,2.1857639691016626,43.96284975993902,293.4634555508196
144,33,147,1.132789634260042,45.025766507907576,281.33033803693706
148,37,140,4.806869202553413,34.05829208248976,336.875112026363
122,42,132,3.0059685855802734,47.800511998795855,342.41809143041115
131,39,142,3.01009565877526,16.05595675699466,255.4690111062953
132,31,146,4.6937445813823935,15.353360343998817,230.05351756002597
132,37,147,2.159672943714319,17.851077745763554,226.75616867267743
129,35,143,2.3284245201829834,17.025020040870807,169.24309089877397
123,45,136,3.6253907775805723,29.86138457237703,411.65319461450053
128,47,136,4.140703819597578,47.911238637269534,407.7511332681192
141,46,143,3.7972429017299647,38.63282424971777,349.8399028035097
143,35,144,4.154873130089113,38.080850143555985,315.6287101831567
142,42,141,3.3004321571623887,28.471011481790786,328.848465010411
146,43,141,4.451293930846415,33.681825966273266,302.9381910480174
121,39,137,3.2004269202766555,25.64611437905481,210.16543849575604
138,40,145,1.9173625090048363,33.124320879093275,361.73829016635113
120,42,138,3.166804425994473,41.133131805015864,320.20128459175595
144,41,131,3.8517787406278186,34.55423624886546,328.7516482307112
148,38,143,3.6143013576596457,29.6605143728247,279.0950750380293
126,33,145,1.9720670518829433,44.572272237448395,220.984278731326
136,36,134,1.1643129120164741,25.060500792816313,205.79587951465632
122,31,134,2.0099230415623985,31.852042477356104,314.9946297430492
139,36,149,4.936168285014878,49.23515447233702,389.20277428188615
139,38,147,1.737864961561797,48.85625699829414,357.1990451878034
140,34,147,2.857487033963574,15.219961583134728,227.8171173956761
149,44,134,3.55338319743024,33.62816931262887,304.62900868876335
122,47,140,4.517892740198169,26.79217406063058,336.28535549216764
122,33,142,4.0410345501208305,25.192835441136598,245.3190468942074
136,48,132,4.635812422242412,35.868826251303815,408.80116577027377
126,49,146,3.4175347743139404,30.62065131179645,310.8403618483206
146,36,147,4.461275232511239,40.649472854272446,370.69550785717473
145,37,143,2.055371988556838,15.949696662675702,286.74720730831336
133,46,141,2.7222593686794587,47.44117962974863,302.01135659551835
136,42,143,4.375089897397098,34.86576522447475,315.9776441383057
137,40,147,2.302254671111418,38.942334577524115,154.30044619328828
132,30,149,4.48488857695358,36.160526614913294,312.1472690107563
139,31,131,2.4524602715533526,49.61960622083706,154.90785892427186
148,46,136,2.4535788148933695,49.52044544537335,314.1724396100893
139,34,144,2.236131659164578,36.34620022518543,269.4095569687637
140,35,139,3.1877723345502744,38.93871531880818,306.91850848387713
146,36,144,1.5162749555948798,36.64994458795614,347.03498664316015
137,44,146,1.146410607392077,25.873832337885524,216.46922938671818
123,48,140,4.589651919883963,21.741474476552767,317.6642359808648
120,45,131,4.7157530182951675,29.096710313474233,289.3900807682102
137,42,147,1.3046826475676996,38.89648878055639,293.0104238075752
120,34,133,3.1987902198459706,16.95920740093408,231.08011386174869
145,32,138,3.1587286390207248,33.0006822383848,316.1067032928766
145,32,146,2.4897227216704696,29.293906459223642,299.7794108254682
132,48,146,3.2756192820184404,33.461969444996654,299.9924482608929
139,43,146,2.8324773829122596,45.10793215820417,349.3483796622784
139,45,145,2.9585400568182183,16.666354814497037,211.78338357248936
142,46,149,4.021347292348935,41.72684172765956,358.9545375114459
129,33,137,3.1038410693364686,38.34184621767693,330.28414454740846
146,42,144,2.294632371221303,22.13467933405923,244.74993730642103
130,37,130,3.325824448355823,40.69642843348359,302.34761606236276
128,48,148,3.5630159883045023,32.37301814076352,329.87862047473374
128,34,144,3.6492453759974595,31.835867848721072,304.22693950357336
124,31,138,3.47322660390789,31.907468023134214,176.80894272494874
145,44,134,3.6584110589711996,48.22319217879467,268.04591472145364
120,31,145,2.2403711346690334,48.05275772178775,253.88763896378575
136,40,142,2.784535652317189,46.97628163398434,320.93328826174405
141,42,145,3.6748246770173907,46.035972574078286,322.8054985903781
121,39,140,4.017474166418582,16.315583204987387,209.4804468755935
143,32,142,2.7365845146329146,29.020822448924996,310.2233629583211
132,34,135,2.4613313740677802,46.3206972233979,188.36780895434208
128,32,149,3.8635306206914337,41.42942944813238,212.6352135209996
148,35,146,1.8886927193413587,30.983093081494136,208.63796114844544
123,42,134,1.0379687821439942,42.06385630260081,338.9034794426898
124,39,146,2.8846640098017713,22.286503903476728,333.6855038289661
130,48,130,1.6934926193053634,35.992973590497776,243.8259175543464
143,37,134,2.5131310361453685,33.65493986620811,386.3065735075828
138,47,134,2.1649366010532645,35.07414577037599,192.98650696757758
140,32,136,4.10904755405649,40.2628396981259,301.62078269666677
122,46,145,2.325633997599321,48.2430731936827,286.19685451190963
131,37,147,3.5627031655572914,24.2404118781442,308.8139333667978
145,39,135,3.695650386397285,41.53177713783204,357.57881732288234
138,31,131,2.8258171422094214,37.57993390836909,262.634968285727
138,41,142,1.3243117421156465,39.33007735992154,304.21463885725524
132,35,139,3.8014603443016233,30.0121882753514,320.15007392630173
147,31,149,1.3006716587014706,48.06025086921876,320.2775756075222
126,32,140,1.396851838802808,31.787968749565884,290.1885089301058
134,46,131,1.7839894750995553,19.255712628969196,228.59523562373997
142,36,137,2.1215031911526316,38.82425431930561,188.44153816831158
126,34,148,4.385806801284193,19.51041898168826,328.0408400092456
145,30,149,3.6996871084179888,26.293625042501525,255.76575255893866
127,37,146,2.548851153667041,22.980198707523442,276.782770030812
124,41,145,4.914509804643013,33.86270378617178,267.9428987781152
140,43,139,1.9744101691325833,27.162635912988687,315.8215354783232
133,45,134,3.4392575495370177,20.59486328928628,199.2767672412076
123,39,143,4.388856435812331,42.678502754619615,372.6102233306983
142,44,148,4.20809031182714,31.397206715334452,329.3746046455971
129,44,133,1.361230994262507,30.905716385595028,255.93425263258098
139,39,149,3.789096894698172,46.02270336914705,278.645573241115
134,36,145,2.0314550222107677,33.85885261554455,198.65570316256026
137,32,144,2.422933912261867,39.84636335527581,197.73502030995917
139,31,138,2.955967929244662,26.482289967268898,251.3538327473263
132,35,132,4.163000664261574,34.645132166446906,326.23418581432804
148,38,138,1.664805770676189,40.424514020712294,191.08241141445524
127,39,147,1.434220940158467,25.37652011601567,246.45373018068966
128,33,133,1.6137649801745786,39.09869520436564,271.7704392618672
135,32,148,1.8728941423679326,34.90671073457963,244.71333968905424
138,38,133,1.2380074152441165,30.196760711034702,202.98891482199204
135,46,138,4.70542587828031,39.95393465763144,356.06359203808194
126,43,130,2.2763336283549935,26.091652943856392,317.5339206970446
133,39,130,1.7079025194656823,40.007596134507764,220.77943876522863
147,42,149,3.551336814728281,34.28899259156276,261.07159853325464
133,41,148,4.147984475066516,23.596134929345332,282.75522594449166
144,30,132,4.012936662405667,38.38964134409111,325.10719635258386
146,48,139,3.874828771148369,45.96675379130985,367.18409776946237
123,48,141,1.2021199017518684,25.850489762186584,264.3770741748218
145,35,147,4.128638076881785,43.431615975818886,432.43409314331296
134,42,143,3.0075145650074324,26.764562474239973,294.3514390138404
122,48,139,3.5963440801260673,43.73924334489877,199.2278988242487
124,42,139,4.825698498156906,16.790286356137603,236.72119692742862
120,33,147,4.242690153896223,15.252535985647365,298.1532011785307
122,31,130,4.301488036904019,18.96417179440688,287.70455225147407
134,44,144,1.7258688755126865,45.587998272108905,294.8910735897151
143,41,137,2.905668505292258,33.680264857088,258.36745357927714
146,36,132,4.797301940041423,35.79354532798541,282.0855786180658
127,49,147,3.3307410082828217,44.477191392632335,340.14979821524184
148,47,138,1.4103454790569532,16.77260317995721,350.6594915104197
123,42,145,3.9272792995409653,28.548746490479708,232.1601996864597
121,46,144,1.1717073884201996,37.508162580717034,261.13576830068894
148,33,134,3.9691890680149546,29.163805752490735,297.52438212127083
143,43,142,4.51909050849059,16.124557022660994,320.7536001390022
143,49,149,2.7010005624533395,37.78302789591462,319.39178023093007
129,42,136,2.654451451940349,28.699045310047957,360.8772071815012
123,32,145,2.2168455090189063,15.672315057349607,319.57270733820457
122,47,136,4.5077531404149305,20.968143427867552,287.3432161566827
121,43,145,3.1911384161935477,22.61537639918897,326.21090767904485
144,44,142,3.3170397625384753,32.87155434241181,281.58460848882055
136,32,146,3.6468295633998182,21.523121536169057,274.6147838354504
142,30,138,2.200923790251508,27.64645453490911,254.4886078135152
140,46,141,2.731145245401647,41.273301724188144,353.1560608320254
143,32,142,3.9664230488251953,43.270196126237096,312.9648734701002
139,43,138,4.941947874155941,42.839454325745166,327.10296924152203
142,32,134,1.137222160258121,39.327899764189766,240.31323718530243
132,42,136,1.1705939917862698,33.963431011168,248.50205320175945
124,44,130,2.712329927931713,34.27206029963554,245.13495014720198
149,47,133,3.6384873392384534,48.36856458952407,343.5399851262615
140,43,133,2.5454584993412674,45.72540611280728,343.9725655017818
149,32,145,4.9985546158607175,37.742444188408946,268.02695111411606
128,48,134,1.7814370323445434,31.39732303249854,252.40018412430607
144,37,133,1.03170183202971,40.51746455166988,160.3190834686717
148,33,135,1.7605174492510764,17.19505641285481,329.4735458296789
144,33,132,4.547369500405204,48.06128688315711,298.8764735224435
147,48,137,1.5805959714738584,34.165282346164126,251.2422506562124
141,40,146,2.915899121226563,32.59766589733317,281.9802302699112
125,30,147,2.6771047228857925,25.179218929135946,238.047853119033
124,37,147,3.6629012851645157,15.118632316918065,246.23517778803608
144,44,141,1.2183823456778118,17.14351173490706,225.65392725496721
129,30,130,3.635000684264904,24.205296029418,174.98103904636383
127,36,141,2.4190065759293415,33.954119054685236,296.6461610149895
126,49,140,4.704158236329995,17.925311090282644,324.0361568557125
126,49,142,4.395549318343623,49.021820312864925,347.77092553122316
125,40,132,2.5980249939103444,29.383627402162446,334.0026753237649
140,43,137,4.971567374071411,26.07111160005814,345.8109742173979
148,45,132,1.2077750106249887,33.381876796007475,269.1941887629232
139,43,146,4.154528880256763,17.274530721679245,320.28015510072953
122,41,142,2.7353460961094505,44.765773575077034,318.64639110912634
138,46,139,2.7332205783503416,31.109699732397115,135.9564670581537
141,43,146,1.6805351925813707,21.241739400259256,185.67195880290637
134,39,132,3.0595196798890436,20.66070503074693,216.7095139234637
123,43,142,1.338873987520341,27.633402380856324,158.98211614008147
147,47,135,3.4663087160015094,35.06769846584443,250.7970883357424
131,38,143,1.966361763415549,29.591705027867626,303.7369870720423
125,46,139,3.8994321830774803,35.88790684437029,299.14346732870536
138,35,149,3.429446073026291,39.69172107152617,207.76831066961165
123,37,145,3.9856200350057835,41.19710668191001,334.5326767706987
134,42,147,3.998968280936845,29.033444585799216,224.62971669843114
128,47,142,1.7868361808817648,40.09511590449839,307.29463075598835
124,34,139,1.0026989179463843,19.952652362306026,223.33758213664714
132,35,135,2.4630450375709505,32.95836700992146,362.2163499020852
142,48,139,4.676276863186036,17.53801509009889,235.00802454639688
145,33,134,3.311597538543337,23.54369706036924,290.98919704829956
137,36,135,3.9100080225000675,35.411534132494666,209.7035393454345
149,33,136,4.518281350094211,40.914723993967215,298.5413110061214
149,40,140,4.624232990898788,18.335827718613327,356.2959845511858
124,41,145,3.116100629237709,22.24744463592019,271.110726614413
144,43,141,3.1637683396482204,49.716437508517274,259.14584757527973
135,42,141,4.403755364932465,26.818017520304956,321.2205441973751
146,39,149,4.229941741160054,24.941426847309277,240.87463435870387
138,47,134,3.7954343996217816,17.983998202931062,243.58145739037795
133,45,145,3.417857176465226,39.31949678677474,285.4524788577162
144,34,135,3.4688604103142406,32.78886845475027,267.2787857123748
149,37,138,2.4516453784935406,20.514280724744587,335.65084952057333
135,43,134,4.3636709896067645,37.15143817580425,198.4140894734532
146,34,145,3.4711188203490435,33.40161250763746,324.04113138134977
134,37,147,1.894112248966124,34.77308543230613,252.58911953400315
141,35,148,1.9593731140381534,49.81991819494121,339.4968768371264
123,45,141,4.446412055092918,16.0014454779629,241.44035244864756
126,33,131,3.5028301825463553,47.024025633123294,285.8567666934974
135,41,139,2.594816513711727,44.46617665538065,310.69458734143547
143,40,141,1.7484030369411503,29.53699886310551,176.35401395922037
141,32,143,3.440863892980807,45.83312237734269,328.1666778058238
140,41,147,1.7372415200780202,37.69964348304973,304.2566443899107
141,34,148,2.8806681248732042,46.12740808454237,310.8915369042293
140,35,135,3.7100421369649452,35.8155808792101,247.68937863890383
127,48,134,3.261661737284483,22.565223376171282,124.03520983763815
136,47,145,4.688399600505074,35.167748441812066,299.26274688941777
135,45,143,1.158884807407076,21.267178677554803,162.302973353324
146,40,142,2.1191795034056113,19.928977469055255,257.3891423594195
142,34,131,1.2283444049519243,37.89214311724983,191.4201433433291
129,38,131,1.778416920085998,48.161681578745466,244.93907935008176
129,32,141,1.4959333433821227,35.597359272260576,270.02073999182846
146,37,130,3.9306465080809256,42.85256715437793,360.12317965997323
121,35,148,2.477503765177592,20.892752714317727,330.16524262477935
149,33,145,4.700177084812083,37.89736281661297,278.20183123601066
128,41,136,1.0935108867682821,40.65421150237651,222.46306343150684
136,41,136,3.611696739776712,16.456508218002643,346.354421355103
130,45,145,4.882179201061954,18.40075109652817,356.02327545408633
129,39,135,1.7033548792400746,42.35533081849222,309.7475869874547
141,43,147,2.7697289211423275,30.398250751176047,293.8596620216224
144,42,130,3.8075595646810965,29.195335100877394,373.66306531788166
136,38,130,3.5325519972926713,47.21293589287123,348.2440189152087
123,36,143,3.264108522262683,49.71880385237696,292.0146224100524
135,41,135,2.3070245082176206,41.7534587916975,322.1269693107723
139,34,135,3.912799814131605,42.740782101142315,358.2399251034062
134,47,133,3.613021108273345,22.29123491507616,277.6416182896283
144,33,141,1.6512011417750059,21.727890481899962,243.7220586578606
146,31,147,4.8563629252227845,49.32389853495727,364.8807551734382
140,32,139,3.222691635760478,39.328210174236204,217.15911801898994
124,41,132,3.1018464041436062,39.034842929278526,130.36819800116024
125,32,132,4.392946710349879,25.01657898675932,280.5376084762327
136,33,137,3.5616540425159067,46.026777270221224,286.31691767215784
120,35,130,1.297917146425501,16.55541390179981,214.5179570585257
144,41,147,3.0263574951610397,24.610662476264196,251.9085839662719
138,48,144,4.122385971576053,21.304946343001834,201.62057514719515
123,39,149,3.799920480707565,39.888362753325765,314.59887627692723
136,30,146,4.883074896570987,40.037249663686794,337.5114800144453
128,46,140,1.099665118743724,33.71560207531627,225.23250695609428
143,45,142,2.0448758265616074,15.184084335091127,281.1560787626828
121,38,149,3.196625825129702,45.58143626657065,322.00023231661066
127,38,139,3.4779591960829968,48.44554965480791,389.82569201594447
134,38,142,2.0974239436309765,22.08093592803595,292.98596453428894
126,41,146,4.307206665503457,44.47814545389923,398.21997204196236
146,38,130,1.6573911716640515,49.06502581072341,366.9183875878601
125,44,149,1.0033964384868725,26.444094317774262,296.2570018109121
120,31,145,4.8095655935045185,21.476989000949622,246.44609335343878
134,40,145,2.566227177720399,49.21390182197481,303.11497125629097
142,40,132,4.829959203824375,17.09101521389056,220.7527711134006
145,37,131,2.111726401380896,24.658622467706877,295.5162617048847
126,35,135,1.2537945405249036,40.97102433656383,333.7922083007107
148,49,140,4.090078418212093,36.60737185707852,231.06406662412718
149,36,132,4.343278127302793,38.95787495815911,373.9718636953263
144,32,130,2.9683475953905436,39.78320391699076,284.45166434342184
136,37,140,1.2954013607114585,39.01504784129439,314.93553968591004
121,47,142,3.616536299893351,26.978443297697908,217.36523935429116
146,46,134,1.7285758979006292,25.902507931319292,136.65777088417767
128,40,147,4.397526192625136,29.996329059613494,387.7439640211315
148,31,144,2.0960924781687647,43.26892515924273,312.03540612213857
128,48,147,4.390825561255711,47.83948623725058,414.4463018589729
132,36,144,2.7076981675740774,30.933613744829728,232.72749346403737
125,47,149,3.3859513569926025,18.00181480257011,246.82952571184526
125,37,149,4.158250067283865,47.84044863146633,415.24225118735546
139,43,149,1.1617569719317253,17.814987299744832,194.58021890373078
139,36,136,4.28466402475914,20.568836227613943,277.69418760326545
140,33,146,1.5545921670619904,45.36873045278344,246.27186485321582
122,46,137,2.433673420811946,34.3017489179764,230.4456151049596
136,34,142,2.8911241204442524,27.344016925208706,293.51015324838806
136,41,145,4.581706334674514,47.58183903030483,326.9419380396901
131,38,139,1.0897625115823644,48.6177236094073,325.39601159879084
135,49,143,3.2368104331871415,26.576694294704602,264.2898194566556
134,42,135,3.570090000249578,45.39484504002013,202.36563518517892
132,47,149,2.266329236396294,38.748509815659496,315.09431563651407
142,49,136,2.161947085237839,24.607198051461886,288.0715180449782
120,38,135,2.9618766340418703,47.95014383761537,252.85208842398225
136,33,146,1.7484016714586903,17.207418942164434,130.94862576533797
122,37,137,2.8724757184198366,26.127980471893565,201.79553646473892
145,30,141,4.06010129396059,28.869156375020157,212.46878280379664
134,46,133,4.381582016642059,39.172862615174004,261.5270909867014
123,38,139,2.540645539595603,16.34515592468305,285.17904926937183
123,49,135,3.469206852574742,46.14219156469137,347.6124092590494
137,42,136,1.00008207184358,38.06860302195683,256.1445530253907
136,31,137,3.201409934685809,24.625799090127835,284.7874851630114
138,42,132,4.900945221569959,38.0419732861815,409.76111136542755
130,38,137,2.2490601086448456,33.79233719717299,141.83631480727806
139,49,144,3.3791044968369843,26.769651672619734,195.93140893319784
122,35,130,4.0491346305824525,16.000876464168755,254.29656014965195
127,30,142,3.4357320839585705,34.288523674473986,277.0802093891634
133,34,147,2.6739998818673576,17.876353017912678,269.2296745220461
145,32,144,1.6103022932381257,43.356172453504115,335.54125972768406
120,33,136,2.854805589832923,18.098397827983614,183.33455471122096
133,30,144,2.1791368367143664,30.005874637256184,202.92507919899387
121,43,132,3.78368115504519,30.209312726272437,237.13199842265394
148,38,143,2.7676510708579065,34.467058174097424,326.72485281854614
142,33,149,4.399519058429286,16.382776154225404,333.2555541069431
123,47,133,1.7732897475727056,22.13413566383256,306.2925755613612
143,43,133,2.6708804882142942,21.982541440173843,229.58500993893634
146,33,132,3.230019905579233,35.96397151416862,294.26505428088336
148,39,134,1.5040587041131808,24.227243642238346,297.56463369954275
138,32,140,3.3516403113379556,20.046824330730246,214.71384692232877
125,36,137,2.163685621310304,15.642357530447656,287.52142925689765
144,39,131,1.9181487205946381,44.419069234777325,292.2079523061667
120,42,145,1.567642958917379,49.00418689922925,263.07982655600574
136,33,139,2.3995277025340447,39.61416976578624,226.4940557905686
127,47,147,4.715929660776826,29.444934894201058,333.1638683973747
138,40,136,1.124023437324234,19.270382967211958,295.1870858410264
140,33,134,4.408624833231757,31.628669802324367,226.62158714295822
120,43,136,2.5894435911405633,31.00626031585265,281.97913944646774
124,47,135,3.2464065549055383,29.69567081278465,268.33528238246834
146,37,130,3.0512491877014862,28.240625342036445,254.16403859569624
135,39,140,4.702961046428935,32.38637110180143,228.50499287226393
125,34,142,4.080517076822854,17.56132493517222,270.36243726885726
127,36,141,4.939294141311796,16.340310885499576,283.8138846892872
132,41,130,4.17771980648679,17.23860993021843,274.36496907125866
135,32,144,2.183553976826749,21.999946804157194,195.0738256721542
149,33,130,4.851534717437256,24.7324589455013,273.12502121511613
122,39,132,4.934263163231694,20.931016684809695,153.88929523171558
138,33,144,1.4923748144667979,23.817084966681648,257.63976063441635
131,44,138,4.604176735131908,21.504308884260162,161.8034219809454
135,39,143,3.6568087315726485,20.276014086192717,255.52843477879594
146,45,137,4.687975080132455,25.25439315949457,310.7239354472877
130,44,133,4.662956080875947,28.912942044139044,292.141211943748
129,48,149,4.565492124748867,41.04933711227413,362.85756208100383
144,49,149,4.541102374729515,48.444247999331445,323.80079230941095
139,48,135,1.4705849559728743,47.16378585639296,284.35883961016657
123,47,130,1.574062833113048,31.657682391335467,248.45277652430667
131,41,147,1.4711176775078667,31.14707811419899,244.96490684903722
142,45,135,1.364116355201141,19.399426330353513,210.09852654079654
121,30,143,2.4131411402959535,49.010904431103846,326.6714976536414
143,45,140,3.735833657298569,41.603422900429635,323.5183623123321
141,31,146,2.4187704522903397,44.66488911893812,344.8222691455479
138,44,138,3.881201333100379,23.195728297799477,284.9851409448704
144,36,136,4.281132500080811,29.038009442624066,298.55053624377604
124,30,143,3.664858960585668,18.592578628754815,258.16766228051665
127,34,146,2.860418905131875,47.92845868717727,226.9072110852362
126,39,137,2.1820697583638275,25.00402266944811,303.2596129442908
133,33,145,1.4976134498209235,35.860341682207135,263.4277841620084
143,43,141,2.974607311645535,20.327701013275135,223.94301656159553
142,42,141,3.8783958134795897,43.097882926341214,312.9858459239788
122,30,134,3.1929728460161932,21.52206335422897,270.31374168737256
137,45,134,3.885927677161851,43.328453687143266,371.1870488097169
135,38,143,2.340878689374003,29.061689178069024,90.47345645792686
142,45,135,1.267184252221392,35.22149557996411,235.01446719386797
138,48,136,4.084391704130306,24.439807326527813,336.4605805375529
138,44,146,1.878896447318224,45.897175974740044,317.6239486432111
137,43,138,3.4651402409440957,41.5953955349229,300.23502064686363
139,49,142,4.217170978218933,27.39958873839822,401.8563197884481
135,39,138,1.5564400073787068,35.48774150810908,324.99879535348146
127,41,145,3.3939788400531032,19.51459606589802,225.68539594556105
147,30,133,3.7574974473603753,20.616530170573192,211.7308865946501
120,46,131,3.9861234672756978,33.67871672055191,277.32540304562326
136,38,142,1.5906664445659504,37.42095683559735,322.2085102261217
131,48,142,4.300464647917486,34.51010998051474,307.632946522784
149,47,148,1.3765942646018798,34.57927992553661,244.54502963519988
140,36,141,3.0783338726272294,40.9801549315935,403.95753469864314
130,38,133,2.7736507847915197,46.584261826717594,346.53386519183016
124,41,139,1.8870642969422131,28.565914091374914,261.04094554374234
146,36,145,2.2077229657889568,33.79266534113635,319.3061324344234
131,43,148,1.6577431331556074,46.25583945328037,363.0941471232098
136,44,137,2.7029047792850136,31.249752978864063,231.97654408504158
125,44,135,1.1420437102822407,30.58021347752046,236.4617638831279
120,35,133,4.555661101184622,41.828005999748385,355.9993812122383
124,43,136,1.6539493401463812,45.70553940695466,373.427541623731
144,31,143,4.544071025823794,40.81852881089563,334.00761300497174
147,37,142,4.454309600536013,18.504353679780515,288.2656749624791
133,42,134,2.806708828630747,31.26698477130438,264.78095181341865
124,35,138,2.9909028488603693,22.418936804628462,258.67774628786054
141,34,132,2.2076541621379255,26.107176458694273,263.3268373782032
143,34,139,4.987498399902121,31.406404116782525,238.31269349277085
146,30,144,3.6830887623608937,22.75350339667475,337.1810634516121
120,38,149,4.807233143742209,33.05767847667562,360.08818077684634
149,35,146,2.6591873775527124,37.51465588261175,235.74390208646014
137,49,135,4.532066317731145,45.62144169377292,211.73991336110447
135,36,132,2.792938532868268,22.40112162482699,292.3238501524744
128,38,147,4.46731548840525,25.869776066354895,308.98234596764496
138,34,134,1.5237062379794386,29.203016838181536,200.66691734668206
141,43,142,3.5474177070740365,22.859136937530167,315.38832865755217
124,34,130,3.714814059356587,26.621402473180467,234.2181585072691
146,37,146,3.6246827891457096,45.9172681971547,217.6444587389209
121,36,132,2.7881104721573746,19.852917720391087,221.52583865693555
149,42,148,3.7356644401231835,30.531165778099677,244.90152566498404
134,42,149,1.9578524032663722,25.883844152410013,253.6622100132091
126,37,141,3.3833943779883446,17.700765261818983,197.75134451576537
123,40,137,3.216939697797317,18.364386520260442,297.73249584737636
120,47,137,2.2733580885217077,42.47079693697977,314.3169597824737
132,48,144,4.115455235924918,44.8316556735987,303.2855832755792
139,35,140,1.323488261834724,40.94926602138673,293.60055040888966
141,31,149,1.68575864516828,33.87301690182089,327.48453648497394
126,42,130,2.884600158477751,42.04308128008374,348.4615650514996
134,40,145,4.566946791700383,20.320551519295563,306.51397164741786
142,30,143,3.3006382181117893,42.30705602086603,346.5341217857489
133,31,136,4.368267403756772,29.821632656297425,248.50966924373256
142,46,135,3.0702788765903732,41.26104370154992,286.84561997605675
138,37,133,4.141823874443784,22.971228804690266,228.177914493029
141,31,137,2.3031895789825008,44.13901972556249,286.82328354323306
148,35,148,4.260569268750552,34.884079101829855,255.8776766755953
143,34,132,2.606744282263075,15.25681286245527,301.68326893777675
139,45,133,3.2353246456474243,33.174350884792126,224.32156783827517
148,37,142,1.7035259661206439,25.859781779887424,301.82622640694836
143,48,131,4.681732096422227,17.012565165943112,244.84836116212057
137,45,140,3.8058364777491,30.65583561458911,315.06010584726846
129,42,145,4.435419276597516,25.90145543106621,339.36889908541707
128,49,139,1.8314516286217297,22.153655736483973,216.193659327582
144,36,144,1.2707374210769458,27.219270087580554,256.89233340013897
127,45,139,2.348837053244059,21.286252567801846,259.17871533448795
145,45,131,3.0667415638197273,25.493422135793047,357.44252021160577
149,41,135,4.209479531836141,19.036703188247806,255.6140955215191
148,43,143,2.5909056620243534,17.950940657786518,162.74563836248814
129,47,131,2.079833299604233,46.85067993480119,352.8150135651086
136,47,139,2.490180449661522,46.596803043511265,344.35477069043367
121,45,146,3.814429641844623,43.980181953209566,413.4691568955607
125,49,137,2.344872387804068,23.06139369685642,276.8154776876519
145,45,145,4.916662505420566,40.406171359253804,361.84605005424345
124,42,143,1.6999163548829586,35.639924629239346,322.29231070326614
147,38,139,4.012384498536011,16.793169478888434,249.99999803072762
149,38,142,3.356654449529693,46.48550127969236,340.312919669917
128,42,130,1.932382400626167,49.92937304947565,347.34484363060574
124,33,139,4.014454548562714,39.8052503801303,308.019836113738
137,38,141,2.790160842231405,23.10277353094085,207.22030286244103
145,44,146,3.729593102172081,34.40433579605671,286.59761708187455
139,43,143,3.6490289806585685,18.828317215173964,263.41381217667123
128,48,134,1.442573732992265,25.457272689909193,138.64311346872523
136,41,148,4.359932099446989,40.1039606794831,351.5736516496057
146,35,134,3.725899625513276,25.537598125174817,237.31612833165065
136,32,144,4.122346850546659,20.15220666906273,228.14145140079566
131,49,142,2.791063339856275,15.261491494026666,288.2726025252925
126,45,146,1.7802468868111863,35.03800414812232,166.6411756504203
146,49,130,2.304854094989326,48.903468298062194,357.6828916038158
122,46,143,4.605876913577024,31.944655434480932,336.08987481875494
129,45,133,4.752074407405713,22.441417922655702,274.3011284119614
121,35,138,2.927465594109151,31.21480080416633,181.04747797028102
144,37,146,2.1951823005975766,36.07293023242316,156.58858745465741
122,48,132,3.921244496433991,43.04789108942553,243.62808095837443
135,31,142,4.0639720410650995,30.843751376581892,132.98761964691374
121,43,141,4.261865189627658,21.053322260580984,126.72150420298914
147,41,145,1.124335242889984,21.580348229911912,306.9658981934077
143,46,133,1.0389354895865326,46.490410575705866,378.05385436138306
129,44,147,2.42862251312741,23.268466106172294,291.4118362918904
125,47,132,1.6099864711060392,40.48061687853189,301.83540142164304
141,45,146,4.219927434056458,24.41320730261731,226.79368114160565
145,42,130,3.131375414314569,40.21967211378387,338.8483796881005
130,46,148,4.3013925054471915,17.742730542808776,226.53510527419493
142,37,133,1.7076523069765406,22.258756726859716,245.69318288211645
126,30,146,3.508890835447311,29.30454519230951,370.4731793964095
146,32,136,3.320688363341093,33.036080302098,260.8786957893555
148,45,131,2.361513203357074,27.353287179500427,244.25131012965528
134,31,141,3.068325202231046,35.07307147218958,389.432322194569
125,44,134,3.3561101484988742,26.38794428066491,393.7251640722778
139,30,145,4.557951218143286,38.74536310044857,360.30390669426816
146,38,137,1.222553539024736,32.89224642248297,279.0142033776087
128,45,137,4.293495467299042,39.6788245499219,323.68293409841647
141,33,142,4.92062555712379,30.08426364253321,409.13044016140293
139,41,143,3.92710023243453,45.6775047963526,327.1999570170166
131,30,140,3.9493879290431613,28.374647054976855,207.15291221917772
138,30,135,1.8718971897603844,25.784678430769624,264.8855250210616
139,36,145,3.0922931237965487,34.497975624093144,205.6503791524644
122,47,144,3.8237612807330614,32.821035890320424,233.77697023333877
134,44,145,3.409124017411681,33.133432567795595,262.0620662615369
121,42,142,2.5405264284671234,42.864553183126475,219.37391560431655
149,45,141,4.76047364022302,35.600886925690716,237.7205543469367
140,36,147,3.055946965551494,45.9842910608947,287.90990187683946
121,45,147,4.8795034617421145,36.66839441687411,331.99794601334133
141,42,143,3.2555027260096923,15.759540043304499,183.86148085039542
122,43,131,4.17353378673171,45.4637740418408,335.8129339995819
125,46,131,3.968092412615281,44.392457244329094,321.8432357146063
134,41,132,3.6432951007717063,16.709745362833065,172.55270932329694
146,49,137,1.0578433830152436,19.384956050229718,198.4187413532869
129,42,140,1.3097166020012199,34.47246037604682,270.4743926761437
128,49,141,3.325937152818567,16.499839875246472,302.12494181125214
120,44,133,4.647125686941133,29.39087924201948,306.7284829159703
135,33,138,3.404566667451379,49.137622682739696,386.1306310288477
125,31,146,1.943983983351329,21.047165239287004,270.75059370978687
128,47,145,2.280873606462188,22.213353813226902,236.2882201148566
146,31,146,3.4926394963210874,38.67219335322275,277.51719263719605
123,44,144,3.388217862460069,16.539237316780085,234.22470066237977
146,48,149,4.822811640860419,43.724015652919235,432.4891845142914
147,44,136,3.116338256030196,21.96609033868856,146.42360115354847
121,49,139,2.420059527892958,33.604395743124755,247.0720429711726
148,39,133,3.099971026965673,23.706710632939544,254.39754774689453
123,49,143,4.144935933083207,38.0608677988465,292.9533701610639
120,40,143,3.1614552231355066,35.55256322836205,187.30804772041154
138,39,143,2.3042102011508554,48.12539068101107,347.3100528865305
145,34,143,2.354484204420314,30.59602644519701,296.20929400218137
144,38,149,4.027247276969402,45.620763695350036,283.1418195841387
129,49,147,1.2657931074451274,35.15376427826129,253.1535875877166
140,48,144,2.0990211046980494,47.00619282661314,346.12912729802514
134,42,148,1.6121503616341664,25.21377223187908,219.2947068240611
146,47,142,4.778702532788925,34.241636677909995,317.00981163677517
141,46,141,1.360377052672714,28.65103745487204,209.3793637482532
138,35,148,4.0327344383850265,17.30640611090086,298.53809863617136
135,39,148,3.521702277876681,35.09930309544005,356.8108524708466
140,31,149,3.531217602683885,42.79799402048943,286.0631372549987
146,35,131,4.05373210859154,34.46712696918851,298.257042705815
143,42,132,2.601951888295174,24.776975745446933,328.93086030800737
141,47,139,2.602973459989096,24.234016283954098,230.50836190870632
123,36,134,2.1548231289498228,23.324348932810903,309.85823101763623
121,31,141,3.391000147542643,49.287106995533335,229.37041463243338
149,43,136,4.719221008441033,28.972683942991544,315.0559535765318
144,34,138,4.695932797563724,26.090441727499304,315.962501091862
132,47,131,3.811842688725541,29.646382651083425,338.25097345003434
147,40,139,4.6247430841322,19.05292742807695,218.99524399013814
120,39,135,4.854075313423074,21.860683489922433,264.1896867114646
136,40,141,4.180419772011165,32.81157496266971,296.0020288161157
132,31,135,2.631333315773385,42.95965073868324,322.0246916636041
123,44,132,2.9328998653268203,45.674934154019965,253.40743300487117
126,36,139,4.725027680382395,45.30946686542637,399.2269514851767
136,38,138,3.680032301098841,48.066280394835154,311.82676769572805
128,34,149,4.282775844744702,19.402003332236514,337.41812434727063
123,36,134,1.4644561429816711,16.433959951952982,254.93528459660044
138,49,132,1.7756056603625767,18.700592631731286,172.63112732558105
120,31,134,2.3764338692918754,36.02597886663579,334.58370138842065
129,32,137,1.75296262223821,34.46416450218011,249.61794588935825
123,31,137,4.625860258606161,38.49235220746094,292.03161291375517
128,48,143,1.8675621879898867,27.9881724145505,241.97124373041612
132,33,146,3.2287348573219843,28.70560820829573,230.98974492289693
133,49,140,1.3418154805979081,34.095128145038785,299.66055692847203
129,36,145,1.6198473860954747,17.766963970067767,199.23845789856944
125,36,135,1.9896605398848197,42.995525814763575,392.292522780466
135,46,140,4.931573605937544,47.29994418341929,297.3216354868221
125,48,139,4.188255028015648,28.557082025524792,208.56540148306158
136,45,138,3.694220235078276,40.88503495418056,294.27724468521825
129,32,144,4.665047935399207,34.20921520969072,311.06753661584844
137,44,136,4.82483463747046,23.260300801493358,358.04887142526405
146,43,147,2.814291657114997,17.372922644263024,179.40105944434583
141,44,130,2.310757797770512,23.60646187380579,295.0064405439384
137,43,144,2.261261307417097,36.17171541255172,266.98205922774895
122,36,131,1.142916408325794,16.408042160913205,204.22086453246624
139,32,131,2.1185523749053514,44.266675575359315,259.07392996664424
146,46,139,2.4201838687749757,48.96071677759767,308.69656789802224
140,39,149,1.1475953577949345,17.9225669180096,252.0535441957119
144,44,144,4.530419262475583,23.63442757535217,228.6024119275608
147,35,139,4.391426943198974,38.64717654054856,215.85815827155977
134,46,148,2.0060036797376113,43.21281131987839,253.0420077751662
134,46,142,4.210235601238342,27.109793209069384,299.85095776793725
123,43,140,4.184847516326857,33.033345061426026,285.3119141376021
148,47,131,2.340051038940202,46.21157910370299,133.452918336613
146,34,142,3.788272154524377,28.453941968228865,328.3050398666554
128,37,130,2.1594313521205377,17.853839571187827,222.74652515082528
146,36,134,1.2811049435507997,49.821294266347806,195.00932923921016
145,33,136,3.0191913357159144,21.309807191212567,253.68313936857783
138,47,142,2.753308163516237,16.707363615955177,220.21329318444646
143,34,142,1.5526116580775158,29.372875909583296,247.1907493316193
147,45,149,2.9622133479603376,19.25122324527012,118.42609401248505
136,43,135,4.797502983027665,49.25566845490287,440.6133336088096
130,48,149,3.9255725887565207,28.327784962179194,322.75355024968354
144,43,141,3.9554892397831765,43.903389651818785,296.9358335955274
128,38,137,4.030203180329162,21.181188632655783,212.97803095310837
129,35,138,3.9785352290741827,19.858516486256473,253.4950455079944
137,46,147,1.079605741602427,37.72525955167602,263.0114295433976
139,48,140,4.698763742775727,46.82585475334423,345.0368340755846
132,41,149,4.320551057755093,19.00877592359948,300.03982098331153
127,33,140,2.0983176297320107,35.623888798272276,423.1400543493502
126,45,144,3.210974019346521,17.972882199629474,262.3283137137967
136,40,138,3.4600237198126687,43.42570304041602,244.28700959705972
140,33,132,1.5277801164649802,46.82570697500959,317.9858873038086
142,46,146,2.0158535074285098,37.00780061285517,259.9797338814541
134,37,146,1.0930017411366082,39.09200858894479,253.34048533547144
139,43,132,4.455806880217061,16.94027626142079,404.806459737668
134,31,148,1.0996202789848017,17.5542015410129,176.37983326894127
120,40,138,2.274783351443468,21.2884694597452,240.09286737263216
144,40,146,1.3129859717848924,24.583996356615707,143.19569901893476
133,35,147,4.125623704684209,41.594964089394885,322.9927168470506
124,43,144,4.699931092284752,30.24002364545147,195.80420002875226
130,39,130,3.2512624792711695,17.73873903613438,161.79863875220317
135,37,139,1.5582672692332866,44.84257717996395,243.30145680652538
121,36,137,3.232643433144406,49.78393459019364,334.0885478893209
127,37,139,4.081364957810715,30.9259202446771,251.00289042239328
130,37,131,3.8736648209052023,32.911740195145,324.7168992352076
148,31,148,3.9668760234662206,17.74783037203378,308.71201233335324
137,45,143,2.1166953702139106,28.405610081055418,208.34322279589804
122,38,137,1.294950090336969,28.01315259615408,270.71904983343876
149,42,148,1.5958545541938007,48.802702954354515,330.0271327189429
145,41,130,4.822025940315763,38.11510282060922,404.79085277513326
120,46,145,3.4540559483839246,42.37641060864225,232.70716251329202
130,31,144,3.911598423455702,19.491621770933126,295.75218464385955
135,42,149,4.596258367122424,29.592440860993754,214.27938866728076
137,30,134,4.411018266205168,21.704348080753075,315.1380187105395
149,48,132,1.873607398876476,45.10661423994483,123.64468630511402
135,40,146,1.2322401784350148,20.33303313402302,151.50213830868216
142,34,139,4.700512803453835,30.36049266510007,291.3999801895496
129,30,134,4.9266731705510285,16.877759861381392,298.47258709640033
137,49,140,3.269376774055901,37.200300297015346,376.90323542777446
125,42,135,4.553607659351118,31.86736624817163,180.0385428990241
138,37,133,1.9272641988590133,32.4288370354039,331.5110023882405
123,35,136,1.4441548183594053,18.55666187071217,208.69929606298007
146,46,148,2.999267749633656,32.98934148259741,308.6780943213042
132,41,136,4.2447336779351446,34.73242217738945,285.9368193905191
143,30,143,3.6186144929613295,48.69940303370663,326.7819428084674
133,32,146,3.5492806725750614,16.162793914992726,215.5162913145204
122,43,146,1.0698356329006646,47.29497633220471,266.3651734500658
129,37,142,2.269971569460365,31.78475602760546,225.53836512558092
125,40,130,4.757983146089925,22.3540083921841,253.71864266556256
120,43,131,1.5370941580676938,38.294112903292884,210.1895180024076
142,37,147,3.905463780748617,33.09682760385359,206.26116311533355
143,32,133,4.037244615232178,22.936425575040488,334.3665842652213
146,36,142,3.931332972769155,36.93893960424485,236.09761821547784
133,48,130,4.957139576400706,31.564179631470736,206.06120821272864
127,33,133,2.636832845407699,39.11551164266838,285.49066774421544
138,45,131,3.7287735688360772,39.11769248452874,292.63513538273395
133,42,133,1.7746204535352095,31.54853616538165,187.54164227324952
129,49,145,2.598839663484352,28.677867382257457,206.6747054427352
136,48,133,2.966242409732506,17.213548449945616,265.3911464414694
128,34,138,1.8593101644001022,32.2846309286295,178.6810911258748
148,34,146,4.627242969435439,23.509026018094982,261.84880737261295
125,49,149,3.8647913218694496,16.8636612618978,317.6309421201685
130,33,131,2.135031072369979,26.563308065310235,199.9890924318267
144,31,132,1.539825757190377,18.06141565547318,344.66643575933875
126,42,144,2.151469313690031,35.29096380249992,345.6840235383507
136,45,136,3.4919415289723377,32.628417264957676,371.8843855720936
147,31,133,4.305634553241143,42.735014908863064,344.1169354470504
147,48,141,3.0126730282206418,24.367174027373736,344.27103947218075
120,46,130,1.409978694018056,28.003517291450095,246.38258392476115
141,34,146,1.997259465644361,39.11326360234422,235.37767202832083
124,47,133,2.3805756775582094,49.7530582081029,274.2258345978482
128,47,133,3.5445450148441067,46.64594151062591,325.66433445045743
137,37,138,1.986573501446701,33.228871445521726,200.2862655479203
143,44,139,1.9357135706155675,38.72815535533148,212.12108488510304
146,42,148,2.144807474484777,33.61728143015927,282.09016765806723
140,42,148,3.3701161778141957,30.21819361665618,372.66588335563563
121,45,144,2.9705211357686685,36.08041913384037,382.1720027394649
148,49,146,4.366543813209763,28.527472886394975,370.7367439245413
145,42,136,3.7917292576532513,24.806592450937124,273.8015958043106
130,49,132,3.6672874878253223,39.69858659805897,305.2787701824133
146,31,134,1.6186002480184545,45.519069450824375,323.8887000238014
147,32,145,1.220911194448743,25.080850711772698,235.14493923906633
125,44,136,3.0399954582370863,39.74120662086105,127.99101508151662
145,48,145,1.2865666614861446,30.190665129193775,347.978049127444
127,42,138,2.4560716637053455,25.572976301460322,223.43596808707127
123,34,130,1.1044493934463544,36.738884249011555,282.43805348482647
137,35,132,1.7072359065194047,47.87950617854538,265.256001402911
147,43,137,1.4414714747569093,27.309201846436387,250.28759231518848
130,33,147,4.203940015903498,41.58177557629023,335.5706159040476
124,48,147,2.3845046102646146,26.014432886704228,155.6139468925512
134,36,148,1.3153860730879865,43.135393341356284,184.57885926464658
147,33,136,2.061920818158717,41.59946535379825,337.1590345126731
137,31,149,3.731232344279637,41.79714700687824,274.7390261457961
121,36,135,3.982541088689422,49.919782380066735,347.3265517919959
141,32,140,1.4794605193980854,19.918115013224504,244.07675107365807
130,44,134,4.1142657597357335,28.609373159294314,169.3013267964929
145,30,141,2.4822366328683123,37.07842583304455,186.88527751361366
144,31,130,3.7175306757400133,35.66664153552402,219.80864646053666
132,39,148,3.6860311571877764,42.322157961217485,377.8290719863578
123,45,140,4.174370884310557,16.641835361105684,281.30598183318915
141,44,144,3.788731121236185,39.67679090709984,375.91370358626176
126,44,145,1.1554734266900009,40.82033848178189,255.5637936761979
148,43,132,3.077924443558193,17.138539058297184,250.0662624137713
130,43,140,1.6647246938838873,33.85388250311523,238.2632705270756
141,35,140,4.879858149970761,23.574744657117783,264.4269517307078
143,43,139,2.0233381540443913,43.05695414799655,332.98262270211643
123,46,131,2.6804294050768926,16.736476216781405,252.65416820727464
147,47,149,1.7868086070937497,20.115745155358784,216.381913695929
134,49,134,1.538356535271853,18.655881995145542,201.10228408646668
120,48,137,3.403718402414841,17.28261969080545,291.6187958659474
142,46,142,2.9727185949660826,36.00257820560799,262.03347456362826
122,45,144,2.4986389364121653,45.39914228965374,322.52080183839934
133,37,131,1.3416760886061012,32.88405936325883,265.5726579586241
125,36,141,3.9438374586742717,22.370353266996418,296.9589506484235
137,49,137,1.0234251915936756,27.03286939721901,245.9999660129668
144,41,148,2.8306463533172734,27.61281777245189,217.8495188764382
120,38,130,3.5302879231813367,30.807238918250356,286.2931844432835
125,43,137,2.7228433424373875,29.718842808247288,328.7282862793103
125,49,139,1.5048359356447767,38.49029383368067,222.2702508353761
140,30,142,4.1129995447401395,26.89692598627785,279.73417401865515
135,39,134,2.295775809214487,38.20378874841602,371.71650113092824
148,46,138,1.5390222047277322,34.137070784827266,220.46693495662234
124,46,139,3.201063258985615,16.697809646784776,217.5033701427406
136,46,143,1.076686230256061,47.188522947576125,326.18060829776954
129,33,140,2.296254762979778,21.228508775116392,388.6497939081265
147,46,143,4.002569478373604,30.803509957871512,275.4992161300495
140,47,132,4.650845317456698,48.16590204299285,302.17794078105175
137,49,145,3.366909837761952,23.656662050232278,237.60583449441657
126,31,149,1.8704463415891275,15.775759198895122,181.38795333063865
122,37,146,1.8800006028565859,32.15174387245942,288.65574868691544
132,42,134,3.4154866568495894,22.83759186140746,323.29921582154645
134,49,136,2.627046827354919,35.37096331216206,280.462853731974
139,44,146,1.7090571951036142,43.59878394368698,289.8164227799569
138,49,149,4.149588158694882,32.89269704756134,314.4075146058608
122,38,140,1.8009721460049222,37.57602707091927,245.84564718649642
123,32,141,2.286563338593594,38.315333853959274,336.76474800078125
124,32,131,1.245717755112417,43.71870738117741,188.9598964641384
120,31,148,3.805488452410648,39.07743831424445,426.5359347465621
123,30,134,2.101111710408589,49.16602531270536,358.7127472942127
131,43,140,1.9314678493933646,30.96739385812785,340.8208079950034
147,46,148,2.213433144089014,16.759043073445536,201.73519038409614
146,42,136,4.496522131890831,28.7909416218787,317.6032524282927
143,48,135,3.072074281891323,44.395731492863014,238.72767112444592
129,44,140,1.6315389194687864,19.657367867996754,220.2322344159831
142,43,143,4.097923549138715,40.757894840313895,271.8979114712654
144,31,133,1.8338129825179412,33.748151040224506,252.72582781828078
140,36,137,2.649904592758294,46.52331339767355,281.92530947356545
148,46,138,3.272303276991447,40.59163833513704,304.1759647422968
145,47,131,3.33777165891884,38.11834386981185,306.31304115866675
139,35,140,1.2761284660290855,46.040727525441675,317.6912843849017
143,37,149,4.34721796681217,46.787697455257955,322.0347924958988
144,31,136,2.9177230397514484,28.472084655235697,232.75140985665206
132,30,133,4.957042798871571,47.474655914541856,341.4969922389894
142,45,143,3.8697696317903687,16.91443006519862,280.0089362658904
133,36,130,4.970275617135673,41.68983197603962,399.6245074401622
142,40,141,2.813900992260438,26.778582974048913,302.1911674170433
124,44,148,1.563125628962712,32.05889309479987,226.37988803427444
123,42,134,3.9092375081185877,44.251246010494306,307.27442553580426
133,31,137,4.111041129932465,37.2963553353035,226.25618696722603
129,43,140,4.411341071529983,31.012185858670016,253.75598907856642
136,35,133,2.205796102425243,20.73766349741308,296.1897628764485
129,38,144,3.042735936461308,47.874267842865585,373.1165412788689
145,36,149,4.430022293441592,26.636711678945844,314.1960417415644
126,47,141,4.4589449464475965,18.540653326938298,220.8003984877027
135,38,149,1.1027353722245636,34.74513615070911,240.08521911251722
120,33,139,3.683667136213966,29.219792692400997,158.95276247035946
136,38,145,3.4067493982831274,35.667890615305694,348.1233962111297
140,33,137,1.3333511094448234,23.173548682867125,178.68202175827227
148,41,149,4.720544318047838,28.255510278280212,262.23820877730486
128,33,137,2.781489175370282,49.03779308007323,318.744037695694
125,49,135,3.6970308405096213,47.77876731630657,245.93220157647255
138,43,132,4.531191182012463,45.2533610335271,355.8457182371688
132,36,137,1.52048428345554,42.26923018431701,309.60706386682455
122,42,139,4.423372574018936,20.479592120380126,216.07385760489882
126,37,134,3.8972225189246275,31.34257064800864,420.88018395829454
141,34,140,4.358369287828637,40.476597505718274,284.254011852989
128,41,133,2.979342820695482,24.161864804679297,281.2164023401477
141,42,146,1.1339394141509782,16.157597460499865,141.47755578559585
124,49,132,3.6820633748425275,29.633461476347357,323.68533428807825
129,43,147,2.4981297136806986,29.8799488742807,214.19619176402819
142,47,137,2.609663337451535,17.278509009780265,261.6585586827058
136,49,141,2.7650488060255225,26.221545269882302,283.73608569605625
131,33,145,2.9716385431272707,47.10550209256101,255.7154488563637
142,47,143,3.6477369302637475,23.760388246316534,253.2747529261145
135,36,145,3.907102705007498,34.920593603795545,242.68351422139818
122,44,133,4.107369145446501,32.075869310385016,311.9674530615349
149,35,130,3.6864247644058863,45.17440233935097,227.53828253443083
144,45,130,4.213917679682974,37.87425853117533,346.15194083947836
141,49,144,1.4885968315624045,20.545032318182237,160.23712859298183
128,37,149,4.347270664791358,20.0004054395245,234.49842397592047
148,45,149,2.5491163486378405,34.512052963421276,270.75654098413094
134,45,132,3.115106703055921,16.62632268245286,233.7839023042518
124,32,143,2.735117601979544,28.773583109630202,288.84827525451624
142,46,138,2.9028688176328217,28.96538777030247,238.42726194566941
132,38,148,2.1417107404978935,21.87165924233847,317.9568225440732
133,32,137,1.679803643198691,25.535427326793478,235.89414751837342
139,49,131,1.4195789321730876,26.54818844903373,352.1097855734656
134,36,133,2.8055953562722697,15.411550970347879,196.18540388876826
135,47,130,1.5010439862077547,43.206199124633436,304.5603013937479
142,41,140,1.9799538901917617,48.510618722513925,376.6706022345264
132,48,134,1.5344635425046604,25.12432834591495,325.7799223923753
136,45,131,1.4364849263011594,18.919494517838636,362.3391129962157
142,46,142,4.529844591391005,48.37432501147511,241.12461571629143
127,49,146,3.696103812034737,40.91928574056334,236.56639803423906
140,44,146,4.695036447475671,46.189984988660036,309.8503368131905
121,30,147,3.576048632931644,27.6306652981225,170.95841878253304
124,31,138,4.375804096135389,31.942179651687685,222.70344335464264
125,37,135,3.2211943570785593,47.5583897129829,295.446324736949
131,31,149,2.8505202027008996,31.08433564880612,250.2800703908195
137,48,132,3.113909604013588,38.523335286823624,230.68098212433262
149,38,137,2.2809019779071,39.66795781834453,282.0729243763536
141,38,132,3.6318895639751654,44.29898448962301,346.1245752017359
141,42,130,4.58869960668272,49.13126468889671,326.8829375348629
120,35,149,4.1294137859511615,26.721476658498275,321.3817290754121
149,44,142,2.8480000429491414,23.66077972632682,210.47249757311596
136,48,134,4.815676343307924,17.719708221489693,336.34591899651804
149,44,145,4.941692376472439,44.97881332378064,460.58485389475794
130,47,145,2.9724024389208012,25.243795516522017,247.35742570148278
129,36,141,4.458559365251125,16.736447837169816,244.35172711988963
138,40,142,1.0190810247124995,45.28446654867013,244.5877986194377
133,37,133,1.2666223669866938,32.84682997448543,216.48950184802413
145,35,138,1.0895576357151118,44.34096215923768,226.2404781817221
129,37,145,4.092651989390485,34.4068685917953,360.2659827867008
134,31,130,1.3191164457729396,25.98054120676335,280.5216686827676
147,48,134,1.0682021842567142,19.54235571026387,220.6613723697787
138,45,134,1.5896750934210382,30.300652946965673,201.44867417752346
123,36,148,2.2251791651941746,15.929216490771832,299.40143946591974
121,39,138,2.858802727589828,36.08608049949437,282.5114948216979
128,41,137,1.2616131388644685,29.968262284954314,204.02682265932233
129,46,148,2.995928934203694,19.953327194953786,252.0316317036194
147,36,147,1.9922458441784014,33.55820717844988,346.2470443213549
130,37,144,2.097485980390489,43.03187440062877,250.35960955940237
133,36,133,4.2876090065914525,49.118010016308105,321.3270749435098
126,33,144,4.947694304209353,33.457547432945184,212.27017785355105
142,32,142,2.8554561170464705,19.534283636513408,299.19979771299796
134,48,147,2.2870827806179856,43.374716501057584,332.1867433494711
141,44,149,4.725792704638275,39.35260061436897,300.52686665466075
138,33,134,3.001793785865266,48.38899366440196,340.284908398275
141,38,147,3.9214142847228852,33.73245492243988,288.0077747663405
134,42,137,2.654960123839535,27.498637029142177,334.44348953146306
149,47,130,1.810194310632638,48.69940421621404,424.94127409248046
147,45,148,3.619540450270503,33.845560350267235,202.45818320508332
143,30,146,3.659370598146879,15.556698670788167,356.6407237249524
127,33,131,2.8407354003158027,31.57841544392953,327.685139438437
130,47,148,2.0797985403233454,15.083231082633537,218.9882727318022
148,37,145,4.327253968250995,40.81977346630354,355.4110904516182
128,49,147,2.1012724975423094,34.80807897455357,257.1721057670881
134,45,131,3.6360959450671686,18.843038919663897,255.8883649004818
120,40,135,2.535942495570787,43.45539575364379,264.14105417649705
149,49,136,2.8899227117509176,33.77530330249863,318.4431860306827
120,48,135,1.8456106460018882,18.992113218899078,175.2431189553558
138,48,135,3.597919781917461,20.600380634059,314.5568004478111
122,47,138,1.9033033344767394,43.77363481547957,240.56738839112694
129,48,137,2.9428561864304545,27.442040641281437,342.20051758535317
127,40,138,2.313837572585627,43.7383626547088,261.69749958812594
134,32,141,4.854422931138487,17.432617527822735,416.1342955878605
129,37,147,4.928884383574189,23.53506718029364,303.77632584112195
120,49,135,4.013965229352174,41.76039085038424,348.8269780958138
148,48,133,4.935669979419089,37.45957423220116,338.8070731375416
137,39,136,1.4542025712309523,25.73885816476389,279.47215260533784
121,45,147,4.969298616053797,47.76092529148752,367.48261648061
138,34,149,1.4142236654833766,22.387318240745927,238.19476224369004
132,49,134,2.6618070947163504,44.74228492996705,206.06506720969006
141,38,147,1.9557902806178147,39.35103550465976,313.7191142073607
120,37,139,4.815383853620765,19.23909764115607,343.9758338415262
121,40,137,3.543159739196566,34.429046965667524,287.54265298524854
148,45,130,3.388510135293767,47.54676532561847,328.3394029644517
135,36,144,4.989754019549307,36.66136171121828,282.3305578349886
134,44,132,3.4497044155630157,33.50825894310488,327.2519806424937
132,49,144,3.5846395237441353,27.82131167401495,260.97608314905443
135,46,143,1.179097197187036,42.607584924157536,284.4077645731718
136,35,130,4.436202408134149,46.95707248592746,299.029515065609
140,44,137,4.880357726968496,41.36608758501043,248.52337934407814
148,37,136,4.841244602094746,40.38372758403759,329.4317067659634
148,36,138,1.8844224381522752,21.737162918439928,214.89293694290006
126,31,147,1.9036613758806364,44.18952196758694,331.160828441009
143,42,141,2.4641885008527127,16.424354928537294,288.3300710601229
145,35,137,2.2408402836702677,41.50765167875893,294.90519279882534
136,34,137,2.222458589589982,22.380451205687745,218.79617853090892
126,49,135,3.420866868540365,32.05414444945712,320.11736712474436
132,30,132,4.222432027347799,39.33318814609998,350.73556524826074
124,47,131,4.7470726426984005,41.56774445752062,366.47927808411396
145,44,143,1.2714419143093294,46.082937941794995,302.6137251660264
136,39,137,2.1119139055364604,24.89072505032005,155.96955248897865
122,32,135,2.02005509377182,22.85120850600006,255.5854025794537
126,34,133,2.4297586542953487,49.868617258118505,377.1752752291294
145,42,134,2.697337052458284,22.264535907387103,287.1299315105186
136,37,142,2.5566858868120867,38.29182613542237,251.77204868269007
126,31,138,4.8085888375248,48.3460641995439,442.3176534099079
140,38,142,2.748516224337543,46.379459544292494,220.45021606894352
120,46,138,3.2063702843394317,30.514220309953814,260.8729212282575
136,47,145,3.9945331219436264,37.31535848898315,246.5613294899194
149,42,141,3.900339187946086,33.51836990652703,269.8711663495559
136,30,131,3.331858266778275,27.132945409096664,287.7570702881423
130,41,148,4.44332809399676,20.054773537031856,246.8583038234007
144,49,145,3.496725235763311,43.11879807366972,396.3407096618972
146,49,142,4.499035389554398,18.16545907051744,237.11493003701608
148,34,134,2.211063002330015,36.33695834747546,324.69345274407743
122,37,135,1.5280947076533424,35.80292103787296,173.50514782326155
134,44,146,4.278081826197077,26.71885184979191,218.18637244000314
148,32,146,2.5300716318996375,19.73929951243787,242.07103427294453
140,35,146,3.604338286564961,42.987299456570646,374.93048228767367
130,42,132,3.9492447858783732,31.167354424106268,339.0489006173963
145,41,142,2.306841901708996,40.38455120172834,208.1980536100047
147,48,141,3.0206535542801562,15.577003071866743,276.2100273827756
135,47,135,4.579706060558016,17.607610749695812,298.8221774156455
144,30,142,4.519172940953887,21.154668958466697,300.7974216670617
141,36,143,3.997428310051058,18.984332936090937,352.7370241675541
147,41,136,4.05095812777401,21.709736983660818,212.65969624473993
128,39,134,4.590737796325328,39.02708238896527,389.8946861341387
143,41,143,3.9453295491596645,16.644897537926575,296.79381682034796
143,40,147,2.3583414372139817,16.325296423746764,323.44396660961934
120,33,133,1.4831307185600746,16.10782358692441,262.3046555509805
148,48,130,2.687536399898949,39.41771936126359,232.18896929366784
144,35,136,1.3493736634147053,33.764741533831625,252.3465147633101
141,38,149,1.4630831079631537,27.95848440841108,293.5981411756354
135,49,142,4.800688371346278,38.64627678383359,282.40630083806377
128,39,133,3.703547842409959,34.37614952868526,112.58984453503143
138,34,142,4.406434801881197,15.256719420162202,301.20947102846776
131,42,133,3.5715967730939626,44.3492410736717,394.1645486777775
138,38,132,2.6741601136002844,27.25645341169919,289.68978924974465
141,31,137,1.100635129846331,28.984644213014477,306.01335754979937
128,47,149,4.82334814790015,42.38014842360425,369.5949966074831
126,30,137,1.283729888210325,21.548178550536097,257.62485880015873
133,41,146,3.4406522640793304,15.35251494055951,196.9747559043218
148,39,144,1.4088128469220615,46.80934206554669,305.3730580129807
138,31,133,2.1365907143582734,32.69173894396555,217.9269416868224
138,38,135,1.743269829195179,27.233449553489983,347.6294062827395
121,31,135,3.214867660635507,43.66659528668392,359.5116895605677
128,43,139,4.5483013804884,15.920321961833075,331.2176585873161
132,40,133,3.5424892311908645,22.080178739853878,306.57822647272184
134,40,138,3.6567520780250424,20.435082186621017,269.07145608170237
122,46,145,4.63572598485321,40.82407394896245,451.51129131609036
130,33,136,3.9977009118844213,25.923036273903822,194.5500977111887
140,42,143,4.463823345536131,42.05173609388325,347.5320877896221
133,36,135,2.6655683674394615,16.451675537815827,274.78849065417614
149,45,130,4.46142535108848,36.28404522300555,276.3633965280056
144,30,147,3.583445554263378,26.137725353074536,289.690506408555
127,42,141,1.5424311309653524,21.54219773404071,228.9940779404441
137,30,144,1.1548500334682643,43.58677473462156,269.53061349100466
138,40,130,1.9761376547431375,29.428754325879844,251.13560085525174
135,35,144,2.513398595306765,35.007035902353834,320.06618896055045
121,49,144,4.350271464323427,16.157934532283974,248.57947742158723
127,32,145,3.9649782281011867,42.70685810474505,353.42635340473
141,41,130,4.82150291122767,25.040889093855434,254.9615660534832
125,34,132,3.236699194986024,39.26921482200373,226.0713501091633
131,38,141,3.990966606431978,41.616610467513304,306.2756688553193
134,41,136,2.101133540970499,19.099069011549513,191.00758691860892
144,39,134,3.7183115715812285,25.356519739109743,209.20469228752913
127,48,130,3.8246048101451446,40.320402869637604,334.88342912167394
123,34,130,4.393661313678245,23.1262141605566,250.49920572560507
134,34,144,3.145614043500335,44.68608832190915,350.3211871115234
147,38,137,3.596020590380708,25.919073580910243,300.7124479185502
139,49,140,1.8121952404195953,29.081557264830266,282.3062961635947
144,46,143,3.9470363605058054,18.491017153008308,268.7779003510346
136,39,142,4.35364689056054,20.168629151328215,220.76665859899748
132,30,148,3.3749509847456656,24.639756988454764,186.17363439788213
137,45,141,1.4626978494967928,16.71180898873078,104.04002770795475
121,44,148,2.251429425247772,21.75612979111576,264.3070543458391
132,46,133,2.90205860404516,29.313005933314706,254.61381654326718
132,49,133,3.7086495656113367,28.298678640353714,412.62154929268894
141,42,132,2.281308431460902,21.9543032939447,260.02156514279807
134,30,135,4.361164205356457,17.81577393487079,284.2260119404723
139,37,134,2.4871591654616143,26.135174219192013,204.3106189012065
148,34,140,1.1713453917878431,41.0871312659761,266.62574310302244
146,35,138,4.175977666679341,32.85348502616772,376.4140827087965
129,49,132,3.5768926780441648,48.138139097697476,326.69979379775873
148,43,138,4.2078259789227905,19.896021471029822,227.1521853592582
122,40,141,2.395559253067574,22.25612806288009,158.1455809623717
138,35,132,1.0705207686105833,24.81048367736489,286.76840377622267
122,40,149,1.2950116946313117,15.455066493456442,159.46651907798662
141,42,146,1.4472031228033089,48.018316745990845,268.4967154972883
133,41,141,4.220590312622807,30.58773410050388,253.95240003797716
127,31,147,2.2057390174406293,31.857731703090465,364.29016968379983
146,32,133,4.99159403768985,20.525009927450593,239.33118706615366
142,33,139,4.033553585987541,45.54441915376482,359.5359355672491
149,46,147,3.4046198123609273,39.24212828250741,287.23137081310125
123,35,137,4.934477647985699,30.097634563336854,225.4546259511707
146,36,138,2.2652367532660715,45.7290023826133,281.09451409759976
147,44,148,1.6624622764846846,46.69102083925105,294.56230590492936
139,40,142,3.949091878605261,16.731818936332054,212.79957180290285
130,32,135,2.1123335151585665,19.17636063995073,211.62659726341903
145,35,136,4.844147712267029,15.966990477470553,270.76983305133143
130,31,135,4.952277249000684,35.36055864843924,313.0606806851927
146,43,140,4.705617580101415,22.628035106168262,300.09064754021927
149,38,146,4.7790470516381784,44.57248292365473,265.3206452742731
130,47,148,3.46261926966544,31.306985118115595,216.4704378957184
121,48,141,3.7684745982745196,44.319841123794454,320.71306230878156
149,41,142,1.3769846310907776,34.44618282117686,298.1823136749208
136,42,147,4.052200638914755,42.8658729013588,206.05141078013122
128,41,136,1.8082534523075777,28.014925286903313,292.24747481407127
147,41,134,4.361304238817532,48.088784419125375,371.1980229214948
147,47,145,4.846127282444005,38.35055528618789,345.6972832242159
121,38,133,1.8495105166618933,35.842169053927876,233.40341753576155
148,46,130,1.3121244704224853,27.332483933846703,324.8234475683328
143,45,133,2.9355605570715593,47.80143926165668,279.56349353959644
134,46,132,4.166197487793236,26.8207040079687,340.5587252117063
135,37,133,4.082560679774092,44.25508023291371,299.7617842212726
144,40,130,3.787274022626337,29.150787557491867,227.8364814120564
123,31,141,4.282783960938964,41.85144005255582,313.713333179618
127,37,142,1.6999534103806107,46.91572704532566,174.27081019209646
128,41,131,3.607751031543784,31.29624909362619,289.67857789462255
145,30,138,3.422717263590599,33.41473242840345,288.52230141269456
145,42,136,1.6137268950387726,26.56200170764749,258.77087632655287
124,46,142,2.6577082825541907,16.91434854713113,213.52471440641747
135,43,131,4.41011887723819,37.836841929360205,346.2515522571025
132,43,130,4.887207216192639,19.187488358866947,337.0971567024045
149,45,147,3.661720710309407,27.392062504347535,295.8718569431715
126,46,136,4.6877641679449775,27.232286844974336,311.23579988905044
145,35,147,1.5281969223336693,20.28513368161011,224.67809574986205
139,36,148,4.900242102571789,38.33486105699717,341.577893985656
136,30,137,1.1340259967228539,21.110976578654224,93.28217864590286
122,44,141,3.109037093884406,42.241772221291065,237.89829047507075
124,49,140,2.1640333178832765,23.724767502519306,241.1113899275315
138,47,138,4.255636427139237,25.05506201101901,391.25081253901976
131,42,133,1.8701745283900428,27.030490571866583,258.7442019541253
148,31,136,1.0461201469325552,20.346339630983948,210.88173712172505
146,48,146,2.6584378369447728,30.199257031830122,235.91493018662212
126,44,140,1.2564319906657793,17.811379347813045,227.23160598239616
147,41,131,2.1603702767509962,29.949062964436287,298.53812521286915
128,44,147,3.574990766666793,26.896924635192082,268.60898149195174
147,47,141,2.178812706466264,26.839290652353412,301.6621430209789
125,43,138,1.9831729092849306,38.12359881458633,340.72187438389926
148,35,140,1.6219826522813583,41.9158006067388,198.10364291602457
145,41,134,1.5406890963380735,27.459948278934114,211.13455653057733
136,49,136,3.103429492725677,24.170514222099413,329.0283530162167
135,35,130,3.7260280917738857,32.302230215305364,305.00416801613414
142,38,134,2.8109328229425423,42.57016764161333,262.97979418629416
122,33,135,1.494412396191402,37.56005329620206,239.21375260764594
140,46,142,3.591025198086105,16.330047172146855,218.36536031613795
145,31,140,3.2284875932865527,31.79753333108236,294.69249426642625
123,45,137,2.525101821061788,49.683777227489,247.20494437221527
129,43,149,2.320187508504054,27.35946346883088,264.2441095816384
124,37,131,1.732611564600568,30.42508804880847,306.1370628596097
140,43,144,1.5851978353258276,25.059235599655825,178.41618701018555
141,31,139,2.3550867778747975,32.41931413571395,249.9492577851091
149,45,137,1.166524496413821,20.632246289916523,258.08817994882935
129,33,131,2.7465096512052294,23.645477398451625,269.99789784690523
131,30,144,3.4062957171397437,39.91077079395711,296.8971171021826
129,49,135,4.766617101171563,19.84003777902412,232.86903255614584
148,43,134,3.5033125731109482,47.41503172743363,258.9538645008329
132,37,132,3.496304187423599,25.778614297428383,263.2715988610777
130,32,140,2.4976592224144225,35.1258783921524,349.1524073091487
141,34,140,1.5332686251242036,26.26407371482778,264.44042723232394
135,35,145,2.787750613023369,31.73107715211829,336.0477658774229
127,37,132,3.394705276270056,46.63304648168009,368.24751580950533
127,35,138,3.896134386623216,17.40020486464935,371.3008122791963
146,35,132,4.304347095581724,44.971991934759274,334.4127397175495
144,33,148,2.023712368272486,34.51507903642808,161.17711139282108
127,36,140,1.9648803009115499,38.27749405405801,305.2987474559661
132,48,143,3.2611994524180723,16.95604733777828,181.4058267894589
146,36,131,3.2640607325377173,41.64896910614539,303.67180055322285
121,32,136,1.8717911868110972,19.472244514867032,159.06751898472623
149,37,139,3.3499012414050924,48.76874129265214,278.4641458095134
149,30,139,2.3835153998975795,42.975054668632595,305.55442979136126
131,30,149,3.5572596755145316,32.25037925934453,322.50210423892185
129,43,130,2.1641788546888066,47.34584350305302,218.50650143915004
131,35,135,3.369167168286306,20.91756487576525,288.4826478036197
130,39,143,4.073240164947692,49.70823873574319,347.3231531720047
134,43,131,4.9206351028077515,40.08866657537612,442.6393826206196
135,33,135,4.644272225887029,18.443226976673493,221.8080442576777
136,35,130,3.014154989309809,33.7807026448359,223.21202292703384
145,45,132,2.9533963332704722,39.880672896183945,304.4888605420759
121,30,133,2.750800023742995,36.455779158738856,228.73383874705715
137,35,142,1.1110023919545537,29.838228962986804,243.17236210531277
131,38,132,1.6638179899450467,23.684999958689414,201.82815013256476
138,44,144,1.2367563532162231,23.33803226821571,254.51769297299342
145,41,142,3.7854203391012833,47.443263001178764,317.82853843900426
142,32,140,2.652938600872662,23.21592627390519,353.3162599892665
137,40,133,1.2550795122616383,48.68417619186294,278.62315303695044
149,44,146,3.76230031061548,22.357905962488893,219.97073022267708
136,32,134,3.5777434513117754,28.44993225530367,243.98891298244004
149,43,137,3.8798513227619886,15.431319924584225,252.85151907982043
125,31,139,3.3993364710462766,46.61003787888954,283.9050137718882
144,33,136,1.6461582397891363,18.65230863662049,184.08480497877807
134,48,146,1.2455691909686752,27.506524079772475,223.02491328510433
122,41,136,4.2685638809081485,44.4881375013842,376.76617752728805
125,31,148,1.8632359958634641,42.71642785617831,227.43359047438642
122,46,138,3.1701169618967318,44.45253570249407,338.5510784850653
149,32,131,2.9408680589287486,46.993765677123356,316.19734581569884
148,39,149,4.684210161746057,46.88747760273948,339.7174086830561
120,45,148,3.2097590434171934,41.96747075588682,319.66550100381863
149,38,135,3.3200675415486027,35.3848282550542,276.7795280927645
132,40,139,2.278020134863251,34.6542243323339,218.96694673423758
147,44,142,4.834778807074645,15.452183712165251,206.7761693256779
140,32,131,3.4494952629569386,40.289959382089364,178.62783831174258
145,45,139,1.0199215343650323,22.933685033376737,203.7859646078469
133,41,139,3.224329054939853,44.00440966126885,369.8121301691164
132,34,134,2.455461553220805,34.38314298057275,272.47623540107236
146,36,133,1.1284488171953289,49.55367579645738,186.95402219118085
123,38,131,2.726199142028338,22.35957194365234,191.81073452002434
126,47,136,4.094265953514519,40.32128764294041,340.5534120805496
141,37,147,3.0151578318254497,34.16368189782622,282.7447254659853
129,41,146,3.5578363445599788,47.61323956076854,250.3669049341848
126,49,140,3.558965862881268,24.309779787416893,212.2894830775274
140,31,147,3.6840772099337076,17.080315915315865,269.0840030556903
134,39,137,2.5503847782743017,34.035297165594834,387.3180240721857
134,48,141,2.48001935622738,33.25645573643121,245.8766482141482
123,38,130,1.018338125381101,25.90975269978859,286.03802161962517
142,37,149,1.6168898421156843,49.528822918929784,265.44641303266883
142,30,141,4.803240851126207,17.43989984539439,359.4162264865804
125,35,135,4.369666863152839,34.93320342825179,211.81582897107972
143,41,132,2.100433749559612,24.107591915476007,277.59973503388966
139,48,134,2.604767795703133,15.066920407993486,175.98492676457022
145,46,143,4.759685293538531,49.574719811973985,311.61326689612434
124,31,141,2.0017779182143087,31.856449284816215,332.32412043114977
139,40,142,3.1301318771557196,45.00166727236633,276.7678523359999
131,47,142,1.0883191362216182,44.40235338778973,238.30231732318367
120,40,146,3.4789393454112263,43.429742833245925,323.5273171752311
147,47,144,4.72029439269758,31.065603846184466,303.9617213223477
127,37,135,4.538973539360089,46.357421124925786,306.72018623661006
120,44,141,3.007876882510133,27.854528016802863,208.4024776499688
124,38,131,3.5985678891086637,29.293542139369627,328.97862699238095
141,44,133,3.279192776053142,23.949681854776863,232.37047176079255
125,36,149,1.267896976616702,30.68297765659033,201.1114572235918
148,49,141,1.6348939475069835,49.527507098399354,252.19759407768993
140,42,132,4.855269259079039,35.06342317887578,368.70503140665744
122,42,146,2.023874787486693,44.08842123318479,281.53005252068044
134,30,135,2.5377968643855975,24.21700211408359,250.55904911621172
124,49,146,3.0357772318180287,48.45722421508331,177.2281027087422
147,33,146,4.916528517573366,15.461062655101852,330.8246738223901
143,33,140,3.759974024919106,47.55858266202471,362.5127485722834
133,33,136,3.518393990921461,46.430136160694275,282.51689493120165
137,42,131,3.0975998897634374,17.357467575407867,314.741282339812
135,31,148,3.8026976583782286,36.1696354558383,250.59808010810755
125,44,131,3.6560635621133866,42.48354183629667,308.07636990165355
144,33,142,4.611363569043928,29.133275833011066,332.43749775933486
143,35,145,3.1673412214584906,18.21500599007187,237.34428745129776
133,32,146,2.686010352761959,44.0289974633761,197.93481118731023
146,36,140,4.228648112255485,31.32744111399426,247.60482224908284
143,35,138,4.199133338747274,24.213753549591587,274.9052588581147
127,32,138,1.67934575204835,17.479940415020444,210.3316052807413
148,33,143,1.9471679914258226,37.40601456171004,321.5935257335104
126,39,142,4.834553045198823,16.48056513754004,309.71610941448813
127,38,140,2.776438153529539,42.688285246441055,330.19765978645756
132,35,141,3.0786427861247585,41.97632015089766,392.5304873023664
125,49,132,2.240640498319239,26.30299453274239,254.46810473780192
137,40,130,2.924284091589414,31.53005696562008,375.8852841980839
121,36,137,3.9734264287826235,38.422686203537154,280.3695376882885
127,47,148,2.929380389854701,48.56933496223719,282.482011817023
130,33,142,2.259138719834661,33.20528587489356,352.5525153371729
120,34,136,1.3840040175775061,49.88379087038217,265.2560658570562
141,33,142,4.713046082150364,26.378702608761913,215.0571283572642
148,33,135,4.4866312912075825,33.42721813148161,319.5325810207712
125,42,132,4.165459773398888,19.04654453058466,273.44816297060675
135,45,135,3.7762838553702602,34.47538509253302,325.00167839558713
146,43,132,3.0620395378023337,33.77096583465021,224.62495828774388
139,40,142,4.589587144489801,44.708487006031405,291.14225690899167
131,31,142,4.1668060511882,49.879305448824894,237.72916212810236
130,43,142,4.26404336729785,49.51623393470863,348.54933420456007
148,36,130,2.238201891997866,23.27054184897952,282.4683199480215
146,40,137,2.693833093609593,26.845594378185837,271.0983423029538
148,33,134,3.827209056493034,24.612995011478304,195.5651055098528
129,36,149,2.484249212831015,21.988784296808106,124.00348276597447
122,45,146,2.975898613101924,20.25476046257458,267.56874379603914
132,35,138,3.586051870820494,32.91104043987526,284.48903899902103
146,35,142,2.751033606337124,45.537457383891606,273.2264536281383
122,31,142,4.17215842865156,35.645364889127855,202.4614376803454
134,37,134,1.4651153555380598,45.54322776004027,317.44100434662124
135,36,143,3.872226039128069,48.58231197709467,264.89943482348684
148,43,140,1.5808402424451118,28.409949733428554,258.9997490272115
132,38,143,4.751358619714104,44.248373235099294,351.3443875195387
136,44,136,2.256150722779835,16.83173266289105,268.93017679951254
122,47,146,4.1817294441578845,31.83756034408758,353.0674183576382
139,41,133,3.085667912434704,27.89037822568549,121.92701355140629
130,48,139,1.3643482663514965,22.169816015748143,238.03550031854644
146,42,139,3.3303474175643983,30.34374833751697,304.8826447036434
140,36,144,4.6487109475302795,30.529588739432036,305.9014184074985
138,39,149,1.6289376177516157,43.298885752437386,227.7696953995194
141,39,141,2.285227797443327,45.4121514084749,350.29350329288604
130,31,138,2.7566346838309608,37.99326485130575,223.61501945273457
149,43,132,2.100212253362615,37.16858551062962,190.32070253720588
147,42,144,4.775117898945444,18.856383433445785,252.42071133543192
135,35,141,2.510001059233862,35.13416342352346,270.02674169801514
140,38,144,3.6322482339427147,24.60556688230859,348.72662845177433
122,42,130,1.8956670574802637,25.31669548382953,236.9924744961756
141,38,144,1.878823749926593,18.3171128292432,213.2185820550939
125,42,140,1.7033973424157565,37.25538535104778,240.31440097762626
133,34,134,2.7392490541068932,35.43329433311138,342.5451610043746
143,43,136,3.131432809160216,22.709539850770128,261.2260084119832
137,34,141,1.042992663006327,24.20629232438889,118.62900635657553
136,38,149,4.331693710452458,42.055041512150964,381.74828815381505
123,37,135,3.0510155701243953,42.75266772708109,272.5959196788781
142,36,132,1.6288396936657281,32.257962681883484,258.60026348043317
134,37,139,1.269173250011955,20.215094346901758,286.6288221257323
130,32,133,1.2527971885173121,16.945733337861064,133.02139731709326
145,44,142,2.030573947434116,24.501410208445485,304.35225869192425
122,37,148,2.9971685918839155,40.59150240128684,307.8635966029569
122,30,134,4.440958144011994,36.02858213185744,283.3481224430861
135,36,147,4.611861707563614,40.133736906439594,387.9419428000017
124,48,130,4.329311679917616,31.51117932793944,218.3341739984122
140,31,145,2.3142538724828947,41.4147058709483,287.76572056376875
148,43,145,2.2262310068243973,31.828202799402177,256.90612778496507
129,47,145,4.949833380619991,17.940516343890195,372.344789380732
138,44,148,3.7251225199498355,17.795040338764252,280.1964299095619
144,43,145,2.219807765030167,44.10259517349437,336.21188401209776
123,48,130,2.316320609299214,37.0368516972045,387.0527226449113
148,48,149,2.738577757242788,24.769447068864373,327.76156865347673
148,46,149,3.4872267912993498,41.50114033146464,345.17627146141143
138,48,139,4.5919166398867155,19.75073576541438,371.81332188325695
130,45,131,1.793228478785637,37.583521072317026,286.2125504896272
121,49,143,1.3376135907378504,49.63200824164088,193.34229822609737
129,48,137,2.62300849581693,20.250684122228897,239.01841500032089
148,30,135,1.9818219304423064,19.968070633828937,227.50702484732074
130,48,132,3.3041306937564134,31.37420439113738,277.5797892754918
144,36,145,3.796859348589686,37.4931492940132,290.4713911062368
139,40,146,2.2429438148697196,15.929121770498003,237.3022482945953
135,34,141,3.7418051554479543,32.48848191865194,310.00231136205355
138,46,148,2.3725890194312265,17.910962311435068,290.93797611963754
142,40,149,3.5398725586650484,23.446332188098378,221.75220512197998
143,37,132,3.5322432269895994,39.933916692689785,239.00679762388796
130,39,142,2.112638813686575,40.8602731651866,302.3248878971778
133,41,145,3.542891006840814,40.54063576994619,313.0235320124767
121,39,140,2.5238203828946233,17.280121691707045,196.8097128204716
142,42,149,2.345819777442661,42.53670880591315,312.4608880074425
147,47,145,2.1571509882659705,30.127245170700927,213.71012820820798
124,39,149,2.382581040537156,31.635835301790078,219.28392976139563
146,48,131,4.146979568244592,29.689166551692374,264.62951002406317
124,49,133,1.9807152566900688,44.995783125322504,181.68205434622342
138,46,133,3.727949620585239,38.79896270777665,224.55783675693218
140,49,146,4.602482339923601,32.50090445916582,271.8037087688734
131,45,130,2.4017157641382485,44.20004576741744,326.5532184918011
137,34,130,1.1180482579796016,43.18772237410054,246.58713327805307
123,32,134,1.0984241164999604,15.176545734385874,191.58112619839773
141,44,141,1.5580115534012173,31.760798761878295,212.51258570952524
136,31,135,1.4401793723946623,16.478613835573466,221.1522156958283
129,42,135,3.992340999485733,25.75152685660838,214.7709845814245
139,37,146,2.1794028676294905,43.134307021187894,284.21310570998537
125,46,142,3.610039094402737,48.04183232377756,363.2963037690816
144,33,137,1.1698217429014548,23.47233312395832,287.77873269364557
133,48,141,2.1829611043125703,15.749880209220128,222.89651334725403
130,38,144,1.9365849387091219,29.081772032097522,290.90690856993484
130,44,148,2.1075220414094513,26.729159353794348,180.19984844173587
148,38,149,1.7628710765351978,38.69381639550944,301.2554222801925
137,38,146,3.471664084409279,32.327018535694094,383.9286788789359
146,43,138,3.6506914786266673,28.959654221503833,283.2107511730667
142,45,147,1.5938619619330412,23.034445919739156,294.8712073227909
141,46,131,3.964583938459031,43.99681395042936,306.7105646697278
137,42,140,2.0001819050345158,23.693625038218048,254.84866626822063
143,38,149,2.1316900099982616,16.915724266523853,255.66946720425085
142,44,146,4.31523335537449,34.76136779624038,243.23055327156044
130,36,147,4.604663661084768,26.1072061173441,291.6297711133246
140,30,144,4.299025253873693,39.935229810393395,309.1813308339922
131,30,136,1.5910512814037165,17.83050839490424,216.40413266488252
124,34,145,4.997070540386079,48.820764754883065,321.80180533227485
142,38,130,3.688621659129473,21.540030546119553,320.9292575761884
128,41,147,3.042674486162816,27.49699140572713,262.6263571712563
146,35,137,4.819365631013742,31.83342360181205,320.67690330319425
144,42,136,4.269521581706374,46.15411280885543,316.32321042005583
128,37,131,3.766972158514947,40.288931033302035,289.5986536062149
141,44,141,4.353588993928533,20.068996264301564,196.67360800345747
129,35,145,2.5418663331117046,30.351476873138417,241.46346672934365
141,35,138,3.737753781760854,34.001915274736874,262.06158556541726
138,33,149,1.7623200749190722,39.57440034980118,161.35044140665548
120,40,140,4.952002541068408,35.0135016059069,315.2741513535104
126,47,144,3.355926800373614,31.006721033753696,262.4970032936996
123,32,132,4.25694898974123,41.79416773697895,318.7872997052385
120,32,142,2.629359522124136,28.232016996682884,308.26730771445557
134,41,142,4.0343552771007225,49.55104477795027,293.6752771249407
127,35,131,2.549539597877442,48.17238778773017,341.06632670881083
131,35,135,3.3600203478423314,39.758314160939804,265.6419391539103
141,37,135,4.112539262745249,45.891417347062536,341.21502651456046
141,44,141,1.4658956531849543,28.7611430624628,304.34441618594366
137,47,133,2.427143405478593,35.35145774192924,239.96176231528497
134,49,134,3.1797477959043876,24.542930741082415,250.3162365362965
136,45,137,2.335990824352677,45.997375618354866,325.12939674592496
148,35,135,2.236668939022635,31.485876336823985,271.06346893240266
133,46,132,2.1266563583308487,33.76502641578844,138.84051936589685
133,38,137,1.911167287237446,45.25986126124275,328.4511187587706
137,48,148,4.3956182502225225,42.90474777717667,192.27306293646717
139,47,140,4.69475651760237,26.261011942315502,309.48938072024475
137,34,147,3.8006777926253124,18.059966124529428,200.20773805620257
135,35,139,1.119998051060307,20.673262070457145,144.6534585294717
120,41,149,4.144932780516008,26.868354863387975,347.8355065559695
142,40,141,3.127759364461461,25.685179044104732,301.64358658761904
146,45,149,4.032440351534425,16.34086922402756,256.34500535976264
130,49,137,2.7493534946513187,30.122279896670204,257.4103960469754
134,46,148,1.1651276595540794,18.704761790449247,251.1544921962564
131,49,145,3.726979943507192,22.731140181649454,307.9283272973044
127,38,147,2.776513970114906,42.5619112097659,385.93082991557094
141,30,138,4.496173982180986,32.32078415103345,353.4549882816475
139,32,133,3.9525517472857095,28.053356953936756,368.4292815727605
149,38,138,2.4382469911112374,21.490236699235368,256.3628306032763
125,48,131,3.8963278391352745,45.31980372426027,348.79298892454995
122,42,138,2.980834397798123,46.629142382596015,240.0450847281016
147,43,138,1.7977758090381806,33.1537306018202,239.46340740785666
143,49,147,2.6795452777608872,47.24461510371632,291.84470692842007
145,48,140,1.8902495780345836,31.267613688489476,322.0327372628883
149,36,142,1.0199060797535084,18.753486576018155,183.96406403353248
132,33,135,1.9871830943565838,15.596385161854016,302.41760945536384
132,41,138,1.8380853036330014,19.49322321467249,205.55997984698755
121,43,145,1.017347634747606,36.7929716556932,325.8390610031115
124,31,133,4.135701472400871,26.231681893959035,302.05411615013765
136,30,131,1.3079397526834087,37.69081511444557,146.357909730487
125,47,136,2.7962362957555285,32.77916431354479,294.6592558536652
121,49,144,2.6715327027882596,26.65544011698522,267.3945495825329
123,37,135,1.725632469222174,22.653792982442592,172.78031730930846
141,32,140,4.867474026149523,17.836531033330814,232.5865048780644
145,35,149,3.4149344197074334,42.38368714829535,252.080969306611
130,42,146,4.254052182899343,43.665146340791,310.90812816717886
127,38,133,2.984562228939801,33.95077846116039,261.8093902487605
131,38,148,3.8912476694916522,20.498313548517615,258.63922985171587
127,49,136,4.879116833247032,24.223516613718942,281.23604241525015
130,38,140,2.393621655212406,48.43008352220597,328.0095547136391
141,44,142,3.017055410839782,22.907927782739197,343.52040416225344
139,42,132,3.0581475947680263,16.98816801777562,386.9883135680521
127,45,143,4.967979265296554,34.25173151693784,328.9712766642224
148,31,131,1.9323965855688523,24.16698851434004,264.25609422723767
127,43,147,3.701230034348315,48.510221598191045,330.28563951951895
145,35,134,1.5529187138227694,35.11687630477188,202.85762389212329
149,31,142,4.708294128216992,48.80351571465053,326.91248992939467
136,37,142,3.361527676006794,42.49518204226366,324.6788610759423
139,33,143,4.43764610815788,40.30796819656793,299.6039815073332
139,43,141,4.580966177358031,44.062760418535575,407.2881693061627
142,40,142,3.2284396484165905,36.17099369274928,285.65030979913337
135,43,147,3.7280290849527935,15.389245261568211,271.4725166228491
133,41,142,3.7948825601156417,28.736267401948705,334.56032697854727
149,45,133,2.841923294035035,22.66563307259147,246.84916586480625
130,35,139,2.7393529892106594,30.2009435688322,150.3069002889741
126,49,134,1.7447528759125714,31.469233345808405,280.9053068193367
135,30,147,2.535658242004837,19.474087339701512,243.0726206999933
132,41,137,4.96302776218222,15.820104211116027,317.6149670123068
146,36,143,2.0794463084739436,19.83701026718034,304.87846103756544
134,37,131,4.049763634704416,45.00994961941181,223.31355058137729
143,38,137,1.237389880226555,41.454896819829074,263.2729669051738
135,31,145,2.869875189630633,42.961251670027664,291.9583483839282
146,46,136,1.2336405276685825,24.670731676691812,278.704684723292
140,49,132,2.9031997352315932,23.26347165031261,256.27552606692274
142,42,133,1.1102098432375076,16.30803432750594,239.44349251285496
143,34,136,3.4531790859356195,31.529396140017933,261.02226189294674
128,39,133,3.346036399915522,28.38431004703724,319.11221348802
122,41,138,4.191372890521421,44.25601351102754,251.18850176604604
138,46,146,3.3331448088053883,38.86536454842527,281.14019006869086
139,35,146,4.703996649404293,20.050007719962856,210.90951669388616
124,32,149,4.132418456297424,49.55042991495441,298.5161568143535
129,44,143,1.5306260812891574,41.97242565506144,245.4305461898642
136,36,143,2.0618927532243636,40.20831304892903,345.1424117865551
134,35,142,1.1049223910751742,22.581545391249925,188.91639238899475
142,33,133,2.5445360062912292,46.68048102156812,340.17175662091427
144,48,142,3.0381450150778013,31.587227212071788,268.61101244597006
127,34,146,4.783784995128266,25.41795835032702,189.04604987928963
134,32,144,3.0890697291272735,37.91917558367739,224.55570136772246
140,38,147,4.124112167771788,22.41131863452421,310.45136080513277
149,35,140,2.072096050371605,46.76479707583402,231.31113350120862
133,42,133,1.6126337490353269,44.902027787343876,235.6052558458116
139,49,149,4.243345015305011,31.271897930020486,242.7026064806974
147,33,140,1.9897005814983655,21.67300975714275,212.46428158268753
126,31,139,4.4853404706844255,32.37764432476314,308.3855193834392
140,33,142,1.6793995027678523,20.2198376145115,287.68575573979234
142,37,137,4.4063461640604284,24.44471096409318,248.03954892739074
131,42,142,4.0913903202978,31.895633670681857,336.2103028970084
136,39,138,3.444882692562415,15.73989093670821,171.06477502680843
136,47,130,4.400882711290464,41.80029112414039,299.12782319596204
129,38,130,2.322840471529846,21.892020701498254,280.0401022944668
149,30,144,1.664136582661551,45.33139400499496,317.66302415516196
148,42,133,1.6281627004178225,15.779093959695135,292.2570232568466
138,47,149,2.0814356552628164,33.62460917456232,278.36033930748266
133,44,130,2.7849085287202113,42.18278342303805,218.77053541335567
130,31,141,4.504091460324907,23.328195165943605,220.96635971106014
121,40,140,1.358142608630946,39.76435710739655,315.61759827970366
137,43,148,4.660968177738997,40.23037386286943,293.45614739830796
126,44,144,4.701978841360345,37.324528306995106,334.6367866468087
131,43,139,3.908945562677174,27.74884559889516,145.3791738285031
145,45,130,4.601134454503787,42.47726793522281,298.5885972394856
121,44,132,4.079946520711848,36.99518011863798,232.5441246938649
146,48,143,3.1132038606230146,35.663587319988984,389.214281076724
139,38,144,3.4030009049037773,43.67064442084022,279.31118319057185
137,34,130,3.512897905910331,23.56233150830786,223.69725478739622
125,34,139,1.5075731239324437,23.13707837446255,187.054980923191
143,40,130,1.7722165500700418,28.525641050212705,183.70363189783671
129,49,144,3.0934748954806435,17.559657403399157,277.089946246595
139,33,132,1.4609132510837672,26.80877142731522,151.7723249203641
134,49,149,4.859917184184445,29.21952274868537,300.11734033164424
124,47,141,3.0285091140576865,32.327036400118175,142.34604146043927
139,32,148,2.5203445792522383,23.890471243532275,257.49308657800424
122,33,145,1.6301601503662368,46.73948566966939,138.51572022659548
124,43,137,2.6661355899007453,24.977742872187008,215.8514365569568
149,36,143,2.2097047479701954,44.80427721294785,369.7705977722599
144,37,147,1.3517086848081385,30.573335268545407,151.21517972115038
127,45,130,4.868021180952086,40.13548435733057,256.95094728805344
127,49,131,2.059912384195787,18.88158357943652,248.05291318071926
127,44,141,3.761880968534097,34.06230270845633,371.9528322757853
131,36,146,1.365290007289691,48.628906322998034,269.3160428072321
143,46,131,4.65267603730709,38.31879232776714,320.57135580684496
142,41,146,3.363005806242308,43.71012411529421,265.7281788323829
127,47,136,3.6274880015064483,24.1374661762133,235.01625621522615
130,43,135,4.127137442675474,43.0059122310968,302.7983666045038
133,44,135,3.4236613146603343,27.293868342099458,451.25139745587944
127,44,137,1.2836298336530225,31.977733501620996,297.83482166612123
148,34,134,2.7183296945286104,21.57852011973059,310.36868230652215
149,45,144,2.0481203733245787,31.99944358017047,287.99389682331883
143,34,136,2.9468680827247353,33.049564515698115,312.6204157390025
147,31,132,2.617300646726952,36.7814512402145,253.89234993692386
129,49,139,4.30613246919539,45.40218279969629,407.01550034562797
126,38,132,1.9881902088390837,25.66979041562807,250.93022026572393
147,38,143,1.8052042371117936,49.44478715154706,317.2584290993952
136,33,132,4.8323451818022995,44.66914838144368,302.70584960183055
123,44,130,4.798066455556718,29.102291683374162,329.89219996653526
148,40,130,4.973859859670404,22.93322746762709,256.9358006934129
132,30,148,3.2735223181853486,17.502310211415743,274.882711079515
123,47,133,1.4525758423559942,23.202746577746847,155.42299551048532
124,30,131,4.520670962948788,45.95830225757648,352.22776236597554
145,37,140,1.5804599370305623,25.221099399780428,181.33862602268357
141,45,141,1.6223773041166245,19.829293570222717,142.68155638084207
123,47,142,1.7735902699443518,15.793610629922155,321.01200457660894
137,38,145,3.6136753415723715,25.41881202872387,173.7398248068116
125,41,145,1.42879621290929,22.56534485474608,167.20444485792876
143,48,148,4.113126516047064,18.577082094085803,264.7675351406043
143,47,149,1.2330063838322167,48.2880030425313,372.27142285066327
142,34,149,1.4417862426872805,24.366765640982596,272.0035002740553
141,31,138,2.7379485666661143,15.216189032417116,201.85388405707826
121,36,145,2.5166860077996027,48.04964542380214,235.7297281173668
142,39,136,4.9588330735897355,35.2479615199719,248.4948097356202
130,44,142,4.867455826874814,17.89845372582778,224.37048157508787
147,36,133,1.7587272294225023,16.099769208613097,186.64090056589876
133,34,142,4.786662180313851,18.77471722543683,271.1592223187477
149,44,137,3.7690476160478643,35.70217986534071,348.82391966944607
124,49,131,2.635372662132936,17.165506171656148,180.3767621891119
125,49,136,3.9585237286437653,34.884920889121446,327.78768047951297
129,44,140,4.600563862826187,37.83893569526453,348.12613892304876
127,39,146,1.7205662151959,20.165187352675243,187.39739636978268
133,43,143,1.7839370455106445,32.09514599624033,310.74746435640736
143,39,142,2.6348830489106416,48.73579753717121,285.6759174439697
122,46,144,1.6768470853402828,44.277095627511365,206.48194554960355
131,43,138,2.441589942823263,40.31775216170848,247.87444770695885
135,31,132,3.5827661082500564,33.12072935607681,297.234867224478
147,45,142,4.25127250133542,28.79961645765468,318.0952974468088
149,42,142,2.207739750741598,30.800215764242814,188.2562409876939
142,38,138,2.126922735219352,41.761350274837824,274.01493737288286
136,36,147,4.11897185755671,34.40042866154416,246.01702990798984
120,45,134,2.5241049040100365,41.76288948524203,258.5423304243279
142,39,140,4.273901471475366,48.94555396515509,313.10646463620367
129,38,131,4.973521281316853,37.417995276995875,256.8830012817102
144,36,146,4.918674703934868,36.10862450935723,210.3507707023345
142,45,149,3.650747819389156,29.215668197844188,232.34958892235832
129,38,133,2.5008528455098022,21.88638836160584,276.4832290435923
140,46,147,1.2619594379070507,28.09702597865007,273.5918471756647
143,49,149,3.952162530868243,33.20340166803777,295.2104027170064
121,36,137,4.911868964212976,16.219948006268076,188.64102984094825
128,40,148,1.2719378528625125,31.653175868780227,337.1826998929696
141,37,141,1.0246708424825606,45.175226459524254,139.1061763918795
132,36,140,4.327104786326871,49.181852688676855,292.2973259899841
144,48,145,1.4090358481529486,44.944203530879754,203.86219576168259
135,49,134,1.326491921782318,21.019361110578814,116.60334032185753
137,41,132,4.641344272892715,20.425461711785626,241.5658796518619
138,36,141,1.3182432466875253,28.76592704338428,270.75627060162446
131,37,144,1.4560706191017045,22.89006647070778,318.9777970339397
127,36,145,3.278294701078773,38.659807644221445,353.81749699009055
136,35,142,4.0272566921331645,17.959533656647398,294.53819478435423
134,38,136,2.5982890348569088,30.53017373378377,284.29746949710477
129,42,144,2.6823566427615617,24.812468617679343,230.36270808464425
134,36,132,3.5305039486045544,35.839101044993726,270.36231619944635
134,37,141,3.021701179323125,42.8972756927888,392.9846175798493
142,46,137,1.07451317111087,47.32470995885145,291.2832540582238
126,46,141,1.4543327450887995,48.734845697773004,318.69164283167765
132,45,147,3.326400062101611,27.291808689089798,356.82557573253166
136,31,132,4.174650038791464,44.95467236406644,300.70705256167474
128,37,141,4.052412581719824,35.71870740492736,309.92865222958494
127,46,131,3.96022623717458,39.22893950904431,243.5664294849006
139,42,143,4.085090464832536,44.78956983311224,381.2523072197166
145,47,143,1.1777739052980922,19.55396234632788,259.6854589574465
146,39,133,4.5804062598503545,48.15925438112854,315.3275991047767
140,31,146,4.557132420846699,34.158898164637904,380.6019453340392
137,31,144,3.127695956390456,26.76011611395592,277.3925182471081
132,43,145,1.9943773290750615,26.855594114332145,238.81158401920908
135,45,134,3.3687138911257337,41.28501178373938,264.77330262790537
128,36,146,3.2315437055011462,38.7530952095494,291.0878361137902
131,41,136,1.8918288307608413,40.53180319439754,245.46631833051623
131,43,144,3.4125207157146766,23.854842654848234,281.63552694199325
125,33,146,4.189176464402439,20.956867565014804,252.16633082229274
138,33,141,4.224427458981024,40.26508785591736,373.85274332851543
147,47,140,1.2387912891196575,25.446825520652272,275.37866612558196
126,32,148,1.7886532472498575,22.78526537553539,153.20819239334156
144,30,140,3.6728934423727817,22.51129762179241,296.06541069755383
122,46,131,4.439327781657209,20.194032639628272,255.4375176974052
135,36,144,3.084868329796862,29.938547948631225,370.230844553082
137,45,134,3.8301026733399217,24.133200125873167,223.10999353754966
135,34,147,1.0842880426276023,46.28529163259793,375.85870005794493
142,48,145,3.4336832475415973,39.11988728978843,327.86456999620174
126,36,133,4.847636577746407,41.03517156513038,326.14859743025534
123,43,139,3.644058428130952,29.126367223564223,240.7483534501236
146,31,131,4.689102866401279,36.007333134576974,305.9084632727113
144,32,144,3.264037832524295,32.52792442464166,236.17041022850697
149,46,133,4.373514951103711,20.86080111828804,240.82734424370054
127,45,145,1.49664963302859,16.674879326777457,195.95464164624406
132,37,136,1.494053051547266,38.92314591592939,234.50666996011003
132,47,141,1.4807173167831782,19.241036072965777,235.3616375112305
136,44,132,2.9553982081468364,17.007220362253207,335.25802118798276
136,36,146,2.3210542433484602,30.46535664350641,254.86085523922642
124,38,138,3.8767434149641438,40.83092295029989,333.6188104831363
125,35,137,4.610487657201588,41.91039537313306,325.4848312526675
138,47,135,3.4774993142939277,45.57143623506187,266.68548056407525
132,47,144,1.8528422243943172,21.972490787456746,238.60871352608848
144,43,139,4.723507470116455,49.49685378351284,213.28799701164573
147,43,135,3.1114293525519305,41.71231751874328,271.10469970979597
145,43,144,3.879782212543021,20.502467108256052,221.56507889585234
133,33,143,4.562023401740708,44.42524500983938,313.92506759457973
141,33,148,4.9593277283956105,32.46357453696994,253.67882477059555
123,44,142,3.0242557964066954,17.329122881393793,251.07772140638363
147,44,143,4.232250874734696,19.62146201402413,345.2197909870788
126,47,132,3.267468261272968,30.18626486682482,277.308231843761
127,43,133,2.9458157839832237,33.56773840614282,202.3789522952185
144,30,143,3.1508500771051593,48.162234595464156,386.494720113028
132,39,143,2.9371009752868167,22.549936537435677,381.6220134084342
146,49,137,2.6841124751787224,31.593657858498315,274.08262825612263
125,39,139,3.894882762055951,22.906131424708562,295.43794291633145
125,39,138,1.9987032637906368,34.544024112426364,306.24804275648034
143,31,143,3.4655258632240025,46.826132554012354,347.9157221278463
147,37,137,3.851840711057718,34.87126999070059,275.40171932477256
140,30,140,4.56836333356282,32.85246886377335,245.87560676725315
149,30,139,2.3275085957503427,41.25452924213644,233.59844284234467
122,33,147,4.442396414064257,20.166474076084643,367.5962742212332
147,36,133,4.781164685303455,46.696524665224366,314.32024970354
122,38,133,3.594717530966875,35.217189053804205,286.5463074519871
132,45,141,4.085732031692052,39.02082953017691,359.28967844108513
141,34,147,2.6228278392754936,43.663626623953974,361.8660610379701
121,31,137,4.808541679138771,37.226324746260325,263.2887146329502
135,40,132,3.6834458203456966,37.44218148412034,233.51778079545204
141,47,147,2.24062723447107,40.5367504338066,277.3967934145679
148,48,136,2.6170453889360914,16.82827947554387,279.78938600236944
125,42,130,3.4710220565263046,28.377367786063708,279.5295476203863
127,40,142,1.9365406580491804,48.70278607078905,193.10082512139763
142,49,132,4.015657617361168,24.027754929554987,230.77253685065003
127,48,132,1.8987660650785725,33.978940689581776,302.8577205671729
149,46,144,3.367156783083757,21.13996117714577,219.54154019482476
144,34,148,3.788026051979309,26.314601034750478,337.0934558757759
125,42,133,4.438991582646155,40.097801495952474,341.17629322930134
133,49,142,3.9356016631557327,37.508290842347044,228.39425567768086
122,30,142,4.19530036620914,29.501072664326472,296.12599820482507
129,39,144,4.651727205991393,47.83266669995226,299.27813424335676
122,37,148,3.3910862448882892,42.12663854191202,274.05746752790293
146,37,145,4.385120042648067,24.377334016009392,234.48636258756076
131,48,136,1.9274889241006883,31.29062097495567,275.85180318618234
136,35,132,4.258932683167892,45.7312077030965,297.8749640041142
146,41,149,1.886746965225921,15.78624397106125,186.65695270205327
148,36,131,4.738516874971119,35.35131997040489,358.7641902924352
124,45,147,2.3198933498306746,23.118614390473887,322.6504107206341
149,38,140,1.6873519927024514,17.23370412486308,208.0055092457015
139,39,130,1.5926750405168075,46.95013787077379,345.0714436759431
144,39,145,1.7490888677513294,43.56990580793056,330.4329243294423
128,39,146,2.790161234252664,21.485274558162402,302.26795565826876
149,49,145,3.088597564320236,44.29312713813222,370.54480575268144
140,45,139,4.655143330095674,20.12495923128278,282.62416269159615
145,30,146,2.524059211710782,31.665647595059358,208.2418100771576
139,46,132,1.8699292351482164,40.40206551673833,155.5732370930079
126,43,147,3.9752844473575264,33.68319588239551,342.3853403928488
141,48,148,1.5386176317144238,44.777325030002466,207.13685224116944
123,46,143,4.569133488060752,36.590725161352054,295.36236922592417
132,43,131,2.637598540835216,30.118307651551888,177.1989227155102
132,37,141,3.455365934619919,47.38067315802027,278.7683150044973
129,38,140,1.7447373704660905,16.27031299405148,255.13188057984667
137,37,146,1.5821165963193469,32.09396005504992,379.25788960213254
136,42,135,4.195357499019423,38.127353906695866,338.64552594869326
139,46,148,2.7188091676582395,44.26204366463122,481.7289011588
139,48,142,4.946971250904841,33.940478372683884,355.59827972937705
132,36,136,3.0971917778098064,45.99312019524079,318.6742501573964
136,46,140,4.382611643030758,29.919689249414528,272.13533479331
141,30,136,4.919854714885741,26.099500478215273,227.41631017881042
123,34,142,2.1246006460340063,49.08342166090684,193.84325251552835
120,35,142,4.203526848621465,38.35133355919848,272.849876078369
120,31,130,1.088024653298584,29.902236475386964,225.22584847471134
134,45,148,3.7190164722441152,45.73664079469423,301.50247843699594
132,34,148,3.9808043644713975,38.90781449163234,273.9274565568214
136,34,144,2.9094548497420094,37.32771470026729,248.3589398810864
143,41,143,1.648420840470008,40.49882754368133,249.3363082272907
145,32,132,3.466882192313799,40.84025883694906,198.95944458120562
127,45,149,4.59011463774223,32.254418539368686,367.6431204780362
137,35,133,4.725276798313075,29.67576464892467,392.5842183618165
146,44,136,3.984409561678411,46.82489384072723,469.9500038030404
132,44,130,2.054853033702408,32.403670884684075,211.04423395955197
142,45,148,4.48130770423968,22.55375732648382,293.3684452404465
133,49,132,4.55529226680678,33.256097503877044,405.4958474666339
127,42,149,2.4689688229808824,16.204773496977445,360.2696999597465
127,41,144,1.7319269461747226,40.31614231862702,282.99610803408086
146,39,142,4.498637736533473,19.44444206705832,249.98731718869755
145,43,143,4.540389261011257,18.910349286989998,372.3228829642456
134,31,136,1.4036243382048563,48.12246501125269,245.76567078842803
146,32,130,4.867937168889953,42.03948385105551,353.3201115494017
132,38,142,3.132322212315191,29.498007171945744,334.9177853087017
126,40,133,4.974920779771745,23.385164984196408,239.18484614054722
124,40,141,2.780033000866726,44.52216681844333,234.30282445354234
136,39,136,3.1331333574381923,48.90043452637633,335.8681654175021
147,43,131,2.0643313278849824,32.79239366124797,197.43083476784506
144,38,146,4.595789782061478,35.302662528632894,237.70108721174637
148,49,130,2.774848468290309,23.50687220223131,230.36407482277116
135,39,143,4.258456214509535,35.623759242166386,207.1383681350622
142,38,130,1.3189371003803307,29.02091722627446,290.8566887801573
121,34,132,4.152986513979251,44.595247480780344,357.46394714826175
141,37,140,2.9609725690058997,28.198955693820494,322.4544286376125
137,40,136,1.0216315189324239,37.70727019633679,313.70994818322606
136,30,138,1.9050517559951796,22.121310470387233,247.7825005369878
149,39,132,1.774920845772468,18.173549255145623,185.18256311692434
126,30,130,4.007058325237759,16.412432697397797,155.77224898687928
132,36,148,2.9088087591728744,29.547590306570083,245.85019178854088
137,43,131,1.6388735867483897,20.723505248699123,267.11386462433484
148,34,134,2.0272119081810103,49.77180665932726,333.7103130496173
133,46,146,3.0163072212235393,42.94341859491985,269.267176341665
149,35,148,1.0785527892786955,39.2680603098223,289.2877926126491
137,45,134,2.696502352397495,43.11614635823489,298.1163787273433
132,40,143,3.7122456146149605,24.19615405117685,251.50299005045636
130,39,139,3.0710183411435152,45.77423940098342,394.8100650111335
140,44,136,3.392398164301995,49.847273825121654,304.7792455149854
149,36,137,2.306472468046599,25.144906417502117,291.15691875179084
140,31,137,1.7323028960790232,49.462704053174384,256.72403235045164
135,41,136,4.238965161420724,26.213879121932028,334.33841962094164
142,48,142,4.622539485745442,15.410309119384243,198.38598412581064
136,41,143,3.0429622814995745,27.85249202045582,270.6052393685054
127,45,148,2.2201648503255633,49.91302503209392,237.6313401888369
138,35,140,3.044819318071942,37.230293915811416,443.8381770826628
139,32,131,4.515942082549582,39.341538722062616,317.57632460736244
134,31,146,3.7656253895004697,23.342150323046756,233.03262010598027
128,49,135,4.434464345160469,20.107203335364048,324.2150380991982
139,34,138,2.3135176923122014,45.99286531517966,279.7890350781888
129,40,148,3.8479165133499835,29.46872716373463,288.55338230323156
131,32,134,3.6121958860464662,15.14376547206083,280.77653069849936
140,32,138,3.286465842601669,25.298608392835497,295.5320391122234
142,34,136,3.1128994609220353,21.850623790998192,231.11007965993363
139,40,133,3.203911532558388,36.13202901278993,392.4402491410575
149,32,147,4.398684358906796,41.464310948157696,242.27127313940338
120,42,147,4.66397800401658,32.41244748193222,283.58928985935563
144,37,149,1.451441857540953,21.50646591825505,189.39584006320376
139,49,146,3.2750863103613375,17.028756225398112,257.27926910407604
128,39,133,4.673633689892938,25.973690160224297,241.61401750162352
141,31,145,1.5389599406363765,43.20871782731741,252.53833012210964
134,33,134,2.651437493187625,29.68297372975872,354.8243939385922
120,47,138,1.3563206854036158,23.82878858727461,185.40637494883057
131,48,131,1.4539056080389496,15.725367210502869,212.86781489007961
122,33,131,4.616443250238133,32.362171828537896,267.6694283538258
130,49,133,2.7847183393219734,38.96877378656305,275.9221175162717
121,38,149,3.7549586160183943,21.661531218121567,305.4591666962768
135,45,149,1.5556576929741333,33.80160938480953,77.01896505357149
128,35,146,1.0877899295710232,29.725855434020517,233.4170521820672
134,33,149,4.5619358293954555,39.638168681796714,307.63590872681624
131,38,148,3.2981825581960877,45.1211715948764,303.34447563416694
120,42,132,1.0799510222840274,25.746710952489135,246.08773949519633
132,38,134,4.969357923711948,46.66698770356777,454.76816228063666
133,35,139,2.968769532055032,39.743312939528614,305.60179813651433
144,48,135,2.9035060326611033,16.300813949549983,239.71664261716055
144,43,132,3.483656737290485,42.693501414517115,249.58036841394883
127,44,146,1.0316181367818484,32.311947223334116,357.51268238645173
127,32,139,3.27655349482576,48.09113121342446,265.4283864164203
146,34,141,3.5179356159586272,26.327102403431365,265.0806880939108
149,47,130,2.1878142724122904,35.692478069773045,302.99966041175924
131,43,147,3.907409639073194,48.46511640958821,283.1826692198431
120,45,148,2.509727264871871,24.490590655966052,243.87811387888812
130,43,149,3.8710925378325607,31.51837405398989,197.41240221901774
127,38,133,1.5753007138100572,41.33734195860901,264.4072549877316
129,44,144,4.654791264164071,39.188453978975446,322.4212299519181
149,36,138,4.51782949462504,44.35461433056308,353.2767911133763
138,43,135,1.6025059043510823,33.19288377999691,266.15671063259873
130,35,141,4.753815748342084,26.162241715886676,205.04229593853313
126,44,147,3.2311210910690957,33.72796134579315,342.987186690541
130,49,144,3.8065987134598736,27.248601107402354,310.6176764072705
136,37,148,4.361175169506114,21.17506879286907,338.3308491173878
120,31,138,1.3342797883200146,34.423939591852296,270.8869658541673
145,37,142,1.6771374298646662,16.693319382530863,79.24615296915732
148,30,145,2.161563685943847,16.280135604780067,266.3953509799309
140,46,142,2.9088179255480546,17.260073880422,244.57911718125143
140,48,130,2.3842180251949623,38.5413910495376,313.55894229033544
127,34,147,3.023385507768212,29.244539768940008,183.7320626996336
142,49,132,1.743668109374945,32.29403138238155,262.6530149564105
143,45,146,3.7286165597326586,27.018960196570685,344.707773348727
125,36,134,1.2229395247349246,23.877267859290058,27.739228071151103
141,36,135,2.4457980248318463,27.540680684265492,223.39211277373468
137,47,146,1.7161329786844903,21.76823593378133,243.49988931963335
125,47,146,3.9197330874827214,38.75652678556348,229.9821958332647
124,31,130,4.534613355319646,18.560742308531168,257.9613082378611
132,44,136,1.3151448368138996,33.091525039365024,264.89900937771284
138,43,145,4.1401514234656,31.688944793361976,266.0361270962676
141,47,134,4.582889174888409,25.56732662107723,232.56010293707868
127,38,145,4.895880866456221,18.58012863070656,226.48768312735632
128,43,133,3.317545003780356,39.6175198665501,316.184795829703
136,34,140,2.309567544029627,34.93391265599553,287.62159384943885
122,40,143,2.287894399469321,43.331672291675886,252.5154092691293
138,37,142,2.5158803171778104,23.24332969649597,239.991722602913
130,34,137,3.4506696293105077,42.70474404340716,309.01758140177924
143,40,149,2.9609200485565,25.21810034008051,307.5032433295381
136,34,144,3.61454010562734,18.940675586003344,332.59627660222304
140,46,147,1.1572554941183046,19.722070101477158,212.43728519584297
138,33,136,1.4235262015244547,22.73704681309977,308.54813546679964
121,44,148,4.906157997707044,38.885011363993215,335.6198331185727
127,48,138,4.981542008744954,23.53866072750435,338.34354910833713
138,31,140,3.9866352685575595,36.13548341175996,268.6416593077606
126,46,139,2.0255886007241193,23.97829729034647,250.72777805063234
147,41,143,4.8135269376022,27.78282128634895,271.0969049353263
146,46,145,1.8548111751668142,46.14024408380727,289.1478898328566
136,39,137,3.925725289710423,32.51267137812687,237.5651670942723
125,47,130,1.4610332467681553,36.00881372315489,274.8540448147224
138,48,141,3.5956179942393365,21.62468902937106,142.41257287592921
143,47,132,4.038060013424544,19.602712443558108,285.6606138270107
125,42,131,4.43856057835233,29.46130903168168,335.6131758187202
147,43,145,3.937224558752042,44.938492469652346,407.166559696513
121,45,133,4.693941421421808,23.432328133163907,288.1742061658142
125,47,131,3.0836930316029,36.75923593176286,353.10851358576576
142,47,141,3.709714427573311,45.5233676169198,300.07116890968894
124,45,146,2.478200340353408,47.70436483672428,278.33890551320246
138,46,149,1.04155779715725,49.782659353529084,370.9554518517646
139,36,139,4.026771821869362,41.70350060044191,313.22614173176845
123,41,149,4.479442591484823,17.62535412231532,162.93345301683757
141,31,137,1.695697908038908,45.501169765597766,333.06832667278684
145,39,147,1.1145630066611645,45.99729063212546,397.60527514106195
136,34,147,1.6580073820058545,34.5048993720604,256.90093936123634
130,32,147,4.581157172957156,17.360108131001454,239.45247337878294
123,48,131,2.182041557485319,31.683285894304007,265.55657026977156
145,42,141,1.9348164594146868,22.37450125573412,309.7199405148392
132,41,139,1.0583592993728654,30.47374736351148,321.9345905963752
139,32,137,2.188220588840265,40.34442671776931,222.26105043564635
145,35,148,3.862556308088945,38.36427262949986,285.3832877984717
136,43,139,4.836357153504879,42.299714386117714,446.6890425498904
128,33,140,2.250964929750533,31.67829592220781,335.72973520517775
123,42,143,1.9627412808427729,32.877722916278074,255.04043188715283
142,48,144,4.552276081850537,47.749123326861714,397.43145967246653
147,47,139,4.410019403328914,37.091428931769535,316.1714012475948
133,32,133,2.3126416805747456,41.16392207208827,225.92263173258857
138,49,136,1.275220615028216,38.25810327861544,302.280497237157
145,35,140,4.967957761866971,37.41698947494329,435.42511788571994
147,45,132,3.722817149847139,46.973975230218585,281.2692978030666
122,49,134,4.706321988336537,27.477002803271688,278.86547724741035
133,32,131,2.367497897277846,29.969161610273805,242.16628019185217
127,41,141,3.5907416763319766,28.291264108075442,218.6163282734248
143,48,134,3.697988920826451,41.78189170039204,317.7327261390391
146,48,136,4.491621870155676,45.394686537406876,298.63648057017434
147,33,133,4.972232148464016,27.512584005756032,310.9625976842758
120,30,140,1.4346647140959465,19.98214741368134,271.55127645089664
129,31,138,3.524467381721726,32.29373169857714,238.3139471886348
137,42,133,2.3457597934503447,49.45149913360457,262.794666791081
135,42,138,4.246633708240488,22.128861775608105,288.1459233333191
127,31,141,4.016591938985769,30.820032831881793,308.79476811030673
120,48,145,4.570074096895655,24.498538115307547,329.90421760463425
131,45,130,2.3748115091219324,47.29376092723125,307.5083707306721
127,41,137,1.7381213766310601,34.282105764828714,291.7718470226204
143,30,130,1.0872067086046564,35.2560560673231,271.1855858589952
135,38,149,2.0220267348728447,15.289143632053515,173.19467053466764
137,46,148,2.468686159020924,37.84729144082675,337.84441248237334
123,39,133,4.784267943791968,25.72233474928173,364.50799352132736
125,47,143,2.965490535389011,32.9695720336719,374.804017879987
131,48,143,3.225758016435158,33.58735840033091,328.62369770971094
146,36,138,4.520515048192459,35.727858436997344,404.0891086086761
128,48,138,4.540278055056563,43.823878669440475,329.7730273229056
134,44,146,3.111663306252808,25.462712350276654,233.54591331921287
135,38,144,1.454813994933327,23.96564844713333,187.85611011905127
143,39,139,2.0820646587249185,42.85330967449174,264.4236402148351
131,49,146,2.8275528000244887,40.15514997313833,316.6577642977663
143,49,138,4.004677980711547,22.896522824479934,369.65306816168277
142,33,133,3.846726993316449,15.029272473144779,209.51376638358025
133,35,143,3.570832941199061,38.307771121483874,289.848037698021
132,33,132,4.520982239209378,20.501230941700804,349.6536532491951
144,34,141,4.210585633228502,48.494869863328816,421.99495288808237
121,38,130,4.928456963230522,36.154254918838845,370.4360273723728
122,41,130,4.5566340837326225,44.73781375333432,395.1673071877328
145,37,142,1.782625711373714,43.1967531388232,360.7229664927413
143,34,143,1.2304662620815825,34.52292036369485,393.52698982408117
149,40,145,2.6580437761772933,30.342274976615293,158.8928124974565
141,40,136,3.470017803605116,32.38794428335507,290.274501149412
129,42,139,3.572413998780157,43.10460591599076,391.78894496259176
128,43,144,2.0700510460734347,37.41577469407507,279.48117408151154
145,37,137,4.439523857794681,22.200101335288913,323.43737775988336
139,47,140,2.316985854581708,36.327429188295596,162.662620169102
127,48,143,4.676458425532574,29.163330262764056,298.62517826273614
129,41,142,2.886405605212886,17.145412754948605,189.9599474805472
138,41,142,1.041562664167344,28.344421781935196,183.69081231378667
122,47,138,1.6481652447789847,22.966053593005398,255.22830894804187
143,39,146,1.4092770266199905,44.35045868244589,301.7608071191553
124,36,147,1.1761031832012305,18.67498116729249,263.5791421396509
122,47,148,3.856069243242704,27.621820725619898,295.52401464829643
145,41,142,1.7692634922416088,39.342219345771085,282.6165573437857
146,43,141,4.354479177625945,46.40871712091058,281.0792280696831
135,44,149,2.05787531525772,26.73608485204108,232.88238120135892
136,45,149,1.129308425963366,36.225348402976024,230.638928896868
134,31,137,4.282701375900917,28.077735652443767,276.0228469929501
122,47,140,2.8645834021239485,22.100839738366183,181.67799183181148
131,41,136,3.3980217610759755,26.400123034347438,230.83686417935888
128,45,130,2.3449091545662526,37.25657571309573,308.6943284276296
140,42,139,1.1841615846225673,40.07187685142992,277.6423910056096
131,49,144,2.4807083566564985,27.971196191405156,359.0932378450572
145,46,133,3.0731454811742887,20.338621721474517,291.00085600377975
134,47,130,1.0467464141464742,19.88451293245552,225.01428638512002
121,32,140,3.297160128815275,43.44149348471423,473.6826935998564
142,39,134,4.572168618236692,37.864573233562254,312.4269401779886
137,30,148,1.871362089680105,40.481078232065755,293.9485974870848
139,35,148,4.707076644593595,32.08889761712767,328.20729181303693
131,32,133,1.390434075294344,31.00619233337357,233.5777371522559
142,48,131,4.301745400891287,22.390254594000638,197.81510525197717
123,33,136,4.3612974332086285,20.891889612549292,241.6885198460145
142,49,142,2.0310394515925556,20.386967059394422,267.90250345094694
135,32,149,4.83137363163387,49.7126026604466,400.8767745344533
142,37,141,2.666394902847111,43.731210726446534,265.48919906740343
135,37,131,1.5650243498623753,36.91453624743188,204.21532265730704
120,36,138,3.3668578033086667,22.504137082071907,212.92521393009707
141,31,145,4.986458816181065,26.818058265188554,354.3061437056456
144,35,137,4.597166195837177,27.277500068630665,276.91429140009575
121,45,147,2.11441130446041,31.71856921050541,169.8756777503324
149,39,133,3.3079463975135024,29.769887800167535,179.3900292727034
122,33,140,1.4614706387072665,47.69536144548039,241.6808616775531
145,42,146,2.8473792173483576,40.22833819009992,300.2486076635661
140,39,137,3.092280270764726,17.849183539641825,323.6916184637023
144,43,148,2.261113193324514,27.598488002360575,271.7504795460287
139,38,137,2.9367483317480225,19.653692032332533,277.42853713516797
136,40,135,4.679753832724694,24.77740942268909,288.14452586998374
139,47,131,3.000550548718923,48.561255117392726,239.32942219333745
141,40,144,4.323961242270389,39.68422408112468,363.1716674695955
140,46,130,2.2695617166537354,15.274826861728387,198.43214156052358
149,31,135,4.885616889489927,26.510145235488366,289.53192691965893
148,32,148,1.373852933780742,30.354560796204574,306.37115015939366
120,40,133,3.342346587367957,36.08755001614685,318.79220461432783
139,47,142,4.1595511806672105,32.49044562946276,321.0286827489619
125,32,144,4.256163945240982,17.44204627110266,324.6664893400863
148,44,138,1.7931244431481677,33.04416140392186,210.87608629606746
134,40,132,2.6065835547399447,19.559074661857622,223.57387619290745
145,40,131,3.4967846898564123,33.17199190560741,319.6374973075585
145,49,145,2.2635308390896665,23.612401349023685,303.5212526748884
133,40,147,3.63318406085392,20.046730467649507,333.5509744746974
139,48,147,2.51512268525081,25.07730286869232,169.58092613042646
134,30,135,2.4034652903408893,18.486772748596493,322.565099818371
133,34,147,1.4322726859616384,24.939430316193487,218.85030683318388
144,39,140,1.157011515412183,45.34264465993328,337.0028677882723
140,39,136,4.341095160048727,25.750974400722598,347.02831272762467
143,43,143,2.958177968624297,31.457771195092104,250.83608039228517
144,31,147,3.2514925328360267,33.19329253768629,218.09775221581384
145,33,136,2.488884090113922,21.24017657670603,232.14686061540957
124,31,139,1.5469681818950818,30.462456064730596,239.7991011923321
125,47,137,2.798287990764826,44.85433925539156,274.6673836974643
136,42,143,1.9158283121246749,17.81844758202109,252.31927324526617
130,48,147,4.350732187108842,47.298686762145316,275.24489987830873
135,34,134,4.947154152297959,45.488974912084714,365.95230286324875
131,49,143,4.556384541903222,44.954033154204254,423.9693250853029
134,31,139,3.1130970637025217,21.948997148466297,256.6787494857889
142,40,144,3.512526980728178,31.950975948076984,161.99892059460743
123,47,135,4.7924901709569525,36.56544146770655,304.2190412648337
146,35,138,3.1547277343549007,18.498247340411133,341.34954673154755
137,39,139,3.5543564931662024,34.489592938745915,270.62467436751933
140,46,146,3.516918014969313,44.40151247347383,334.4031620163006
147,40,130,3.8324846072498606,47.779387869164196,350.13685308303036
122,48,143,3.5611403983132752,24.74149842906113,233.9998577694981
141,46,133,3.682821592222291,25.105876286297914,233.02838183233175
127,33,131,3.903577888931193,24.475571607946893,201.16480156492247
142,43,132,4.236396918671796,20.37075255898686,245.44629484236344
122,49,136,2.6122198770520164,30.074981383545012,193.92659038363848
127,33,143,3.983335937042313,42.45640968861022,329.78184269979033
137,43,141,1.4008150366158492,39.92310242163697,288.75298871077666
129,33,148,4.504752528966114,46.5111772961286,371.3073472102986
144,35,147,2.160177231636767,27.45095189484777,203.1237608512794
139,38,144,2.6138412563491347,35.027673811432294,235.5993837933283
136,41,130,4.214441650630034,41.828742310378644,287.9852223113039
127,37,132,3.547948152364023,46.43606564302018,210.10328648315289
142,33,144,2.2345119594046725,45.511400919648665,292.1981162643998
130,34,133,1.9015964444985611,31.29311580503507,241.98400661410338
148,35,144,4.830857794842359,46.74002417896723,326.3567086788966
124,34,139,1.3511054441263473,30.541951575251936,232.38099185340545
145,48,135,1.017340434437365,46.599127629608276,222.99711904318792
132,37,142,3.6917396091454013,42.19397824131471,363.17315271000143
140,38,136,3.4578977083300737,22.757677276742058,304.1466530680186
142,44,130,3.9504558518071353,47.53836859535884,365.8834567577604
124,33,140,3.9265353264361873,23.48626068268355,241.1855107241147
143,38,143,4.453036509064093,46.79469867632971,432.54493669230936
146,36,135,4.688434361633828,36.528817430716614,356.5481843013813
132,37,134,4.1000983530315445,38.358163752022996,291.5182643942009
125,44,148,1.929171206488387,18.82667190562084,234.4824421361453
148,48,148,2.8539847131958966,17.300935995372708,251.1535095461848
124,44,142,3.566860962623556,48.891935851910716,335.0430128956299
128,34,136,3.157461075378968,26.79247040040061,384.9135790792881
146,48,137,1.6355900497384988,44.55298920689836,301.2374579756133
135,36,143,3.3570921224961827,39.65664075665337,347.418531568832
121,35,148,4.546114597735903,36.14484334037009,416.794516344175
120,48,148,2.6740688930603906,38.982348323955414,412.62454759999343
127,46,141,3.675731297741614,18.12855095740097,231.36462490633065
147,39,138,3.4637371451053527,29.433833620981986,302.5523778718974
138,48,143,2.5081725474180643,36.24767367103554,211.0909522465013
149,40,135,3.2610848285889316,45.36470342168594,290.8779817867244
130,44,144,1.840848135595444,40.01405723604321,336.21417741107217
147,39,142,3.18442903478075,23.848254333090008,297.9751515138961
131,40,136,4.195318361961517,49.472420146181726,266.84694516608437
131,32,140,4.035791078365065,37.50628067870541,231.7919072692854
126,32,139,2.4318181992282866,32.546081633274895,283.3604924204404
145,47,130,1.448340863626035,42.348258476346345,326.8986513851143
132,40,136,4.199770260159464,36.09451415662326,335.8452736833057
146,49,147,2.0601563579780913,39.849599115899885,251.78626086513344
127,47,132,1.2121750688482709,36.599663373693964,255.13235906816269
148,44,138,2.7807718408640114,21.25933084811252,209.17800040554704
148,36,134,3.9578821181861903,34.017462129317025,195.378999432804
141,39,142,4.233973361956751,24.90854037215188,334.48305239108333
147,49,145,4.928808596887736,34.96009558233551,328.2022629020771
145,39,145,1.7576307361204941,19.39262403171205,217.9596625217668
149,42,141,2.175179401842131,23.118801552424223,146.30818225552662
128,44,147,3.437961993917989,43.3052907707229,355.5493878365731
126,47,140,4.245374788464099,29.18446902740576,301.85277532041295
145,33,146,1.9363000849699694,38.582470997573,256.10391204969153
140,49,136,2.6396578014950367,32.42469718732209,314.62576970601873
143,46,144,2.6336026738099685,26.924403420194896,200.53501812367654
134,32,135,4.091746932393285,32.331133764562445,261.36427162001155
121,31,135,1.9637288227156855,43.47950512945422,363.283261062965
142,33,147,4.875034218783711,24.856023231744086,188.66276808952352
139,30,148,3.0418552505418495,29.75052641713811,295.7775407723976
144,44,149,2.1282673464212563,22.090414955710244,272.25555678065996
131,30,148,2.1371362388739463,27.291613804858823,256.1343084476425
120,35,131,1.073199946815882,45.978839816534204,289.68770253708385
142,36,132,3.76972356302516,42.500287924605544,299.16264969813614
141,48,143,4.103793210702391,28.076535246012966,226.73278178658637
127,41,133,1.1297110916947584,19.633810442180874,233.31313714640234
124,30,146,3.343738156523813,29.69895083649033,322.305341000462
134,36,135,4.126690671081688,42.01028419663388,385.8618862852211
120,48,148,2.504960193564009,16.53303489352584,226.07891392609247
120,42,138,2.7309663314187587,41.08692383628481,191.3771545872581
144,41,133,2.446499599648561,38.79684757831387,279.89408392336617
129,41,136,2.262602874265896,17.262712987074707,175.38670614699308
141,42,133,2.964566894607683,37.24741012577229,283.1008628872776
129,43,140,1.6644026405328982,25.452954643916925,279.73347046937096
140,41,131,2.762750724927436,21.2049862117021,318.70205218126557
134,49,139,4.767300497088822,28.470868295254782,288.58936979313535
136,41,135,1.109608391188853,22.1885716237466,246.67161915679907
141,35,137,1.658973663412115,43.85945574304483,303.09983040997247
125,39,144,4.110809562585684,40.970017703703846,252.71176195201878
122,49,142,1.5282283596548467,49.32635326415112,337.5902763674783
132,38,131,2.085123598010982,33.69261962481896,251.25268315368226
135,31,149,2.819355696177423,18.12220376214063,267.44037887598523
127,36,130,4.772649030564418,27.87190175758581,288.73395948779637
149,38,144,1.7340047492142778,44.352296712260525,328.19016871224096
134,41,136,4.692338376017266,28.890212379075628,312.59990219375965
136,34,147,3.8740980508514102,30.94862944727113,321.532529312609
136,30,139,3.684579646972688,29.41898019651302,282.5039025976789
141,44,144,3.894170096200128,23.238254152393463,285.60741226369356
145,37,134,1.1249864758773498,17.56183239614295,272.93557113403773
132,30,140,1.3956010442780773,21.31961133653295,211.26823508820067
136,47,137,2.3393661149609137,27.738007720242752,282.21727311550626
125,42,137,1.2958701325947106,23.59031912172474,278.2298980977635
136,30,135,4.950358837981688,35.04573199966803,268.28966275256266
135,34,144,3.3216488325807103,36.48669813191755,385.8073520018078
133,47,144,2.949374684571936,34.95231261929878,321.25474378564275
132,45,134,4.142047139596175,17.972166256627794,242.42153853971445
125,39,142,4.907836827247959,38.34011119882618,303.05539107540284
122,33,143,4.820520000339099,28.460281963857625,335.1129526230492
133,30,140,4.172259539154784,45.73555720403377,367.3926473671604
133,37,149,2.508696947843506,33.39650291449227,333.05534374475235
134,34,141,1.2638379663116268,17.958013410024083,285.7997436865422
127,31,149,1.3935079109163246,15.322633132519504,202.87594801889873
148,46,130,1.00460936317835,39.587930233919266,329.59955422148073
134,36,132,1.0076113728994236,29.01787576971948,198.57626337678417
141,46,137,4.745687195733847,25.07985557873085,296.06681872093793
148,35,141,4.708067876829997,30.651266432425544,307.7200712959887
146,44,144,3.6702151988192084,17.53375129780981,375.9072046790703
132,34,132,3.90670689688121,28.719451715992506,297.3590702228972
136,44,137,3.052833826600151,26.014491540580686,339.8009526161365
140,47,148,1.9513690243533297,43.00661988013218,235.83101697131465
143,47,149,4.657540196435237,21.119890268989536,342.5178744775837
122,35,135,2.1107658694374,41.47109162348477,252.58746778550008
147,31,147,3.958685043798538,32.51408863951846,298.96584681463247
125,46,140,1.9817427388955187,17.866078217989948,298.0628404600025
124,33,141,4.4805936721967115,48.93874919259233,316.3535775787421
141,41,131,3.604957737701924,40.69733772788888,300.4493558255456
145,48,134,3.570780082226928,24.103299355116572,305.03118855826807
136,31,133,1.3894689469676798,35.3613651010291,245.28864463118953
142,31,138,2.6778756126768064,46.497743543489015,396.490082499144
144,43,142,3.099634030198397,47.578243874666065,367.56909189881304
121,44,142,2.1761451536444403,40.59053140693635,368.7955049639145
145,49,144,4.523898447333863,40.46845541109609,320.33468439687067
134,31,131,4.3506797660448875,24.707643645843486,281.363019547118
124,33,142,2.97448364937012,49.64166829172238,320.7706399497883
145,48,136,2.3601248105764596,23.52184216933566,300.7261900686026
139,38,146,4.206169088022578,18.129225084421172,214.15842339078375
125,36,137,1.787565790164955,49.20830607720611,344.5599327335211
125,42,147,1.286065260374531,20.349591247066236,292.45197058617
146,41,144,1.1828419442877909,33.25647174232803,250.0037849843921
137,32,144,1.154733043592001,31.388519133911853,173.64701880324748
137,42,134,2.9555546258807137,44.68721082269302,381.1932849169653
123,44,131,2.021254544397441,28.883072920344212,215.03645181846554
136,43,145,3.76150048544779,32.57635109755152,223.7671082896606
144,38,134,3.6155662961620214,16.53081948032733,231.71595488990246
133,42,135,3.1680800285760995,22.274305819422562,320.7603085610097
133,33,141,2.411373125711852,44.15484804069726,314.1220824503851
132,37,134,4.401824979942921,31.74264208327134,271.8478706730442
126,32,149,3.838811013200214,23.082610200398847,257.09653237398766
131,31,137,2.086104496126634,27.91175702646698,171.92376325642132
142,48,140,3.00675464925404,24.978346807564996,327.297028496179
134,37,143,1.625084835297053,34.467728256372176,324.73510575308615
138,46,146,2.315105164407629,16.80061063777024,378.7505502559111
130,42,139,4.988560731454134,22.873944776111756,322.01289972391805
134,36,131,1.8953768810687839,27.42377485683717,263.7727460734224
131,38,132,3.793209422872554,47.48749362823039,203.35797653164158
122,41,142,1.9536745831081133,36.81473733286357,274.2550290546503
136,43,146,4.752538156023245,32.648877946438546,402.29061057200903
122,43,132,2.24053137996147,21.678820882280576,213.57817087738698
138,44,139,2.386756298586837,34.52485570663056,201.01360259301237
139,32,137,3.375439092264749,47.51533426867041,276.343448449129
123,44,133,3.352447084459739,34.82082565979704,292.0994824049936
122,48,142,3.316305559188719,20.767091993417345,241.60161513888224
145,49,136,3.293018673624963,49.89916490192442,283.3699065367924
135,43,136,2.2487475748808348,32.46001547230059,311.2046318073149
131,37,145,2.737640893354167,26.18443421849333,244.49640901071774
127,34,134,3.373733772563908,32.61816463176834,318.1529167920004
143,48,146,3.685080494668463,24.229177833382543,288.5092532420954
148,33,139,2.0125160540943794,16.063060872496823,206.7780646125088
148,43,133,3.8059002468117633,46.133245089930014,184.06587389612514
136,45,143,4.693105000450547,30.010605079244332,275.8993505053561
126,49,134,4.031710813375154,41.35124450859202,324.6946304676668
130,35,131,1.3369312112908869,48.993938296251265,237.06113290504015
137,35,143,2.876504880360084,37.14056517676356,205.43420334287748
120,32,147,2.7410553421562978,39.20657185087839,347.59181870011867
122,44,140,2.3460132480730542,48.01343316592505,295.0437154955721
123,32,145,2.965280559612013,33.07940561058004,201.73288468069325
132,40,147,2.758535093599515,26.196495726474236,270.84488869801163
125,32,145,1.0246819086694416,47.248448982869924,182.94292839335267
145,39,133,1.9462211123682795,17.41479380722783,194.82490558291116
133,47,130,1.8551285811293892,22.51127838089276,308.3562845267638
124,30,143,2.3970381649711983,26.94426265512122,290.1355784420126
135,45,141,1.6978269668972201,42.373906739563665,345.3859869926636
134,45,139,1.271205774846048,46.636550635149355,251.47239447466237
134,39,148,1.7864514201400512,30.812529241627956,253.41905533473926
149,30,133,4.41674714567786,25.014469208621676,336.79229515700393
123,33,149,4.188157363458116,27.36237535112494,199.46991471044518
127,32,132,2.768384789702979,37.97915599825273,225.73932794713707
146,34,133,4.5112601359150535,20.530249081125305,298.83362615085707
135,41,144,1.9306624724831356,34.16007750549256,169.46329315027194
147,41,140,3.336836564796927,35.59551543065029,267.09799329598036
135,42,145,1.571699502185644,39.77495126430776,272.8184243578424
149,41,133,4.333602758197559,36.13642678993563,296.0992810012735
123,45,135,1.52232622996741,18.393446751314634,225.6006371845124
132,42,137,1.1274406359137727,39.10796107023275,232.39931465156414
145,34,142,2.093776920272781,15.761160072394532,210.26726481210417
147,33,149,4.6037403573880935,28.660808126422083,293.317394010312
132,44,133,1.517828327705773,29.597202819977277,246.0111013241142
121,41,134,2.3226810747821585,19.082066869654795,243.39488265525097
122,48,139,2.2656599720487707,15.344999880238053,190.1105126586835
141,48,134,4.206585096387564,17.49066444717655,347.4232549656424
127,40,141,2.6861015991200983,30.620498683467247,260.62961244410917
143,35,130,3.4462681984587333,23.41239846887138,159.92159585208327
134,38,139,2.617532023331502,17.41431392310934,249.23388822733693
130,30,134,3.205828060547476,23.974189383166063,225.28455629240014
128,41,148,1.249762896069727,33.50878240536434,214.9870926124941
126,43,148,2.4961177525605396,40.97485936328361,285.4139207391969
132,35,149,4.420423350959815,29.4200471449374,310.144358245039
121,30,141,3.764270252728967,36.46021361318098,279.8262280725553
127,31,145,4.92731617658648,35.886763595952516,321.04469657609883
126,40,134,4.151678149504573,46.37100777058561,342.6647203933278
143,32,146,2.806038859567096,21.27879955891519,304.22371063000276
131,39,143,3.7051218307981713,31.67506552255435,333.4525497332617
138,35,141,4.103654702753156,37.114040603113125,318.7071478026033
126,35,142,2.0787346396853645,33.190281376913354,217.3946793805283
129,49,143,1.240071562462337,30.761955505164806,232.72176360378262
148,31,134,2.6233890719941932,49.07106439512167,361.36653936503274
144,39,134,1.578692648410061,47.97048420646523,235.8016509890046
135,35,147,2.1089644790500075,36.40094057685103,354.4499511904196
122,46,143,4.787381981896533,30.385149827539408,219.21957225512034
149,43,147,4.388330372890074,41.43837424572983,313.3922411123696
129,34,149,3.369855338270641,32.95271612458728,336.537793140647
125,46,130,2.6050268261294893,49.84493675055191,268.7923737622887
137,31,136,2.057321440831406,39.00780533278934,293.0589811524999
137,38,146,3.285833118874667,17.38560208764117,263.4200354421704
124,41,132,3.13264099869157,29.066872904021835,194.27943678045466
140,48,139,4.123123233526131,40.559264423529704,266.3249125075461
148,36,136,4.712080755056229,44.48292354941588,284.9784285283708
126,38,141,2.315749205320076,43.46793249905251,253.76971285035765
147,45,144,1.8251884430271765,49.20332035170527,337.061024759498
121,49,145,2.6111984637828205,32.11921732473782,308.70636578532566
130,40,137,2.7501652096528164,19.902346477392214,210.51399213759746
149,41,135,1.1594811579374498,37.828511334948466,273.03229249433724
132,44,133,4.446786128798091,17.47621175055199,308.58754417867925
142,47,140,4.982369354669981,49.073315650806926,311.8624999306055
124,48,146,4.6928347708460905,41.5486574585039,238.5046007348438
149,45,131,4.442659917947641,49.37519212493165,355.76866240428166
125,44,135,4.970401213838164,28.203854685592958,308.5789327349908
143,34,133,4.631233727899545,15.552884325095887,206.2343632882379
145,40,132,3.753470482973269,33.24513943364978,270.5271701090904
148,44,136,1.6670265950886707,19.241414496684513,187.5120703227539
133,47,136,1.6254004933474713,38.78696938421987,263.0823626245309
131,42,145,1.1951189862534108,32.414299873199234,326.14003755544206
123,33,131,2.6473234687504656,41.37064416823148,178.8124408728819
148,46,137,4.235296308360015,25.187407752339105,248.60838199137592
142,33,144,2.961183779195642,44.02079475174153,185.85264649660013
125,45,145,2.4652868228463296,37.77871909147507,243.9276816648845
129,44,130,1.436943456794999,49.56984030205941,325.3493765267681
137,43,139,1.2070132363623527,21.24949613860565,305.5136727748653
134,41,136,2.596716573694429,16.791046331618467,177.06711773963133
127,32,145,1.3997015207349297,44.786747841595734,313.9138621604949
145,39,139,1.4141926909519311,26.84579501758305,178.83400162442234
128,37,141,2.581393699882585,30.09362274025159,263.2238994377283
124,35,146,3.0113738260108645,47.39838918106753,291.4250705419537
129,43,142,1.7467315478980603,30.424388415153235,168.0151925679404
139,46,141,3.7385427450417477,25.430667671479384,214.78406813539075
125,48,144,2.6747680027312435,17.08234231023702,271.4363967044888
135,45,143,1.3676901509548642,30.50273686041413,179.5999724405665
143,44,148,3.548136498250861,37.92330340805584,233.40356821427963
146,44,148,2.4277792747805553,24.421127020802686,265.8018852021043
122,30,143,1.2092859083050649,40.12227890561301,226.59061974728368
129,41,147,4.791926318668769,31.739238181135896,310.41709281091573
130,39,134,3.2847878284226786,45.033755224063825,320.1032875396107
130,43,149,2.910881476122549,20.660811529659657,238.5502317789729
136,39,135,4.436549579415338,41.497788214276994,349.2331237899548
123,39,147,4.7469617172549,47.63934018492012,293.44621117903563
123,49,143,1.8812874726648454,40.94892776565872,174.93089941447033
136,40,133,4.240578006700108,29.207806516494344,151.7609889358826
128,45,130,4.324319707097061,23.065951843050982,311.69337726206163
138,38,142,1.217611178710396,18.44285958443664,222.05452679984523
124,44,140,3.847776460713091,37.48293942130641,285.6817968581922
141,43,132,1.251871527198308,19.999901046054006,296.70000880933026
143,48,146,3.378692985559603,44.34064054700532,325.4643546388775
125,38,147,3.676947108554696,48.625806994340536,382.6223732429198
122,33,139,2.468234753403879,19.75262123850193,277.48632419566957
141,36,145,4.5231499866306315,28.16185329227533,345.04005445943164
120,37,142,4.202046827869889,47.80452369142443,253.70063292732618
139,37,149,4.703838854485586,31.474660376296544,315.41817934099345
141,48,141,2.259558106523927,33.73956197281474,265.7956093395839
135,44,133,1.0861112002472435,41.16305996373399,247.07149855159454
142,45,137,4.245845067990208,22.368669381806704,328.28795544841483
130,38,141,1.891909423985763,49.27021747620126,259.68105320836224
132,41,148,2.8686241622682225,42.330923585268934,242.35532258386024
146,45,144,4.269284687456123,20.64806794330881,285.9929511231154
129,33,145,1.864540714701163,18.887435200907014,228.80910868358444
122,34,141,2.247635051145295,47.72339794456899,280.3293846016339
128,37,149,2.7563199453511564,38.97597299569088,289.27709811674066
147,30,147,2.087299400661764,16.34985571430913,224.17671727789923
131,35,141,2.8452856920113145,19.96955271832043,273.3411009653744
142,44,145,1.0383865779781067,16.674023582904844,290.6628400139879
133,33,149,1.8487518910053091,49.09285972466258,344.2052469681821
120,40,140,4.330213438651902,32.42478147266534,266.7055376191329
137,34,149,2.653927834052003,31.175195353166643,266.56821035690643
136,47,143,3.5456230709677587,48.45225681625996,364.17937185454184
146,44,131,1.9291517105421696,32.66225984139677,234.80202452911428
128,47,142,3.599514657794664,33.12141964359042,295.9531182801255
128,49,143,4.999895470585027,49.44340071736668,340.67216664415594
142,42,135,3.38115055758722,18.900127586155296,303.99061645705495
129,34,141,3.5134342505676353,49.50141788757964,351.13074177929036
138,30,136,1.44607929784799,20.798726493731706,288.7679234645642
148,47,133,2.6135258866639384,31.551901226526812,305.7136762216941
134,43,136,4.442899593931559,26.81647878674673,330.56063839288555
124,34,142,4.3370878946333296,48.43974370095169,348.34085671493625
134,35,140,3.0895964414452877,31.992615808742944,348.5754359344874
139,45,137,4.6138165989510895,15.80550808767959,186.0842739157841
142,41,148,1.571748072822872,22.759189700289607,258.7891083378294
149,49,131,3.632757618646101,30.078421613017042,280.35960893323664
144,47,147,1.9955343060087816,38.67366426701456,317.27978709120134
147,31,139,3.5822456204209465,34.66660494242322,279.5869280989764
121,42,135,1.3495987564207832,44.74682528078171,224.49731386716195
132,46,133,4.774436380419755,43.99517558115206,295.32266542546284
143,46,148,4.145328158361971,35.66782551828613,317.7641968821
135,45,143,1.8038462595835631,34.996022775994696,322.47262380200567
134,47,143,3.549106274288149,24.735765060264725,266.8946613481482
144,37,147,4.036582562149885,48.52670527480778,253.8196058971534
129,32,146,1.8377832873174436,17.68979682085383,302.84298538480573
133,46,147,1.3733212308559084,28.896059045723494,307.89015887530604
129,47,147,2.4071190643827993,38.12925613691099,277.91258936211517
144,35,134,1.543017364780928,48.09820850299997,299.5419861699101
133,37,138,3.262846820416917,32.553541963405316,194.8527206345748
145,42,130,2.69645963829366,46.35717642773177,335.6735609007951
149,37,133,2.8496973524036218,18.667992229863017,102.69489125706586
142,48,136,3.1714539093648297,33.60544611557064,306.01828023427754
128,35,140,4.928208583770406,26.06176959093636,126.81937053502855
144,44,143,4.170542665604436,42.84938666675829,313.36213189052546
133,39,139,3.517885979931403,30.574818416567155,253.67428788595103
122,46,148,2.4548224579173445,31.63383701491494,255.30437425819053
139,30,137,1.1082774125478605,17.267373308364064,183.09400264896908
135,36,132,1.466110442875007,30.33035214335768,242.55647696738282
121,42,137,3.923469002157535,17.82900439263563,225.74584046278716
129,32,147,2.4768157129676913,25.484674133161878,344.86760346014466
122,48,134,2.3377497433705794,19.44085141092563,204.415791413323
130,44,149,4.555913434363397,26.70683235530756,292.1922207881094
130,34,140,2.9380355620550844,22.958592068498785,296.83427344312486
140,40,138,4.598308229652439,24.981298387682898,351.35402523044536
140,47,148,4.546554041608799,20.193504403533723,279.99392336222843
141,32,141,1.3207251668582178,30.386266455513198,278.1616871958273
132,35,134,4.781451913734143,32.41517657152227,211.89463154776755
126,32,145,1.3078195344302297,44.28266926073698,266.15331639283505
142,34,142,4.854024460988851,33.85888909296176,241.01390079833226
136,38,135,2.8104596703975613,23.00651351513674,304.23235365645473
149,48,145,4.0434427030183056,40.75634938211978,381.875493450552
121,42,147,3.8245774687594136,25.403636136073082,193.67535028685847
131,35,146,3.073979897298114,41.473879129109285,227.46377001573546
144,40,141,3.477819275342573,28.55074203721356,393.65129181400795
129,43,130,4.799672725996778,32.97862719051646,272.3131220805935
137,35,136,4.709405962652961,32.631444883156846,360.6510775177981
141,35,143,3.6173042010363474,48.447254379712696,270.45528959334666
146,46,147,3.6308747157381007,20.37828603081475,287.4494753324064
130,40,130,1.9877547735673522,47.84944594954673,311.88239348162256
135,44,149,4.314493978872495,34.669600556860175,417.90948443865733
136,38,139,3.5304133320083073,49.77910034793808,439.7366337358261
138,46,144,4.304995167993722,35.05983966065519,232.05109526663557
137,36,140,3.6314096411519063,37.97316382899491,390.5387805498049
122,36,133,2.19728010412646,41.23509710840377,302.36187476050037
140,30,144,1.757925610923253,43.76262127454969,310.1993803996794
146,37,145,1.3078633768926218,31.714726341173144,298.02500590433505
145,34,144,3.3439797290405076,38.75078604794905,372.07592932468395
135,48,146,2.13620543003494,36.52090485657255,203.99376083015773
125,37,140,3.522038058363257,29.248044897537135,256.43263744206484
144,46,147,1.2346257795350861,43.727916574491005,339.94980343300915
131,48,145,2.5026522600225083,21.735699362619492,299.9323631760237
130,41,144,2.0422128614791024,20.84957489820821,206.93080467178635
134,44,140,2.4813363120044523,40.775337507381536,263.5728747985537
134,33,142,1.2171337190263483,37.311985980047154,204.26864706327007
135,41,147,3.896725675333786,26.11811629377296,293.34927162727
129,42,137,1.466789332571893,37.22954665807856,201.49855733336386
131,43,138,1.057610505392613,41.97265159447666,266.35655506629206
147,34,140,4.785156405557334,22.593816237186864,337.0526333384424
132,45,146,1.7715055294601996,35.34879461316939,274.10404700129493
123,36,130,4.312245193781843,43.86330651811649,279.8250385011571
126,44,140,4.857882399028497,29.393348844924247,351.3705814994777
141,42,136,3.1364847982750477,35.010784765018876,330.4545284394865
121,45,137,3.1044726401901857,17.748749649536403,215.41254020153022
145,41,148,2.4696689799336387,44.066405468053034,285.3588263764433
146,36,133,2.7023794591015795,42.86442291111034,281.07775948879316
146,45,133,2.9283015878133605,30.96890585488165,341.3009903352892
146,42,148,1.6083776148825168,19.173694356588317,220.4368060644278
134,32,138,2.4589468957614367,38.113957443121635,327.26824464135353
127,44,146,4.2644337704377815,35.054304193445006,211.90910277019296
126,32,147,1.7295924783258898,47.181796411513126,226.9996133061674
134,36,130,3.9194129878164614,24.793298543143905,316.29835776059315
142,47,143,3.606346401072763,16.131426252872128,268.15547302688606
133,43,133,1.2291911011306365,23.915886351670977,136.89929105852895
127,47,139,1.0897154737507218,29.97674427840721,230.30527812839384
147,48,143,2.410113850313396,20.440555386181742,194.16801236332677
131,43,136,3.7686811085273644,49.29072304051524,313.67439673572903
132,49,141,2.3216717094426462,22.78368590963438,293.7501577950919
149,35,145,3.6709332024019754,38.72512990147087,270.8545015803452
130,37,134,3.6618325721119263,30.893944022462833,238.2038153216799
136,36,140,4.226218490497075,34.4301749189336,356.4304959006229
148,49,133,1.397942458815379,47.64379973290828,380.2892768000385
136,47,142,3.3085155647498548,33.60438445782507,174.14037126680103
143,47,137,1.249988478293258,25.68292714585553,223.02230963006232
123,44,136,1.7037885610933512,22.728500762745437,287.0826069049595
140,49,140,2.30200361142457,46.2197504522577,336.0137233731532
127,48,140,3.8295569617178638,49.535377298504166,352.5464122624524
124,31,146,4.895511900016325,23.814125561323316,231.27971166551907
145,37,143,2.3700832575436426,40.26768083477915,328.0574277620386
135,40,131,3.084577941610737,32.701337004130465,288.16688906115223
123,47,149,2.0362223816897416,39.450404928567465,369.0849015468232
147,42,137,3.701958482438459,48.74751004697254,378.79801513339515
141,38,131,2.466343471801786,24.663035494743646,245.13592755103014
148,38,144,2.92638469375311,40.898109372087404,347.1777907084449
134,46,134,3.271251503402515,30.328138372126396,307.6109461803358
131,36,135,3.7449693196291065,37.83869396784971,385.65380553696133
124,38,146,1.240206645159013,29.232817055962315,226.66655449400355
149,30,137,3.2196043751463748,39.79175930580918,357.0511351803613
142,31,148,2.724656391257744,26.81255524146367,286.5974362742091
135,33,134,1.5350603459186685,32.09242841574584,193.89183070011035
133,43,148,1.8321466733254468,39.807777571554524,270.3138434216201
129,33,143,4.53556036440055,16.494737926229124,288.94547308912996
126,31,139,4.487104036400947,26.48313359458568,374.67930729843954
132,37,142,1.1333210176946995,34.116464591936236,222.50276549247855
139,47,134,3.757605964945009,17.594731232332972,225.41706169460952
147,48,136,3.2167492525494166,39.610486985034214,246.00007736521087
148,43,139,4.759263372588994,43.46504347720939,318.9044100425792
124,49,140,4.632022844089663,20.71645583466507,240.8752701579725
148,39,132,3.318247651409448,40.67120503710983,178.4576405711943
122,46,142,1.5558196852740145,37.61700471661516,203.4013518621924
134,37,131,2.8392600946772006,29.380746760208684,206.38441156451208
123,43,133,3.900657467716023,20.774584621568334,283.67527846546733
134,37,132,4.806946540359485,48.42074267994658,394.11207853141406
133,34,144,2.4553176230103304,31.240384211185603,315.75791139361604
139,45,133,4.138685903814208,21.42752082998054,186.42932249462842
138,37,133,3.733363013126895,40.13574860189292,402.2087392911849
132,39,144,1.3131711085690485,36.27642844423413,191.23714075557737
129,37,135,3.231907401145152,43.56692964652498,310.84957643023586
140,38,134,1.7340353341575434,49.863384909585655,322.5329371323497
124,47,141,3.734197168711058,16.57035081976236,218.07671222012954
146,32,136,3.440339387762557,40.87605156246353,316.94598892314747
142,46,132,4.892192366535332,49.61958111873523,315.4744704987275
139,49,136,4.741530660499238,33.83810736367343,362.57564466360833
148,44,141,1.0374913343955248,40.049571898485084,205.86747129832804
139,46,144,1.3201177206867984,30.43886802473161,232.61081754918956
144,37,148,4.076537245718245,27.48707999029799,269.49585305044104
125,31,135,3.7425722919043074,39.37603321429165,388.5361324037852
123,46,137,4.203782394067566,49.5831291437645,323.05012597078195
121,47,135,2.0672596906732945,18.20832454898599,186.63478876258765
141,34,132,4.397291075049907,29.774251814767858,320.6351170911672
135,38,134,2.7696778879525437,47.921658102565694,355.80498040766867
137,38,138,2.047633938697767,18.947940239173285,182.7715177580454
124,31,145,1.0424309903395694,37.78266590414097,361.8078346515497
141,31,145,4.485456139278375,30.0557683720455,403.1722931548128
123,48,138,3.1413753969606897,28.191234611772423,273.6729097250653
149,32,147,4.901528335007971,22.330392093073634,239.4282856185633
132,46,142,3.858725558269038,21.171699544190915,235.92261022025457
138,43,140,1.3216685739591143,33.070034488764676,232.70376977008874
142,43,139,3.3527647456085696,28.210302460557124,183.3119338240198
121,43,139,1.06849815929339,32.20405343548525,306.6831164815665
132,35,135,3.2311274168517286,21.85781105214265,282.85644361932043
130,32,145,2.400806652396323,27.25706132247221,231.76486739075906
149,30,141,3.5731833388750625,49.87461847986308,180.10252966097443
141,45,133,3.166296824985083,27.882478984023507,268.01336344264007
148,33,134,2.0454012936579535,29.444820672106964,283.7887324158959
123,30,131,1.649402436423296,15.695662178644554,215.9888819101246
141,46,148,2.6188459453669983,28.328902889768536,301.9686780914467
139,47,130,4.947345259398418,41.718696938946685,375.6717921131685
139,37,133,2.7427945621970866,33.04588786200588,161.32547001635976
134,31,141,3.9951485512891662,37.996589572398484,419.7458051630279
123,47,131,1.227894102421483,34.47932484548089,185.37645793737101
128,45,141,2.5154630576696144,18.692187113098914,202.99093743488785
126,39,145,3.321292148796015,26.625053699518343,136.73988424665072
138,37,131,4.004786053313929,39.29815787060771,280.4533507603871
138,41,146,3.11353462926824,34.17786165049717,301.897858838381
125,45,131,3.061182183203125,38.62363741482709,316.1118147603276
125,41,133,4.055627650388676,27.60631708885804,328.02187080574936
139,40,135,2.253150869275601,21.7791179525738,219.16470596483632
134,49,136,1.3624420834855702,44.04349129031817,325.6453828529908
134,48,144,2.388601884069623,28.170540578686975,239.5195093304005
144,30,149,1.6359849417977386,37.9253847929142,299.21047203492685
139,32,141,4.863776816533733,28.343622702802257,253.5395974245782
128,41,134,3.3100461899067666,47.45387450467887,330.23614648042997
123,38,143,2.7864017253104745,49.71787601186863,256.5265251988963
137,34,145,4.64820751262627,37.71250802283397,302.55416476314275
137,30,140,4.601445549468413,36.0752923175161,246.04186067885593
124,39,141,2.6627891162968385,44.42894428552995,280.8484086676025
139,46,148,4.498909448999241,33.06811283379861,295.03598223984216
142,33,146,1.2561037325720492,45.43270651830173,216.05115897293842
149,44,136,4.542876581330187,29.452840081691377,319.2301349098788
130,48,138,2.242334114221727,16.116398089284797,243.04464812238913
124,37,143,3.260489137362485,47.43066181969462,312.4019402914022
141,44,149,2.078754333089564,40.253496488096154,247.78532615801979
145,36,141,4.939198228677357,32.87684923276684,272.4516900420215
123,44,144,1.2871199333451209,48.0712808276428,283.3220573988215
148,37,141,2.7878211471226044,46.03688156055109,374.3109873753006
131,39,142,3.483952619334245,18.794909204910827,243.03089662596255
121,47,138,3.4624490093491618,36.85391057032473,328.48659207945065
132,33,136,3.9550335590593755,33.83364482076016,340.9676761223498
129,44,130,3.8976613052881723,42.17658201065039,296.2288514341272
128,40,139,4.172570820801214,25.52687762119212,316.7936364601354
129,32,135,1.9371496379587665,15.284047835179168,217.58854631811116
126,44,144,2.4820259736075783,21.48898603767617,330.65490606880957
123,32,144,2.5281324639210907,22.38292043885219,408.3870089319456
138,44,138,4.823358643640568,25.199573011122936,264.61641372142657
129,35,142,2.637247428340833,27.963749690810573,293.12101842151793
149,30,130,1.8874768428187076,39.729417787546595,323.62255717535874
122,43,138,3.529377705567003,17.598570623982834,232.485924906354
144,45,132,2.709067659300913,32.02915464813354,250.0317293479557
140,30,138,2.000320252462993,32.45252884806159,224.98799302750132
148,46,149,3.8605418978328045,36.55544249461081,366.2145766532484
138,37,144,1.7677011465909138,25.86916100524119,204.26914080335658
140,47,136,3.5334161626373937,24.09261134271177,241.7822351964173
121,45,133,2.7221228389483083,31.935971874396962,333.95857881967663
146,35,149,2.2766686573226886,38.08627961246526,228.84674240079153
139,39,146,4.783929069949204,16.560722495358327,359.2475215438768
129,39,133,2.2976300312591196,25.275364457786758,376.5007198029465
121,34,148,2.390029496599873,42.55586102266322,215.56751414807735
121,41,134,4.482553456532684,31.946633970706202,331.570518628852
147,49,145,1.516173451501973,48.313903119034684,289.703370831235
143,46,132,1.4322749985842442,45.363960524359086,350.2197796642671
136,43,140,2.13083113633801,27.03807425456983,344.6036730710004
135,43,144,3.366543693097839,40.41948484233298,242.450282775693
135,32,148,2.537200640440552,24.600797015452265,316.94557502470906
133,41,143,3.4342179233427004,21.13537714510304,298.871733354583
126,49,145,1.6390025241777386,45.83571282562471,294.5124566113651
140,47,135,2.045803395069388,27.25872480133583,301.89735634319294
130,41,134,3.2606493352498864,22.119631493402192,350.32703608801296
143,31,146,1.8685968090349294,48.77417748770894,272.2309547314078
120,31,145,2.6912185219617797,16.08600822016758,203.25102666771318
130,46,131,3.2905915079667585,27.841477239843094,363.25886073361244
142,39,140,4.894603609123658,16.34462629685249,205.02098822862968
140,47,133,1.3195466315103728,32.643510392378765,186.99225125935146
123,48,135,2.8416559142836197,29.041139739872655,277.12001851929233
126,30,136,2.5850838429685234,40.22341052305805,198.1295907499054
145,33,146,4.296964997804712,48.39120710419749,367.1722226749373
134,33,137,4.601188476113737,33.189109370027744,312.42639602130913
137,31,130,4.62805267412546,24.988985210605364,283.19919268102717
131,48,144,2.500557252166375,45.52614735821922,327.63907627751587
136,41,149,2.218620587581928,36.15889232632945,333.5970753701092
120,39,141,2.7965490018203387,34.37195911751331,332.1795738421771
130,42,144,2.375945223887212,21.6001131556704,229.2578129803055
147,49,144,3.875403922272774,16.42070297148884,238.9619830612064
120,44,138,1.8542841945183302,31.14917306914315,295.5653756452213
134,32,145,3.634736336295525,33.481642443154335,324.06279790940835
147,49,131,4.707950132418004,19.448280372379774,270.88050865764393
140,42,144,2.1196542787844397,17.07888201491677,298.86133425433235
129,37,144,3.7075624663552973,22.56281224246991,255.86838754497364
126,36,136,1.5742444862295133,17.20844103905937,272.80361134377335
121,37,142,1.4855357683890364,16.964839339641458,161.29932150606714
129,47,146,1.462577912259464,30.545818029738513,400.95620550938037
143,38,140,1.5541126793813955,43.358546487743794,324.0167943282877
123,35,139,1.864659481237768,38.239587968234815,285.7500824733201
131,33,130,3.2513219824071773,38.7794780047378,403.4507574794685
138,44,143,4.067942594462149,24.185279731890766,222.77145104520315
145,34,134,1.5074280948436631,15.38864647289937,194.62104061584463
130,34,137,4.480059762362899,30.772630697152934,316.26598216279166
127,36,130,4.370865137720903,28.199345315560855,316.0397048163534
137,38,136,3.909552106011566,48.15322497427633,259.05087771956147
130,36,131,2.7038631978458922,17.52068293327714,158.5328528022436
130,38,136,1.0062289393021033,42.174676299676044,159.13514809828962
132,49,136,3.939059765201187,28.489566215188265,303.581921478275
122,39,138,4.515944578705758,44.03669396143053,295.69748954033196
131,33,133,2.341145504687448,32.32177637144828,285.3374425124717
122,35,136,3.871950244884475,43.71756329908515,286.44082230885795
129,43,149,1.2481904574451268,31.339692885356573,297.74225883987924
146,38,147,3.837979485886571,29.065082798286994,182.6425595541312
136,30,142,1.2732340833955722,48.72979745204545,355.0120053122866
141,46,140,3.3487453435547283,27.910033295611658,398.0053708201295
121,42,138,3.3902131435811746,43.18550096222759,219.58932495354168
136,36,143,2.208626217695278,17.34614108072138,306.245520835334
135,38,137,1.316490908306926,17.19270163146278,186.12102435361328
121,40,143,4.797339098849749,30.3337867797078,348.0723866246317
147,32,146,3.1423096160664525,35.49495607184468,270.9137700609237
141,41,143,3.3190325004954504,36.29865446734166,211.03982465913973
149,32,134,3.4600835561218948,16.273513024763,334.5601561972018
139,44,139,4.56419170770462,39.38589839015556,286.44357020606236
125,39,135,1.2410225781870303,19.547410003749075,299.01312343782587
147,30,139,4.573151071410131,48.43707429929026,403.3512839137195
144,43,140,1.9587060344450964,26.674206413698734,212.87289108832613
148,49,135,1.3118009983853898,24.150576101985294,295.47173298989514
129,35,139,3.6290634085253255,25.19431060792843,298.6754769282574
147,31,143,4.907902577026734,47.807370412624635,375.5428091860067
129,37,149,1.2289682652263836,31.899442368126884,286.4769084196915
127,30,132,2.7044872721494637,30.213791270716705,198.35458484922566
120,33,136,3.119138101375143,34.806437634034864,269.87697349013985
132,33,131,2.0084758564139604,47.576666606434195,277.4513905346916
143,34,136,4.931488596611873,25.79189520253977,253.7795495762913
128,49,146,3.5638528584153097,21.328700363692285,262.52221163830444
141,38,142,4.377402691386846,35.84218264734373,252.61886930236693
129,42,138,2.6631107278868544,32.20861703007732,269.6552387910237
134,47,142,2.415823548579271,17.168889292558227,270.2967409756968
124,46,144,3.212631579524369,33.26780637036044,328.7272629120582
141,30,142,2.741113770506559,34.68462566642497,279.76665211253646
135,44,146,3.859792220547178,39.29527135622588,258.82753802363686
132,31,137,2.063272360847179,49.843972785733946,278.62193718446196
141,45,138,2.7983641243695985,29.755333197532018,269.5902548726474
144,49,138,4.580530989176239,32.857114554558905,217.1213899919519
139,34,137,4.024431601373317,17.62508092088707,248.34236880076833
137,48,145,1.6722806600715776,44.105582364953506,265.17031953828325
130,34,149,4.54745931756639,18.43545290459121,169.0776956420947
146,31,136,3.3560663617807522,47.68405078026924,263.1977591021166
128,36,146,3.7171487330899327,27.197511969199333,324.0966907817377
135,32,136,2.1770262633970643,26.8153863805642,291.5532606894267
121,46,135,2.76617705454263,26.50131432432292,340.61173436816847
145,32,134,4.227249915625004,48.26713585413895,308.5932910269445
144,42,146,2.3227048750527284,49.30377323750152,315.2397706052032
121,36,137,1.660246462040773,49.06341458636219,315.26626624438427
131,32,130,2.5132196519339223,39.667550250151294,386.66577104183443
127,44,145,1.2768746696375524,18.887035591595286,247.63731031398763
128,47,146,3.871425833939729,28.52267794945009,284.3896705464005
131,39,132,1.5909836350967912,25.125822488373686,241.14730879227727
145,36,142,2.140503628243379,39.79363384527497,170.73475861823673
128,38,137,4.524324022215568,32.242906992854614,253.54294959120006
129,34,145,3.1619906318270843,36.577547207025034,294.36321865561405
144,49,136,2.2853537623859026,15.305587650633578,238.6357025925397
121,37,144,3.190667560059543,42.400242173289946,304.7140400581764
135,43,131,1.8731106385275575,48.321814283956186,240.197032855123
139,33,131,1.1006925188224406,38.42806512629431,279.973166680538
126,49,139,3.414929915855212,44.81780888625852,323.88814423510286
147,43,134,3.856503731138917,31.73876360420804,355.1001861348359
121,41,133,4.519127061783918,15.707282775103495,318.7698122194829
120,31,144,4.087533444258895,49.66642278110244,291.22639166277736
138,42,142,4.7067108019820605,17.059125249742486,244.2207778911448
147,30,146,4.943813902171481,21.747097132315524,308.5035324401548
123,49,130,3.979741790983193,16.835405270472904,292.4751609833769
143,36,147,4.471693203321337,36.87354401851448,359.12825894578793
141,38,144,3.694926012912739,35.41308159445239,265.4649695603985
146,46,143,1.6837511648330765,22.338437896109838,203.67581367029547
121,42,138,1.7268097052891398,48.48286344551513,247.1637344729038
144,39,141,1.4410378252610525,46.97202035053845,362.9312095160076
133,45,134,4.771898879974094,24.793352050697187,322.40898079613964
121,35,131,3.6910067913575206,38.06026674254845,303.6934817071126
148,45,136,4.159639001862098,44.933166801122304,378.8926821167714
134,40,138,2.324629347297457,27.592933730889225,315.95461825915555
131,49,147,2.8416868403070312,23.875387173700517,195.55725384316995
124,32,133,1.1591181273467712,23.96664798404954,286.2576319270033
147,38,131,4.55602960174039,43.71597706351285,410.0597073130634
139,44,130,4.412013717646433,31.20745761039054,207.27988129820534
148,42,141,4.139245339457177,40.03683111210681,420.4936140755277
126,39,142,1.233208270724766,37.76052759527252,232.9955923831757
143,49,143,1.696998942309735,25.717899620910302,319.5799568226535
140,42,134,2.3366826310178457,22.28268460704999,191.5319159065729
129,46,132,2.052250701366687,19.402492856231678,318.8702657605644
133,36,133,4.353839354124275,15.835996645023764,241.3028373319816
133,35,146,1.7793430328024797,17.843974594254213,307.6953898918168
124,42,148,3.128497861355898,23.968633606098482,244.0419254851323
137,46,140,3.285524391277249,39.97598620407247,277.8786560742715
143,44,137,2.700047388650149,20.422162766686306,277.3402886051067
133,33,141,1.9627517269218369,33.318838154046965,222.82546150490816
121,44,147,4.8411771635245255,23.579622393109357,275.52257965864817
145,43,147,2.65359696907609,32.9133423624465,300.67117182617807
131,40,138,3.9092399821466595,41.250391141327185,238.91070547694292
141,33,134,1.7361859506249155,24.30933953098406,187.1136413860688
143,32,146,4.291244674144913,27.17645841067931,235.74973289856428
125,31,142,1.863567292934667,40.30501987854139,220.97920958617837
123,49,135,3.7012264942921047,34.12183335880982,313.0146242878622
132,39,143,3.0259840058900873,18.309831925854066,317.90490339947854
123,42,144,1.5862285639257059,41.535399423639674,262.1749334223124
141,49,143,1.099796784624309,24.71036473988447,169.14753666104318
133,47,133,4.722993061527223,28.47702070896549,282.0271706428795
135,45,147,1.5027620542581595,23.581192350151596,276.75605747059257
148,40,130,3.8198057147476594,34.0174957165132,299.49493949808357
123,39,141,3.6107398357879363,39.771890591861805,290.23024070419876
143,38,138,2.366880169794106,43.11257264936867,348.28214710435816
144,41,139,1.7415315982189141,47.274279688934925,146.26816746823323
120,48,147,1.7133129978216592,27.5725828078888,216.0417757255305
132,30,146,3.341311412200956,47.64149807333094,285.47630976284375
123,47,148,3.187685178496182,36.59341604996819,288.2419965209231
139,43,133,4.503740081400928,28.63580903973705,329.28981239934046
137,30,145,3.560012313647745,46.05529170442367,358.4210779450705
125,46,136,4.277099904322099,35.28703268553123,245.1941722315145
122,40,138,1.129652249810435,30.899923503791957,229.16817523253962
142,49,137,3.6839725881143806,15.402554261449755,275.994118680252
132,44,136,1.934834553718484,40.11277615320553,330.1213675493915
146,33,139,2.0113558398628406,17.70717981445946,288.64158487598723
135,44,137,3.882306116357364,25.128748980767703,252.1574939984822
146,43,146,4.173731835299764,48.65930198806123,382.2166908171549
124,30,141,2.4869419005542106,20.432458679306798,272.1169977365769
123,38,143,4.160307267473225,25.91245245556361,289.04681202447233
140,36,141,2.7749787014094225,47.63187759318036,294.96148445447784
127,40,131,4.430581393481523,26.818933633740578,291.2962970555763
138,31,141,1.0996150887143705,26.503624144378136,227.8907406995
133,31,143,1.3339802832594025,37.67841054143597,269.4370224582076
126,35,136,4.105407229070726,19.597503395269445,242.95759715260664
133,48,142,3.496358511321329,49.04630984045002,348.5707165652815
125,49,133,3.2360810145420733,24.625792576904015,201.0013747703221
131,43,130,3.4559152293542934,42.499109120272635,266.4556880800971
135,32,146,4.720762509688603,25.0665022507617,287.0962239568622
136,36,132,3.6221481257522647,24.638034329997275,197.95330489740442
132,36,146,3.589904466639344,17.012944782114523,203.2567583672028
142,33,137,4.037883518824911,19.176223090176094,357.97894324852666
133,34,132,4.466482822559307,33.268855830664855,279.90022666974085
148,46,139,2.04764991295342,35.18951137381649,251.4108407463273
126,33,131,3.466995436933216,43.55452323724023,246.88678768801458
133,42,133,3.335899854209901,17.107531637607146,400.19789687998843
134,45,143,1.53939792599337,27.46525649861677,218.10923815433537
131,45,140,3.081267895642848,22.00555977288377,286.79856401592826
136,31,143,1.2782020589618615,27.52571287526369,236.11892673329305
128,47,142,1.7398383496093586,27.40073331876806,276.18350258157943
141,30,133,4.651852327672722,27.399791976380374,249.54393577012345
134,47,131,1.476972726169374,25.837170183293537,250.29106016106667
131,37,131,3.315665199387178,41.739233418588576,281.6153144540623
121,40,140,2.2939227839722944,39.13972004345334,171.08881710018318
124,44,134,3.22125316290645,26.951423001528585,290.54234446928785
132,45,138,1.9398941698096124,20.127083584695058,183.20363855146988
146,46,149,2.7775178187106406,33.13981285693473,326.5037649050836
139,46,146,4.469333732593043,47.1596667106698,353.1219221103332
142,41,141,2.5048679112774255,19.324576930096576,168.60956044702112
127,39,147,2.4121237520037426,41.35604467824642,285.85635512960374
146,49,132,2.784472317078661,35.97826717469415,246.75989503073367
133,35,134,1.401971376977261,35.600654376549556,228.37481748825348
134,37,149,2.5493880983522197,47.71300105659169,301.9981423726419
130,42,143,1.0276010025126623,48.45792055542095,263.2377152702667
120,31,145,3.0135885805958074,23.534390859953024,226.36309640952385
140,48,148,4.391764316605718,43.29669614528288,273.7145556639849
122,39,138,3.2082924157905275,36.72797298537277,239.07971378607112
136,33,146,3.430900712824078,29.309595652630534,300.93145652444815
147,41,136,1.1222534850390655,38.296745843958504,231.92434384505856
138,47,139,4.438059920464301,48.45883716972755,406.9706328523366
133,36,133,2.540014211201034,33.090636788958996,372.2367928341975
141,49,139,4.899410722426827,47.902794280959675,335.78448821839265
149,33,132,1.48186147812104,37.501053248808354,314.6841955709266
142,36,138,4.77868753914095,31.901823428156877,250.60720037020636
127,39,142,3.537163625345292,37.54596540739985,232.56434048434687
132,44,130,1.2093612011623764,36.0889365771213,214.1700559262656
146,41,144,4.8867963113469255,29.75940693276216,306.2320279721562
139,30,144,1.0554922725810565,34.686112021029494,216.30356181010802
122,49,140,3.9228006747639648,39.61370355363774,309.7638744589394
124,47,139,4.558119793552379,44.36032023434547,261.25283992626134
128,45,136,1.7032462169206295,25.65157575379515,274.5116400639902
148,34,130,2.373428762791234,15.512677445150334,268.78430175500785
125,48,136,3.244917362155441,34.29262656637656,257.465444001444
144,33,134,3.719237143379852,32.12494592269044,273.36479528114296
141,35,145,4.487503471178377,16.896958112096875,268.03289833405194
121,46,137,4.044281883513223,37.13772435060743,261.1646104093092
132,36,131,2.453324575275751,47.94901250700802,341.7994783627287
124,36,137,4.286879247146674,29.07811251003856,361.84450889521617
147,38,143,4.8643068843480535,46.30260662294333,330.8554902326152
146,42,133,1.9079447249665442,43.458547536714605,207.24589052659965
144,49,144,1.2963823738177176,20.660070075598064,232.0770301675585
127,43,136,2.706478927767584,42.55479421695493,319.182493750891
142,45,149,4.525588415830203,33.084712853878465,353.5818417719444
120,38,137,1.601166019516779,47.151998215096185,250.74373566126556
139,44,140,4.54319275152804,21.62991824107952,227.42919130541105
131,34,131,4.968852094944666,19.376625624516624,217.87549510974935
142,47,138,1.2160089235326255,23.444813984320355,247.48060593701837
130,49,135,2.9810254954219357,17.08693486565554,195.98311847628602
126,37,130,2.315541978853001,26.20280345911442,258.8073732611497
134,44,132,2.574719419725244,24.90531143044889,175.77734696420805
141,38,139,2.8065390093852343,29.567528476822574,297.33102529168485
143,48,134,3.958815825804759,31.204202102061814,314.5240455305701
130,35,141,3.365198812684705,20.065219198028803,315.64063867297415
148,33,130,4.844804352867121,36.67808750230891,316.46954352267113
141,40,138,2.331058396958136,22.824858958349807,181.22288237275498
145,39,142,3.166016329930971,19.267503413118654,292.098885593201
135,32,148,4.253314123734788,39.80838824363563,261.340596466241
122,30,136,2.4921136679747207,15.795734221899764,303.48141720250527
139,41,145,2.8611968024436383,27.892807922550844,331.0760223444621
133,44,137,3.739898210740907,20.05411478012065,203.6905591917589
122,44,148,4.4429768744172256,45.89774456982056,247.02084551864098
120,43,136,2.662725881695315,43.85604386697679,367.7300724109923
145,36,133,3.1278018885869603,17.118434582582893,255.78188858772205
140,46,139,4.900489141163356,34.26578744090668,316.56723816912
134,48,130,1.169876647788016,25.337443912601984,75.05545395909553
120,36,146,2.7929148666381782,21.73909384260532,214.58789584065184
136,32,142,3.543927404516802,25.903852264226025,209.32747746790355
121,32,148,1.0337098302485006,43.55605757476454,238.23554986332522
148,47,142,3.387146006265658,17.02493798072569,323.6087747335266
139,49,138,1.224799818652036,37.68816844274842,297.4581313825273
125,43,134,4.430233586592733,46.96795508630928,282.43231321433177
127,32,130,4.228344382034264,30.681972159224078,246.60645080577928
148,36,131,1.129020547194385,46.55298755659334,311.25910584504487
135,36,140,1.1952160982295044,46.73801501759814,302.34508393790946
138,34,133,4.01445572624641,36.33585202078581,334.54751082289323
120,32,138,2.4781795703132414,30.954418670351075,258.34080077045655
122,47,134,3.3001031517532993,40.81822771597032,325.10708508409124
147,44,134,2.0813130790615357,47.06779234895416,252.79702320509722
122,49,137,1.691875504416399,38.8012370543383,287.62153749701537
124,43,131,2.184308470190246,22.336251318048145,221.30235975446382
146,33,136,1.9868548008959523,43.70195112588448,319.3960046653702
131,37,146,2.7932297529573376,48.303667593845745,270.7260049750886
131,42,140,3.986704661150745,29.359620770995303,297.257506143357
139,37,144,3.2165176317078266,39.4156386909198,364.0816636243783
132,44,132,3.436713231758874,33.13582221625037,312.63673570384907
139,46,142,2.880314385832337,18.920321543643524,247.59904037549856
128,34,147,2.298934560811265,27.24447050044258,283.596305522767
126,49,149,1.5740353014419517,20.73403629723712,287.04001740953106
123,33,149,2.418261836456004,38.57506754247929,311.9377287232791
138,40,132,3.6607944648554605,35.373314469654744,365.4790420252207
141,47,131,3.9351096916952817,16.17370407292702,341.98437194302477
138,39,134,2.876726175632854,17.15624199929117,192.82007160131644
125,46,149,3.5799890983321827,24.127736877688122,247.36350878671652
146,44,134,1.842164327537009,41.07008362501202,303.77825378218427
132,35,142,4.440265282895826,19.43926350211717,183.72784029006297
130,45,137,4.463745802705699,22.16709353704381,291.66147475589725
132,44,145,2.2813117090901014,46.76692382041051,235.68188284600302
132,37,147,3.1908489571797087,34.11481266108499,255.8331021657764
147,38,145,3.426648113660877,36.729737486702696,162.02124905037732
144,40,130,2.88972015513856,30.95181508777778,348.02384900732505
141,31,137,4.644568614231149,25.491984668231368,291.6914563097086
147,42,131,3.9588677871727285,23.719559986304574,326.0750848466648
139,33,134,3.6900419704349305,35.62268551914731,329.03047349346156
134,38,144,3.080372886142829,31.48413538103225,369.36308990786233
140,34,143,1.3393893197549693,29.106159325650367,276.0424806050881
132,48,132,1.4312855104803863,39.30348075240204,338.13344379552046
141,32,136,2.196035448976077,29.14539553794467,311.48317765328636
130,32,133,1.8460890734756537,16.28556333277427,260.24594888066554
138,35,140,4.810123887631978,44.3884476668264,324.0838645818449
127,39,141,2.6392500746069283,26.14412043228285,307.5465062074292
139,34,144,4.506421754635008,48.12406072210946,355.80431183336543
127,32,135,4.2723187346649265,45.784533265875034,278.1512587962839
129,36,130,4.25028109094838,23.187068548510037,323.6098432542743
145,47,147,1.8628301005874062,48.791485521305525,246.88871003922418
135,37,143,2.7892872520032617,44.87462658123738,246.90363920568507
138,30,136,2.271807966588558,49.475575877829066,253.801457890966
145,33,139,4.881644015355679,38.72819592993781,278.15275132904685
142,36,138,4.506977205182681,47.57543622354848,349.5550351952183
130,43,131,1.9996946438923722,39.153259271810015,314.0419422545814
132,42,137,2.254081443240646,44.92826866578119,305.6982167006544
147,39,130,3.115636950311298,36.36502524377924,277.6611382791483
128,47,149,2.1144231405255307,47.52110304029868,376.35635412419435
139,30,131,4.298119866347645,33.13304169703099,202.7416887878171
143,33,136,4.276925111619245,40.77990539806936,261.981491687533
138,45,145,3.8973617513170615,47.093615823261224,328.62559910811433
135,45,133,3.7572408190241724,29.783654156036548,418.49842428196933
126,47,146,3.1892060299797658,15.9240726216264,240.7579599525325
138,37,133,2.388449028433269,18.956648987810805,239.71083656412878
131,39,132,4.34775381109297,49.016900461247715,325.13533556761314
134,45,138,4.435328685007089,45.562088942834166,374.3560551316371
142,40,144,1.1980378754566696,31.919610392871775,284.5746865333937
133,35,149,2.594477655696317,48.631479422391116,349.1725439838052
130,30,132,1.106510321800898,21.496194102146774,219.87659368709322
145,41,141,4.357909578798539,18.88382286240181,313.94036271328736
129,35,144,1.7083729860881673,36.050402727036015,193.4402238945758
146,42,149,3.695467059266131,28.37421039621733,297.2031507281725
130,46,137,2.42950327077748,26.891937258495233,260.3247627703808
125,30,141,4.264261812928661,40.69531633076841,298.05040708670776
121,37,142,3.038747601015058,20.25045972221025,255.36485415893128
130,37,144,2.297607697806227,42.24571579765405,283.0946814528574
138,40,140,2.2954826690029617,27.58073655769688,299.8272568563772
125,43,146,2.3077089696863116,49.53581452855556,460.8193504846819
133,39,141,4.1543168676772115,43.30611304145046,324.3312177229914
139,44,149,3.844462395306694,37.617824673433354,229.46123286192608
125,36,147,2.276856429386132,23.030619447693695,228.32029263214724
136,36,145,2.960832355774412,48.47492610048909,367.8222959309256
129,39,132,1.3046135421173015,16.151851391848506,191.32084907427924
147,33,138,4.310001073437693,22.81724230032669,254.96649044276555
120,47,136,2.0638192377749838,16.28714981629923,201.91610647264835
122,39,148,4.556900567354788,48.82806629096369,288.1341385144257
127,48,134,3.387186772051704,45.50073318761091,370.8765188043166
127,43,148,3.2712806488641695,48.3237683030491,398.6951834555431
146,42,139,1.6508749692568863,40.026224501830626,269.406196706312
139,44,149,1.2781414383600658,15.959842302887939,226.25194893282236
141,45,141,3.210466323927307,47.60257141139721,236.46248986806842
134,31,137,2.871956493020896,29.733347008828588,277.2940328847297
143,33,132,1.4787321343090505,27.887030416916083,259.5528409520916
126,47,148,4.342350890072747,24.94463270288784,256.0913885104999
130,46,140,2.66896047670286,25.037923954930346,267.51148474241626
126,39,137,2.041831201563548,43.02199932066199,235.07306102374434
148,38,142,4.153088372585554,23.97328174291956,343.6658380401933
123,44,139,4.652256627107748,22.7756720103481,298.1051207311769
144,41,147,2.2238508127561607,39.43068697435989,269.6634031189223
131,38,141,4.103799541606589,25.061207311423775,297.1190777281019
145,43,136,3.6100786280340538,15.459582817857655,320.536001363056
125,42,140,4.958911135016367,47.61182354768296,443.3333447449304
133,35,139,1.8159708296449102,25.97473604442244,269.48209917580203
131,48,132,4.842715978025818,41.753210815383454,372.48794663494044
130,33,136,2.2610882268395587,31.41455645625189,372.1725077335646
138,49,133,2.647817192283889,19.692793649476073,244.96340234500587
140,46,137,2.4353032565821393,38.16748834657616,208.89353560874133
124,48,137,2.0738027883535035,23.10459394371705,245.5459926407267
133,32,135,3.7728903257211743,25.077125622726108,249.31773214785122
140,43,142,3.3565812829033783,16.134222742191977,249.77079294596274
143,46,141,2.222767782768386,15.574117253979743,197.54866805965872
135,42,132,1.5288498260731052,32.97668100250249,321.7587643153769
144,38,135,2.269502550932827,17.022821810886427,179.99044984351684
132,30,148,2.5249252467353993,22.329615020149028,221.02278865297242
144,46,140,2.5226137724842803,47.33325031184852,290.86701259586033
148,45,133,2.429038135050362,17.89994105105199,173.2303572590711
141,47,144,1.1948900248925476,25.17763245175947,233.95470345072474
141,31,131,2.856132431606068,40.428485674835926,305.42038846015447
144,43,144,4.344832388981228,45.951378061222144,338.0337221563061
139,46,146,1.721465167434074,16.61739023311691,248.97479727688275
141,32,131,1.582629373709811,21.490383179326884,156.95509343055448
123,31,136,2.8874042209792448,28.57592040483318,312.44394850665003
130,37,145,2.482412048600046,27.63479823210818,202.01927276421168
136,31,134,3.2451225628542035,25.09840071819037,310.0662977612813
126,31,145,4.788297238651957,23.48076566124238,321.1824097183126
133,38,148,4.043545001331219,24.403059217021564,386.612773849463
145,49,131,3.7482326127251913,19.66989520242624,369.98053330344186
130,35,144,2.6637477775747147,20.71643178879994,288.3921083023556
147,41,133,2.1494393455265395,36.236841493662425,299.28044813380086
141,38,131,3.1610564131835233,25.226689261622674,292.3514253759162
128,36,139,4.541774110645129,28.988984463166588,204.8770089433015
142,41,134,4.506970042045486,29.418823674721047,174.3054438303815
132,34,147,2.7820597949968686,18.84081238488575,273.41006519995176
142,45,133,1.9848814129461463,43.68228264497702,233.87252173291537
137,34,130,1.9013778010035027,48.47258836853868,243.82704588054352
147,41,147,1.135953667037502,24.223965005230866,122.039145362736
130,49,149,4.3706569851837855,25.30435650002891,267.9510740281681
134,38,135,2.059352135333152,39.26038346263752,231.80394994748977
144,36,149,2.435996564024667,17.820593343239565,212.11188135934674
145,48,149,4.236864563736258,46.756302752015586,328.2699052352754
144,49,143,1.4800962070916417,19.220625753105733,218.68907340577783
141,40,139,2.844936315257198,40.622186481865086,325.96176216520644
148,41,147,1.4893655196853315,25.203027657416087,132.0034461969449
138,32,138,2.7673942780452983,26.314265139809912,215.55638143712824
120,46,141,1.1885582945149311,19.92956258506987,268.9316996549521
123,36,139,3.0704913040538204,37.62182401475346,248.06934184000673
133,39,148,4.182838876285555,42.82480264210843,396.3099768575069
133,44,135,3.7051866991646016,48.258455141522894,319.19379759812597
122,31,143,3.036676038309602,26.604230212104206,269.3596733044849
149,42,137,4.315034848596621,36.741331856433945,288.537355688825
147,33,143,1.911151899836772,29.524753189847363,257.10400212177535
136,47,140,4.323185139937115,34.524528545927524,227.83876562845467
122,30,145,2.1054539183527043,20.702610522948508,141.50224188835378
135,31,149,2.4499453648030474,35.3613511866501,211.64216857228848
133,31,135,1.5137208066419698,44.717879423044636,242.2162360245858
149,33,144,1.4070190254488755,45.22786039768336,229.4232057424706
139,32,144,4.72844607514232,31.91862646619683,279.4995989993251
148,46,143,1.7599129887399094,23.251126290625947,284.3274391047392
132,43,141,2.3331846202477906,44.2837640926132,164.69076479020296
134,31,131,3.1166067957997328,49.97999808913631,312.8805229337206
133,45,137,2.391468530412514,28.20058746738517,284.49453773091415
143,40,148,4.480533133515117,47.352904680789074,401.81038787603626
144,42,143,4.602859053787089,49.421104344668976,385.700399376154
138,30,134,2.3039618295740825,28.846465003073686,298.89196809158307
125,31,138,1.3681107846668539,40.06995459326215,213.41073594432913
129,31,142,1.8406329360287081,35.3382376112674,212.94769651947882
146,34,138,2.8975716829402556,40.27677910438493,185.64139870051613
134,33,143,2.1539241689349113,20.395345710718285,329.3131750138549
140,41,134,2.81388895012618,27.835194388000296,332.0294498292083
141,32,131,4.03481399888349,17.197931426359673,280.44245583247545
139,49,136,2.682553735102754,36.46256478614936,252.0100328475824
145,39,145,1.7879898248317545,47.4343750115953,326.1516954347443
125,49,140,2.4318705623397294,34.60991359713489,281.42050488660794
142,47,140,3.9719248725941325,17.461606718560105,152.92900799844347
144,39,141,2.6962484808551115,47.563208996470316,257.2529748253364
129,30,142,1.9981514118841543,19.65377187262622,255.63723538438674
126,35,137,2.7096465568293273,45.902950016389354,315.1636781603397
141,40,145,2.819226750730639,39.997953601303315,329.73828453942076
136,31,130,2.185508819108193,37.272871434512055,178.10864665568488
137,36,142,4.9827403567721555,35.53966591687385,332.26610091499185
136,49,140,4.070504075554629,19.590222519451103,258.0336340583941
128,47,133,3.7698199478163725,32.529531333115045,205.891899079013
129,48,133,4.419467938280576,21.88425634239219,285.140992598003
129,33,144,3.6656767830617842,35.01243552340582,278.4544522744124
144,42,132,4.1639213722204484,30.657031054200218,347.70959066871444
126,47,148,2.650102578074892,38.78864466263231,293.7171343484266
135,49,131,3.001487079637311,49.38739604517734,287.44225273622453
148,42,135,1.1879855332113975,27.635539126550277,235.15947896112996
137,48,137,2.122585565635263,36.5849723718987,224.6982788757684
125,46,146,2.472049636933264,45.25424242867584,352.038456210565
146,30,134,3.501880901677319,18.252432174281875,259.8016102536972
139,35,131,2.8568451391756136,43.00861214436062,216.10210635529148
120,48,141,3.4313530496931977,23.379873975560614,322.37370353610453
120,49,134,3.853309338055527,33.909660650679314,261.0774395986005
131,30,139,1.170874670670682,49.702550348724436,214.69245882612546
140,37,138,2.033110988014458,49.4418227568891,286.0398619388836
147,46,149,1.6836154901789295,26.05291738185582,171.2004609002715
121,44,137,1.749820476683885,19.61170346573883,167.09168264380924
123,47,130,3.012501582527966,47.8364762867013,371.41627926851834
136,36,135,3.959915105999701,46.27353022496244,263.6781855294857
123,45,140,2.0911081357015093,36.56111636830961,266.2136359416496
130,36,132,4.297796952542849,16.13436360931332,239.02582866062028
141,46,144,4.5698260688342955,41.29481134321625,270.83214630195766
145,33,140,2.4021354880814094,20.629932463449048,239.55860962640793
123,41,134,3.725426155816901,48.00574450951774,396.85004512292085
120,42,145,1.4681971763404325,30.229412442897804,204.68979430629003
126,33,136,3.9761131419432876,36.52904628606728,252.6016964077921
149,30,135,1.6600955019064751,24.83779785119866,204.70475117657168
137,30,138,3.7496632150840834,31.627655884372476,288.66922933565496
128,36,136,2.6876000138407377,41.412242612686114,264.0345857810136
148,38,132,4.713825286474163,32.220579686492115,332.05280053860054
122,30,140,2.857842327329589,44.65190653141283,265.11560078148517
127,45,141,1.1236112698703788,39.95596025998506,229.8339162510595
148,47,140,2.922676144983588,17.707585030659118,298.79429911088556
143,44,131,4.181994975439972,36.239239150339394,297.41738357656163
138,35,130,3.5883373235473996,36.440980143111005,288.83676107256133
123,31,131,4.8652607864586965,28.331442333687903,282.1193901306237
137,38,143,4.373089960258984,26.295337463958496,284.06572114690044
139,33,142,3.1062066515902518,17.20106579036068,169.1401568877627
146,42,134,1.8260822624215924,30.615476745349497,353.66163244740153
130,40,131,1.0150985192884923,26.780876024801135,196.42888717676666
146,42,148,4.922009588005473,48.28719833894878,300.7130868432376
133,40,146,4.753278793210681,38.59610336458729,379.0790605138958
144,48,140,2.0965759763007714,31.102149369868915,301.9283650245132
137,37,145,3.5528631448949084,41.411419321765976,407.00032192079897
147,36,149,3.9169582515446146,42.256937315703425,332.84838456732854
147,45,147,3.31205384413038,31.815956205107025,289.3988791502968
148,32,149,4.371846699352391,17.65152307258151,279.48717687658166
135,46,137,1.311298593728055,42.319289628696765,315.08282856787355
122,47,131,4.585976136600854,18.15994149757452,282.53657027600923
134,44,146,2.5680760446659683,44.66273892767808,348.8121380934744
146,46,140,2.922760086299166,26.695491241301568,253.03880535312172
146,40,143,2.7789346016866885,37.33843375499333,252.17067408282213
123,34,145,3.1251448918774196,40.91415585192181,277.21832954230155
124,45,144,3.392673887543014,16.231736286410023,233.82953424156128
136,44,144,3.8413737319167676,28.461500704581944,315.48053745146836
126,39,132,3.0997613563008164,36.14500527997879,260.8793439870891
135,43,136,3.739093024035561,44.68504865539293,293.30643622076326
133,31,141,2.3531897743628023,40.121938911314324,226.4761173570524
145,45,132,4.746723481031948,46.36494074731314,329.61860332296646
135,48,148,1.2581240791990767,17.895293490410197,194.21331148411747
126,37,139,3.182162434244374,17.513770077203404,211.3790954666104
128,44,137,1.3495847040868587,39.97337292715904,231.76169978358922
123,39,145,2.7710681441477214,28.94848843492356,281.05000983840455
149,34,145,2.0303294306113195,31.857094143782884,352.38537285899866
149,49,141,4.74761379833059,36.15106124631579,315.880797299621
141,45,134,1.0523015455437736,49.50795116115588,319.2579622110626
130,41,149,2.5648145245658283,17.350815443792698,232.1167919078403
121,42,135,4.128170998827818,18.811321129916475,367.6504116428186
131,38,135,1.753845650605863,44.025963246506706,347.19523914182173
131,46,137,4.262352818665011,15.71834914046824,184.9498379261009
149,49,146,4.438900351299296,30.76591942549414,312.4621819391801
123,41,141,3.8320119985830803,42.09414013711426,296.33283795763816
137,34,143,1.8362767297046831,21.834408736193257,279.84625180561557
145,41,131,2.0881546263262494,21.54535395729511,164.6843725775185
140,30,148,1.6677389147814479,25.858832051643795,268.3061416103359
126,49,135,1.7362549488055987,20.250361862023066,235.97447964604635
148,45,147,1.1459691859015013,38.749349880266166,179.19259758192604
120,41,133,4.429260324793066,22.004814302411344,299.16487845119735
145,38,134,3.114009149711343,22.94001386660348,293.7961536188346
145,42,135,2.3110368955482063,35.122730183212774,342.2255995871914
142,46,144,2.158307984253632,48.85693774386154,282.3421152189737
145,46,135,3.1787851857903457,46.98589003289894,278.61057260165916
132,33,137,2.3067392871597963,45.257385536942266,200.0093801476462
125,43,138,4.454871900041391,33.58233416647373,317.6086814114033
125,48,135,1.8438297401476431,25.421313549700226,183.18465190425326
131,36,131,4.52920716565141,39.70185123956429,295.3198553976415
127,32,145,3.6563698120137165,28.635204792271935,323.8736482232305
143,30,149,4.826516881819881,42.226814420092325,325.7716048621936
141,41,130,1.0604289665427737,15.566701995205982,206.1715332215288
138,44,145,1.236382262844626,33.53390143383807,244.39633242722795
124,40,130,3.003578375746293,26.80726732490803,189.8158478159474
137,39,130,4.649515320128193,23.71671870425226,216.12689351232456
149,31,136,3.9231798061205803,38.164289316853186,209.47937162181003
124,33,145,3.488543730077333,38.04306667638885,349.8910816682262
149,46,146,1.126408622640735,16.29735122802582,235.32086566883925
144,46,145,2.4166551536504373,48.16946101055606,370.19680641334
129,37,145,2.383411571611429,27.66485626526819,282.6728148723094
120,43,135,3.168342729039623,47.109273503964445,407.23579045148597
129,33,147,2.0313111173870473,35.43019958595279,261.96962137790416
124,35,132,2.06862286071104,37.84066655056847,293.3551420537637
131,48,137,3.4834432003070375,48.61804524119927,319.2446972330282
141,33,133,4.778270173256626,43.7769047883091,356.55563658137095
149,32,133,3.640716414546781,19.901225351058695,303.65345566920894
146,49,146,3.6725204959241404,15.182733690766696,223.01714203236463
126,35,134,4.944859253552462,25.80055831196143,363.2998269524098
128,36,143,1.6139126682791605,32.09881580356682,320.31880497078805
141,43,144,1.1353390968014416,40.625246190718805,144.87832455281807
140,41,141,3.982055802985193,38.13669331304455,330.1188481924698
131,45,142,2.7551497327594885,25.94996599935269,316.6240556196711
142,49,147,2.715293419008025,33.969859620717486,176.60064355633324
148,37,143,1.9012135054521293,37.782666060867086,339.9602980608253
120,31,148,3.027452162076154,32.9812570715331,327.21964951775243
130,42,136,2.768689374899493,39.11410036147807,288.91533041919746
149,37,135,2.3818000313853145,31.982638888191744,456.37156345106655
140,49,134,2.7709806373536754,33.53897524442647,344.4244070985266
134,45,133,2.5353390828915594,47.92713524790763,303.94989208408407
121,33,147,4.759585432358147,28.62053446702486,281.6966473384344
139,45,143,4.921006629903341,41.44975658946824,374.67715387535765
126,49,145,4.3596037300470165,26.71367911580391,351.6171258938542
140,35,149,4.961656364048499,26.61490873868361,287.6422586037538
131,33,143,2.06287771611672,47.43350589062763,373.66354413744875
141,45,134,4.371700439675759,39.45350268979275,291.1750698701602
137,42,140,2.626516047610484,47.513540079215005,379.0373001943434
122,34,141,3.9845455911110137,49.81035117033339,271.6026446811115
126,44,147,1.805570562521893,15.007110781804013,231.80247725817063
130,37,133,4.247824358965229,49.410258716001316,446.6877166168582
137,36,142,1.333857704627678,18.53047518875084,103.44396568027379
131,43,149,2.0822308268656147,17.46440179782634,252.0969036443309
125,36,142,4.287810467388622,41.87334316644521,175.7482080454588
124,36,133,3.988636887287406,27.256461021717705,338.196119291032
145,47,136,3.004987019965157,47.12341777750182,338.5609266775794
120,39,131,3.6911710971608356,34.05772991260662,251.4857517857096
131,47,147,1.7422960979837185,28.513907531297022,279.0112769785813
146,43,135,3.67105448938512,17.570308075763787,246.22741243174178
145,39,145,1.0319046693659701,31.26225481218464,298.7727011169051
130,36,132,4.332863469526025,24.72642069175042,279.90067946846835
123,36,144,3.0651504319957743,17.68145853854464,246.35869411824666
146,36,149,4.775513806438327,38.46359854209516,300.4168602066809
137,34,139,2.9126570692911273,49.20679092242011,291.1759478073708
123,30,138,2.7323491293053643,28.262006988879087,185.6140318931395
136,43,140,2.800211249591256,25.40427222083085,126.46325271131721
121,47,143,2.4389144811011843,18.148606660867802,240.90857406029735
148,42,141,1.6667003353706158,22.81008273867776,328.72423660437204
143,37,136,4.368250907782023,24.9740287429442,234.40579902262277
141,37,140,2.5563416310331792,27.046146449262263,262.39878243740935
121,39,146,3.116433712755434,37.188846688556964,323.1415437590826
131,46,138,1.0795476658537457,19.02054373223559,176.26641844370806
125,35,142,1.2410154908559963,17.04483696981142,217.6686600936648
129,44,145,3.388732917911378,47.57036360522727,305.02514854894923
144,44,132,4.516912330054435,42.971604213437516,302.03905826890895
142,45,134,2.973583312104298,24.73777304203747,215.08768559691566
144,37,146,1.6598983224202533,37.35772664372395,189.6949997775418
140,48,130,1.4645092574638756,35.7372297929967,271.4850235986102
142,49,138,4.599152005571696,41.00537042366793,255.28708802062002
146,44,146,3.806551416061028,45.07530675509244,406.81672421657237
135,32,142,4.864782218045828,27.52132176145745,279.95750324131717
133,35,144,1.3293944853755986,38.129119395386326,291.66346958347975
126,37,137,4.610451420093653,43.071431758684675,345.4927724010627
147,45,137,4.382529250107264,39.47530067064983,342.41377195211703
147,44,131,4.572740731696615,47.27474559870948,411.74163827273986
138,42,139,1.0230518264285582,32.31406084515095,218.52958561369107
142,49,134,3.9676139221087787,43.09242076533263,325.4139113933436
136,44,145,3.195752456646556,46.84094892443956,202.00052362085606
128,47,148,3.292717735033679,34.496850620829846,254.6324047271124
145,42,130,2.8768079494110226,15.605273646018047,230.8176811373886
132,37,142,3.9707076709928772,43.630292903129835,278.1418691441006
141,43,133,4.9993571619056185,44.61118900214254,276.76350527096946
124,40,136,3.8421534370966537,28.994773127490838,276.3278631313854
142,35,130,3.7122016641572917,23.017732571835374,184.17275724863902
124,30,131,3.6177508627203236,49.23522434297222,216.57954964169454
129,31,145,3.7808466793894304,34.30682538375214,233.262431358325
140,42,143,2.36844986972333,33.066288992844136,325.0742851533938
146,30,134,2.280878974665675,48.11260029835689,359.54576617061423
129,33,143,4.137351913082025,29.283398930360182,290.794543220885
146,31,146,1.2123520694118621,44.68475993786242,225.15970745261038
126,49,141,4.036990952813536,39.5227879641411,353.43494532443367
145,45,149,4.255366340678274,48.870038024333326,331.0474353923155
134,32,141,3.086391838345071,30.002782989297327,321.8590337304133
126,46,132,4.640592381652061,46.76690609108965,309.6960585054847
148,34,131,2.892349748588738,34.91082510056809,258.52669096971977
146,37,144,1.7123466723833776,31.655676534842733,282.44730598486603
134,41,140,2.4455945948266913,25.698224058559134,295.4443543898737
122,41,139,4.6234700237243445,34.34443057113496,245.65887886619103
138,30,147,4.974953153297548,35.03931810850386,267.74024085306263
129,30,131,2.6874158679579336,46.44368976026691,194.7365221725621
147,44,136,1.6673861823746314,39.64217452495122,344.8183136329182
148,46,136,2.1453171209365514,43.92657802469422,300.8883290371957
134,31,136,3.213185370055856,41.91955127413017,272.61710079618877
122,46,143,3.2883836731085863,24.68262937260433,272.44903748682634
125,49,131,3.52023762677432,22.202914777106187,281.7734069157468
131,38,131,4.341413490290188,24.046847450271365,231.2466003261429
134,41,144,3.844856606752111,20.13027985313669,436.4008702777836
125,33,140,2.0433609060100277,28.508667322236196,288.4268175594257
132,42,139,2.5801762427840016,37.88652501019249,271.09386620521076
148,33,132,4.359266335216054,33.79421223068213,360.91763218518156
138,36,146,3.5335306824228443,38.77250150538616,349.49052910338406
122,43,138,1.665672192978894,27.463445868499008,312.4976784778104
127,38,144,2.302155216321274,22.184722530452596,353.7294587375119
127,30,143,4.164363649723605,22.096535196771683,310.73860839707385
142,30,148,1.6883764932935224,36.03018913473505,298.57253364175386
145,49,146,3.764202610883118,20.75031656470005,271.2588097993549
139,33,149,3.2541461449262923,28.90085103071697,260.7242486110547
134,30,146,1.5898996256045805,22.449145997161548,248.05693554340084
123,39,145,3.7555156961237457,38.196613465513096,220.0765365689179
138,31,149,1.5693958826206789,36.53972935728967,260.50948685971514
140,44,137,2.5937423164387248,28.339373837213884,186.04607540171943
122,32,136,2.234239698098081,19.50511318370768,212.36239841902312
132,38,141,3.76003981074783,22.413588505633633,244.49515092170526
127,46,130,4.129449426426609,31.527317058081664,348.5323357625996
142,42,141,1.673266327823654,49.02288485519594,345.02505768859726
135,32,135,4.2479869703957664,24.47711665264712,310.63985942273746
132,33,145,1.0288562239782313,21.691662491706232,199.86585025856294
122,33,147,3.120234189370132,22.72391963851799,200.58405899630117
135,40,148,3.0671555594986954,39.78486976587856,295.8980288882378
128,36,132,3.495285723007279,47.013945788843245,410.5602904077298
147,40,132,1.9588021213387,17.631006837173732,180.5939841250162
133,40,134,1.0394273197208057,41.225098954992646,282.95577602234533
132,39,132,2.8190516645655976,32.31123378808247,289.3497871068167
140,34,148,1.285624845033018,43.881666334545756,309.01959033459985
144,42,134,4.568775547227473,29.75268629697661,217.6952838382432
126,41,143,1.6946653027566936,15.182568808687739,167.9914518597955
134,39,145,2.7009318699946423,38.89787318553499,341.9594502961968
126,36,130,2.736001560961535,43.27900010205572,225.14973452010577
125,48,146,3.211458591352819,46.570738295360414,377.39473380630466
121,48,140,4.130129395081589,34.9167951183262,296.7443522250746
128,48,138,2.8885926020351183,19.271697543510093,281.0401247951662
141,41,133,1.1030130688818924,27.944212547894452,198.68243129019933
143,49,131,4.084441644700358,42.44875857923892,335.743572267295
136,44,138,1.328693258483566,32.30445379418052,294.8826882628636
124,34,134,3.5662131690354566,39.473557086317555,320.34658093904966
131,43,133,4.213718034607582,15.164138917557967,367.68512456361213
120,41,134,2.130760689924175,17.55508189081025,138.0781572796917
129,40,147,2.796425926736125,38.840726645702226,189.0102626263847
130,34,142,1.0573433687432665,25.157065832875986,245.67118031250487
135,45,134,4.215500798359542,28.5865340697762,246.57197911480233
133,47,148,3.813044359683277,37.47465191210722,332.7841685126211
127,41,132,1.9255495775513722,18.9205072758871,306.4776154981755
143,34,147,2.560904791463157,44.144792435171595,345.8128285198688
136,45,135,3.7812660072044455,20.055199105711473,246.0258711368476
144,41,135,2.4326524874048268,40.66488904179437,228.81780209322923
137,31,134,1.6496591022307991,25.246297916538598,261.63491707190644
131,35,130,3.074022115511633,24.09898381460902,293.19789715912333
144,33,137,3.8942702811457592,43.74426446447063,335.8738757242164
136,42,130,2.2832380280117834,34.32706111886796,306.03212378920006
147,39,135,1.4870890865778312,22.19242247412129,256.074153304178
145,46,149,4.318176647247907,15.089118781896126,288.1951743648364
133,43,143,2.0112074657884924,49.056220778993044,315.29163077467217
135,44,140,3.051259816426426,30.0985166192909,324.595400923356
133,37,131,3.765372597956972,28.909797821215207,370.5417419795748
128,47,133,2.268300801576883,16.761010517625174,279.87098408236943
123,32,142,3.5945461494896733,46.30412142728369,272.60397338186795
144,46,136,2.838838025766113,19.9205693578014,172.75402108967944
142,36,135,3.2817466204953845,26.740949906343285,368.3967096088355
130,42,132,3.3623044144677707,29.738636324503002,216.15392699192873
125,45,138,4.296602747587545,43.353701207302336,364.7683304633284
134,34,143,3.625305093741346,27.581332124924913,322.602565761201
124,33,149,2.057226768737642,33.60118898234846,220.96358947661594
130,39,140,1.238417364553785,30.005601437455056,234.59527471349955
144,42,134,1.007942176300531,25.914564329538138,311.75253627808064
137,39,143,4.6176695390679825,48.12060797181335,327.8897609033653
149,43,148,4.768440207208825,42.89068837892789,351.27139793473583
132,41,137,1.3764459506586717,21.10235359911791,215.27245967118532
130,30,136,2.948214473128992,34.414721721063316,343.3349158521004
133,49,136,1.6063808138421378,42.8796041678871,351.8660255276305
147,49,132,4.794996346816339,35.292649042004754,356.3427282934722
137,36,132,1.9873300672900949,32.28227521985758,256.75342618516675
146,38,147,3.0065883823879958,17.522078910395525,313.94718034149383
147,37,142,1.662480766931667,18.71233409772749,362.1695128258929
144,42,130,2.331044338012249,23.58338373202387,245.437330469732
147,43,134,2.0672254437087236,32.96888419181956,373.17196760915755
138,41,133,2.9017041718887424,49.555383959899125,300.1294711959061
143,37,145,2.679127848088594,43.07931672268842,338.42469876173584
146,47,144,2.323191178401501,18.85178501625046,303.9417092890317
134,45,147,1.4235104705936483,40.104078779459556,284.3802010152745
128,40,146,2.9379480880277926,43.36649687104549,296.6024095967683
127,45,143,4.400832072366209,29.49921474194237,271.1296160742216
139,43,143,3.920893346342264,26.55516681817712,303.28785718626466
147,32,148,3.882299536650678,35.461528641318004,317.05975364147423
120,31,135,2.464366946981235,33.1703744238959,150.20303354930238
123,32,142,3.8336763227282056,24.282476202891605,276.4104217679319
133,33,147,2.8621259255996745,28.90822407040291,290.34296443729227
144,34,144,1.6011043633526771,34.05531307013338,206.87290498426682
121,39,136,2.676198999912204,35.29735281940596,263.4676804306288
135,49,148,1.5309545241263898,33.61123325732835,248.42342638524764
122,31,146,1.4579312756261436,44.613762888052904,257.2686359861477
145,41,138,1.092237233830443,16.111076392555706,178.28932320709052
127,34,140,2.131417203877666,26.65442881544271,265.5642037743107
125,34,134,2.3234991369677793,41.244176484633215,293.919532009255
135,30,131,3.7977748517539704,37.81239111089862,270.27755386500104
143,33,144,3.1520191395391346,47.139332021365135,277.32979211276444
135,41,141,4.433798848213248,35.580736005982466,314.8568988506541
126,41,139,1.705882506822626,37.335281717246986,268.5354231872736
149,45,139,2.063826583439256,39.673150604296936,235.1412881837524
132,46,149,4.764304444573662,21.517020969418482,341.3696551914946
132,39,140,2.7761809911192574,41.363540411721274,117.59464592793245
124,46,139,4.156203772194623,25.496137348935076,239.77654293591337
144,46,136,2.9686705945979566,29.857541302297413,335.02974251028036
139,47,143,2.8843426281029902,15.490227555041582,206.12082859616726
141,31,142,1.5924651521185695,44.52480758792352,224.70428486123845
137,33,134,4.404798443794345,48.37225129439478,445.336091763289
134,48,148,1.3134211221905385,17.106683291467693,117.75955809379077
137,40,139,2.241044378612166,37.23200629195398,215.82744318923665
121,46,137,3.6938722868807177,48.627253665533594,275.51673707826353
129,41,147,3.0290302032321192,36.24152758909369,223.17832719633333
142,31,130,4.525513307886145,42.92828455158262,384.27990413613406
132,35,134,1.1571918111516637,19.134507469184108,209.8708075902256
137,38,140,3.5976300779989208,23.569742050185013,356.1346187636657
134,34,149,2.9098618825084994,27.10071995724421,202.29949767094678
131,49,140,1.6172472938706037,49.340832737938264,344.1507966495283
134,38,145,3.973007628450374,42.36222896276876,325.2221277879247
132,37,139,2.645227421624096,45.9982004323124,308.92990122357924
137,49,144,3.126327616946734,32.04767468897715,291.7974736590405
134,37,136,4.869064265452433,40.08818746816817,334.6887276170408
144,35,144,2.9449203241007544,40.60477300036504,371.23810972878323
142,32,145,4.293491462234571,34.91230712957921,271.9201757460074
130,34,135,4.078310093364977,45.72892027465278,316.4949796507923
138,38,140,3.651018366055196,20.538792908529608,349.5264555421547
122,36,146,4.587248573401334,17.013189145279043,135.5833516722066
126,33,144,2.0064065877487236,25.64197734912659,380.9254009609044
140,36,145,4.283084925870653,18.08951337084897,303.08284484042144
145,34,131,2.51114995358937,17.111065692940567,261.5236736484608
133,40,133,4.249963560324885,29.668142891281995,278.70974602449667
133,44,148,2.9751547381820442,22.017698964200864,275.24728903233216
141,31,135,4.430837011772944,42.655162399453324,257.2293331970146
132,42,147,4.579374150771946,35.29245350879296,385.3971347026306
131,45,140,3.390575502736462,27.62074976527422,266.9059054753361
143,36,138,3.0305078273249797,25.02904496327571,184.71209305692224
128,37,132,4.133120573329337,34.70983549010931,388.6710018779751
120,35,131,2.0679448127166933,30.190073456596764,178.55964031791723
138,36,147,1.0613947249956577,16.950731308306167,237.12469174888756
130,47,144,2.628378331019078,38.281671391392166,250.57747148549484
142,49,147,3.0310965315871075,32.4915155703151,316.16062579355975
141,36,148,2.189050877755026,24.691485825797017,207.85691681391467
142,32,144,2.5334475269510697,25.16452862376546,239.6629720176867
143,34,146,1.5322329316643786,30.847460764794754,265.0640603160806
141,30,147,2.109159613471176,43.96573617194721,337.6748410777445
138,44,147,1.9603813916582942,29.806770311013445,323.945898640757
137,32,140,2.2039474153070806,44.38532910534032,305.4757230068619
131,37,147,2.19621644216261,29.870212473883484,178.35443278783907
142,38,132,3.2358734841904537,44.04696080522211,164.3595639771887
147,44,142,2.002387760784291,47.60354874645235,363.7717072202225
147,39,143,4.763845053359554,15.72008575057278,248.639524896657
147,31,133,3.0450993214533395,17.178764427783562,281.81911631292894
146,49,147,1.5158640256390696,19.690675351101557,238.85980352971606
120,34,134,2.1184250820971355,19.274216777813066,126.53386825027218
138,48,143,3.919029984542616,30.906725917832656,285.9687487884206
147,42,141,1.0546361535229098,41.74119250407162,294.98986968368587
146,40,136,4.7512719447878045,48.64649453083178,254.33957345485214
139,30,141,2.7807076869032246,29.622328488872572,218.7381422951543
148,44,137,3.084316091803987,39.09683977974173,241.87342578130733
149,47,132,4.953648943358112,37.24274191350974,389.8996466124909
136,45,130,3.0136123439973264,28.761423712114485,197.70160764283
124,38,132,4.79097597784789,40.23932316161698,366.69367571753884
145,30,140,4.660924463172616,35.7182879175612,237.9279856736535
122,40,147,4.765262114664851,41.597883239815765,261.2560470071068
121,38,136,4.249492229969455,21.777704624921768,232.92008340978276
122,40,138,2.185592338230925,27.60949848444472,228.79485085416755
127,42,133,2.385529935143926,38.492766982416526,249.76096265061602
135,31,139,2.4599362727225635,19.368121187952106,127.77546116589821
125,43,147,4.916723358448781,41.96391487961904,345.06478669738414
132,35,145,2.4430220158885945,19.670392029667532,352.77619623512203
149,37,141,1.434757236873522,26.355895286197168,224.90182039348863
142,47,148,4.113315578540607,23.313503566722723,248.42301068665185
147,45,132,2.46425316632821,17.134494656599752,265.4282511919614
141,41,137,3.4837436469033736,24.47298929116585,267.8909870741855
141,40,148,4.697441649055868,46.902892324930704,308.33509410776895
135,35,138,3.302022307112177,15.942502643207185,256.37054507556775
147,32,148,3.550800713431552,15.58901257490204,259.21077925806355
135,43,146,3.571450257860544,39.64933967700351,217.25234675697396
122,31,142,3.449596743034061,27.840447024190215,256.39152224343525
147,40,131,1.6390775099238164,23.040937760618853,342.6017002137597
132,32,133,2.825661658995022,32.81052529249659,197.5326061195948
133,47,140,1.0306560799082338,24.333643793270944,150.66577659567892
127,30,131,3.5050592163013325,28.72062728864867,312.6333671918509
131,30,133,3.3014331801049557,40.036773604258315,401.02053191064766
142,41,133,2.2725488769632842,19.09174725690638,370.0191108043457
142,44,149,3.095582012680815,48.58796727864398,309.7467178226014
141,34,130,2.972231127632307,16.488503949416877,274.77551095100785
140,35,140,2.0036608637690048,43.228807436488,317.69251975042323
145,45,131,2.1731501923703718,40.36069178829936,181.11513777993673
127,41,148,4.0501639865150025,24.873135199465068,163.20080182542142
140,41,137,4.022929276726916,19.141299804328995,288.1784407978923
144,32,149,2.8791286009593695,44.833122836798694,232.3053332810053
128,31,133,3.8700358096639182,38.78640692459267,344.4906130890141
120,36,145,2.8032051209237445,25.180842823723925,213.1671067446487
125,31,144,4.405496139584528,15.592521008459569,386.45123037455517
142,36,134,2.3312267288344533,47.847161982881616,333.72753369922964
138,40,134,4.709169999381604,29.148860826098666,319.1822733169845
142,40,144,3.1691346022586835,21.169339644625396,161.06561776674454
130,43,146,3.142751444319003,46.914188087018374,307.163986518719
130,32,132,3.6832415373041747,27.565722552340077,288.8792456697954
142,43,147,2.3634240432587377,31.213807434915907,262.8471946128178
149,40,140,3.8973182836285374,39.45165321843703,252.01596480316675
132,33,135,2.2817004105364798,43.67965894620373,290.22104162283085
130,46,141,2.5901553198351426,18.50622120612918,352.49933308354696
137,45,146,3.698813747172227,46.45358664153309,421.8937679455588
142,32,143,2.5137964052055257,47.63889013432381,257.4366148302307
134,39,135,1.7998964907522428,24.074440433244185,294.0812734617739
120,44,139,4.487605835102027,32.408577897968385,325.0714349840995
140,37,145,4.688621523175545,45.02563669743503,240.67490931507092
144,47,147,3.506924199229794,32.057191615405124,290.3506562582156
126,32,149,4.2446030847914145,31.8691099996284,365.6581369367065
142,36,135,4.946609419099012,36.6483116447247,265.8312614090167
146,39,148,3.459099007279303,41.8603759443893,314.63732997866657
132,49,132,4.635170573000054,38.29660850284964,275.34924649296994
131,38,141,2.4370189988813906,36.92983246672419,269.46844222745585
137,43,145,3.8018897435487444,28.008496701999274,241.42493620470947
143,43,132,1.2232218651873854,37.052579697027525,243.89972508111688
138,40,145,4.1558862224405795,18.61455055686555,176.6396613543022
134,30,133,4.31921257891827,29.33453408974553,349.11353343846406
127,33,149,2.6047017458959676,21.592294897701812,218.29151542104208
138,35,142,3.5558200635093185,33.8148744612283,219.69830894309592
129,34,133,4.433444409569434,24.17158157151532,249.07173727599422
126,32,133,4.5344326580362,32.70771876404131,188.4358193731428
137,31,136,1.4261260972664038,42.206376112646495,184.22681884009037
135,32,141,4.3099509861315894,30.18974430950525,207.17767495608555
139,38,131,2.096973407704401,22.655503205027976,327.10180333464746
146,48,145,3.9092275853509735,22.804358606726385,265.05715991281477
125,48,136,2.3006566139702214,46.7189056869325,268.2250465753924
146,46,148,1.2253186825223086,42.33166676187306,204.4925857203337
128,47,140,1.8394828394044302,16.28004336704577,274.9284987316335
140,40,130,2.634687103308336,47.995298289043,339.32746198812083
132,41,138,3.96491448024417,18.939781552519072,335.11512122468315
144,32,134,1.4028145092494304,37.85298348277192,239.1121196911488
140,47,146,4.251736499600639,34.30260785521078,248.25799683876846
145,35,130,4.987804367849643,16.63354967424473,212.078214394781
127,36,146,4.153030572716501,25.331064634505715,300.33488214843675
135,30,141,2.894946080115526,42.15487612552191,332.98255752619025
132,35,142,3.2726408433837855,25.740794416180876,304.6936757675856
132,47,140,1.0246420332106982,31.811633783316466,342.6330667317368
136,42,142,1.8370953514215898,39.42826898775384,267.95878737849114
142,48,142,4.595952525840182,17.505049535553635,403.1611921941795
139,36,135,1.0869176109407435,44.14119997214284,296.11153233943656
124,48,135,4.6191798115879275,16.45534129375598,268.3214531373416
141,38,149,1.4530104325126696,24.18356069622122,316.2574175197251
140,32,139,1.532296519835337,41.707354297004144,337.5198775833523
147,41,148,1.7013996434276897,46.91563030939563,344.9285936748333
136,49,132,4.197541299820785,41.612030032021124,286.5501163520752
147,47,136,2.9127463013695176,22.94497755794343,244.02802742533166
128,37,134,1.5807865209201695,49.50033372732231,221.53088161366895
121,38,137,3.7472072786612998,29.46669796178998,338.07961411600775
144,42,134,4.76275346530311,28.175792386204158,344.7955162827999
145,37,141,3.2898058969898876,45.28324248418504,361.8790899269377
137,39,133,1.394800022882154,17.317314174798227,235.44541214623723
128,46,148,1.2190024247101592,34.46285000904335,263.49420831421844
125,36,147,4.1834894395030435,48.796904824657254,278.2007190709455
130,46,132,3.50433460949774,18.504561756423087,234.87740961705975
144,47,136,4.690629356498405,33.9297167888884,314.0324470451703
148,31,137,3.1890006041919516,19.635981595290716,328.1456038042909
125,32,144,1.2495816129722135,46.14922872130141,265.37446298849505
125,48,146,2.614747399994601,35.57119353074154,268.6735243751834
132,30,148,3.6319627543656714,23.2111184334665,173.7958768568881
130,39,133,2.5395414037490522,25.746505462584373,160.57768521307048
133,43,145,4.998365586960932,33.08208406510834,303.5064429759846
121,42,142,2.6215144546949802,40.38718370857126,356.68043965884146
127,38,141,3.1849445057902006,32.06229736372745,235.64524934778862
122,35,133,1.9015681304947178,21.62430803404644,276.89025712100135
142,35,141,1.6085528172087669,39.78459258933022,204.5621462775062
140,48,146,3.5812221542530036,19.142730587741422,294.7092050931595
122,39,138,3.3544509876627284,43.329255465776626,268.6898265009579
120,32,141,1.017355429625137,28.846004091679013,330.03663426582705
143,47,144,2.1391261391909686,37.84487048419197,409.0201137745277
138,48,149,3.5743182920516574,27.064505384442192,345.6681134905228
137,34,131,4.248997382929799,38.4175736042667,302.8698595841725
136,40,138,2.249474612159377,46.12154189848008,220.61219895322898
139,39,143,3.5897454771554154,39.54914944492877,238.7742704154465
148,46,133,2.061031720603385,38.499314462000626,285.088607213352
143,33,133,3.761519578516945,41.50937841868853,306.29763469154636
132,47,135,3.79179199464985,32.50742037022522,324.66941396171535
122,47,134,1.5208938620783603,22.710243467304963,209.9843600278516
149,30,146,3.6603591359080196,43.54327175416863,311.9921585968567
120,43,142,2.334268726721479,37.6968698890049,246.59031081436365
123,37,149,1.6903797263705096,25.983730818969228,261.2363188216073
144,31,146,3.001444931095097,24.65545587395956,266.82258503547985
132,48,148,2.809186735634885,32.49751254361916,230.43991339989526
136,44,130,4.095499244247987,22.255697865076023,287.6058010401197
147,31,146,1.338062036644874,45.73835912556281,263.6201373430951
149,33,132,4.159013075327124,42.600064477901995,343.5714497158693
130,30,143,1.4243294484371827,25.791023785890488,210.67020530293044
121,48,141,1.8298361123162477,16.72912416615822,200.00856644056233
144,39,144,3.063528473318684,16.815383133731086,298.01398793352564
135,30,135,2.852698400089698,25.39919153192113,243.1463748884644
121,49,149,4.955435898936193,20.162759850422106,306.49168473208135
148,44,131,3.3578948530497574,45.5666286773249,219.06856355804314
138,33,133,2.3097423809876556,29.727398492670908,242.01269707485602
142,36,142,4.600595474175942,27.18092725687236,305.6690266198169
138,36,142,2.2488598271300146,22.626468331913948,251.29704685601882
144,47,146,2.0951025407531603,44.44203576625203,333.760662046392
135,42,135,2.9774871807954377,42.736345019008894,279.4971635340868
141,39,140,4.652699137892316,28.451428535755458,221.3995480511858
138,37,148,3.8340570210353544,20.92752476193182,286.21750441717876
128,39,145,3.709932861869322,48.319588654135075,325.60302238653793
120,43,137,3.9043090601550516,26.05509994683392,197.19388368109725
129,43,130,3.638562443103553,41.988210265929766,331.67828795139366
138,49,139,4.039185438671783,31.206734937127496,244.3202325729124
120,40,131,1.771048086916534,42.35760877515346,241.12650331447463
121,35,148,1.709033147046406,31.85632361385742,293.4943225752559
135,30,143,2.448653375165615,47.39459313469164,293.8025423886535
131,48,132,4.40383911518333,43.014818091478304,261.0491085505381
127,36,138,3.857816861986839,24.11011632030801,343.9457640281673
142,47,137,3.2658933713710767,30.0632221321794,203.13911879259874
137,32,140,1.0777897499124793,18.520643223798317,222.502988735034
121,49,144,1.9432091357434662,46.62149596094024,397.78020079911084
144,40,135,4.214055770199596,17.42537126852374,257.1173190971724
148,34,131,1.9699467723368747,15.638456288586598,255.44054669976953
132,48,130,3.9211607887637894,32.375157282471186,221.2565464810086
125,31,132,1.738537059719536,36.10951872725293,361.0204821026459
140,33,147,3.4254702327974345,22.81250373074246,256.1091692605501
145,39,143,3.512845466802007,34.96921796612487,409.2487767897445
125,31,146,4.0078649027459265,46.344665838876026,344.29017387362927
128,37,131,2.7533696035825597,36.9140302113471,298.20920633648245
135,30,148,3.53069879634189,30.95092926893571,358.03216411068024
130,35,138,2.94787915488114,20.0550144536914,347.76994446079254
126,40,137,4.789352181593252,20.912960526280052,252.75884006159794
129,39,139,3.0875229080740296,31.952414556301687,315.46882343259466
129,42,138,1.8383915325127513,31.20924755086931,257.1219356142107
149,30,137,3.6715701965545455,33.283603300251684,250.14004492244683
144,31,136,3.193869312833654,32.77616498091224,289.2175834695437
139,32,135,4.215317988880587,26.94476136110112,266.503967584575
137,38,131,1.7076463903729744,39.355227051897266,381.5213507497765
147,34,138,2.0437584106956193,22.427389092157636,220.69209222489843
143,39,138,4.686516429590888,44.8315092388177,358.36014056351905
139,39,148,4.7201044529851846,21.803864063188627,269.5328981148663
148,41,138,2.769027065899564,29.55605898509742,299.9634117424106
128,47,131,1.1910047284737195,22.376020599224653,256.9456111802112
134,30,148,2.226220274503839,36.64584817563654,240.36421211951557
123,32,145,1.9884906176851125,31.717320920049275,298.66742943468057
127,34,143,2.658707407979687,28.100989467129473,129.34743261926485
128,46,149,2.2712024755143503,31.62967189081743,297.8112183569261
132,37,130,4.315969375409817,29.74341588453914,230.75683249610327
128,46,142,1.0121440765018161,44.930793308298675,199.84089904569674
145,38,131,3.578527414045993,19.34932746021494,280.2347443114154
123,35,143,3.657080900624173,42.76134974511906,244.21174319046918
136,46,130,3.6425063011561716,37.936535436183476,285.10819113747397
135,37,144,3.082378722058279,27.19121320705151,391.2426603065032
134,36,147,3.444416292439212,47.1685721404405,400.7238971173475
122,36,138,4.241977246148361,21.193096722595765,246.08726963525027
144,44,137,4.136787114753526,25.860090071478382,242.82401043051397
139,36,136,1.1385015087136416,28.119437328845702,210.41072347634258
124,37,138,1.1217461429492355,37.6728698381755,339.6074871432012
142,38,138,4.355779251081965,48.124397075771874,385.470605430304
124,44,140,3.2989187501222514,35.770675195478276,247.6756351667899
139,31,133,4.829709341076769,44.97071299693698,342.16906765676384
134,36,136,2.726366387665903,46.67406514042165,192.0095668166251
137,44,136,1.7069672855829752,31.32622994229014,275.01702049910676
134,47,133,2.8929396495512365,31.53519443708793,308.19575118236975
121,47,141,2.7461772318460924,23.74992115467538,263.4864053834612
148,39,146,3.0687095257540653,36.05552800229783,276.56453816116266
132,47,149,4.231788935507799,19.20097379325093,359.83455423149394
123,30,132,3.6223359517471043,37.20150560136889,296.435393665024
129,36,138,1.7411013095974992,46.25139883710368,206.30910204660097
132,32,134,3.9379090254202453,41.62749908738434,374.9073366972882
129,43,149,3.3675848531137262,37.72159320684594,373.6346523294262
148,41,145,3.3132429221507254,44.344139772398705,299.9505886295194
128,43,137,3.7130275297425404,40.54353077869347,309.1645564570428
127,33,145,3.2558618346261268,33.53817031667532,325.2764257425139
122,42,148,2.8300549453523733,33.23725294356834,351.4191226674296
135,45,145,3.5615211312563844,18.74510986026047,285.7639610807292
133,45,147,3.8949082782023003,30.204516143809876,388.2078648585573
128,34,144,1.9030677713247623,33.28573108950383,331.9033122722415
149,49,147,2.98819957695245,31.447095836343237,256.61659321024365
140,35,143,2.8326898530604945,42.16048573628942,412.4729676252192
130,35,145,1.1596130824451532,20.633671127118802,159.00551017997552
122,47,134,4.337754625696023,42.821461871506756,218.8804778387381
124,35,137,2.5095280957536974,40.95819683879907,217.43016588563813
148,36,145,1.2907569328048352,46.52878145143889,375.15360269412093
129,45,130,2.8315963883059254,28.0709247435999,294.8916207988566
132,38,140,1.6459232243663893,21.179018616106525,187.03446140974026
123,42,140,3.8176576585386592,41.55200054385443,308.210104974102
143,41,131,3.287086300670606,35.59507981233669,288.06138872555084
132,48,148,2.0804552279117408,39.93723218906338,298.71916481791
131,30,134,4.801895436603896,49.885916480420775,275.26212416389615
124,37,132,2.166981393022323,21.808891236759653,287.3565960711242
129,33,137,3.219987627907683,29.386806191594818,280.8558919517659
147,48,133,4.2062712971641965,21.744387745345914,249.83216868548752
143,34,142,3.055569191817952,45.12181155354244,253.9600012903022
128,46,143,4.84342270310114,15.594335888656909,293.3156661732806
139,32,130,4.375418267918057,19.732809134686907,287.08586160968486
126,48,134,4.684076056003583,23.675459483977146,220.05720978009163
121,30,136,2.490810335017756,41.99631213763365,387.52079780613394
141,30,135,3.1934216696450344,36.9958971003817,345.53388080277654
143,49,144,4.360665181973602,28.60143161802779,343.52902512133886
147,38,144,4.614000137210983,20.55451061145721,320.8594729189997
142,34,137,4.777454311874086,26.256304360918335,305.95231922401314
126,36,131,4.516607973119023,41.01970906083032,265.8317322687608
127,35,143,3.923019616300937,28.368309471421917,339.7191598171817
126,46,145,1.09685922212772,31.19083662997061,254.77632296767592
140,46,139,2.2598137979018524,36.30191053089385,214.69096334267118
142,42,144,1.5157451395737218,46.95106401095878,126.22026996669888
148,41,133,1.6190344053605932,23.753684357038946,196.70225011026386
133,33,141,2.163628749531568,30.67987984883603,252.44199328439564
145,37,139,1.2989618287542104,25.86124707222465,243.68819474840308
138,34,131,1.9721272492968622,31.316542369432398,227.16613008578844
124,34,133,4.827915346156564,39.376154518551445,205.26779244127107
142,42,149,2.247774314352783,31.87224334031996,413.7234607857698
144,40,135,1.6388522796960943,44.20877208607456,311.48478373919835
137,37,143,3.873200721679231,34.36403347691765,310.71493953000805
139,37,132,4.314020600208999,28.50178101671593,266.29958338490695
131,30,144,2.256151398385934,42.381237312734974,202.35509382458264
142,42,130,2.1139892423134836,30.09633660581821,342.52119150626595
136,34,148,1.967038191620134,33.044342264858344,273.03074782827235
132,37,130,2.5730449562654933,49.81346265054631,294.4746628134048
121,46,142,1.3489270313555672,42.52511051849968,214.58615395450155
144,42,137,3.6765169062248253,44.9299765009376,251.2113576071614
132,38,147,4.288905301025835,35.74978598205497,220.81631877208838
145,31,132,3.654729118956872,27.18757632952667,325.549539887861
126,48,147,2.684798759572194,49.69443645997912,371.9081291611058
147,49,149,2.155848989376957,23.540703361382867,192.26370501054865
129,46,138,2.6377846580462947,45.54859311037962,285.65118864194807
142,36,135,2.6953499395489953,46.89554671354149,277.6011221285612
125,32,149,3.6640833138900284,43.61441734014567,255.85990652177185
122,48,131,4.7122414226022595,18.9929405793595,312.9437218837125
145,48,133,1.2823459577917555,44.89395524574661,326.7905612820128
122,38,147,4.813414371534488,38.23222788637828,371.58753212918583
137,39,136,4.640805134248138,38.828839116790064,314.43241104524276
130,43,140,1.4709292013715554,42.528605197471286,267.73437981494067
141,47,134,1.7343401243413354,32.16880680068441,186.36380024500818
139,44,137,2.2463824057876915,24.350502020129994,211.94990389637024
124,30,140,3.2386641638607676,35.12262620779085,289.5929057011559
138,35,149,1.537904784314453,18.803640922973063,214.09037752708437
141,44,149,1.801339813087548,38.61817868413375,371.79641139836275
146,35,144,4.610701175758717,31.90293271557134,315.2785609628135
147,47,132,1.437202523083703,32.58158328253356,229.32521324315334
138,30,136,2.5955130605573578,21.503773290683323,227.5545998339932
149,32,137,4.052007110634834,16.44489898019253,247.86356141689942
134,46,140,4.554332467562952,36.394442460486744,324.7607155429819
149,45,139,2.3441702503867514,38.05908298694071,243.29515392613024
135,37,149,1.6577500214302647,32.440218334328364,190.78866364562916
143,46,138,3.948046636382246,41.80059500812349,257.93481654316804
128,37,144,4.090231034692707,34.73006784902023,220.31535743634402
123,46,149,4.920133776242177,44.6868605893025,404.97373895323716
134,38,134,1.558167405773617,25.084150821967324,320.7218681553644
144,41,144,3.837683530677404,23.50879158160904,218.62095381269896
131,48,133,2.669170150938621,24.140086668889314,333.375052233253
142,33,134,4.658517750269818,16.06814663421662,225.1723418069919
122,40,144,2.631323537333543,46.52184253766964,285.2076592573744
142,33,146,2.7838415022506644,49.97152978364511,258.7890106485385
133,43,137,1.5071863927469367,43.578289229127805,223.77414615882248
136,43,148,2.2837471403635194,29.44086327214664,285.97784046723746
138,35,138,2.603361881569137,27.38767446389074,305.76204329362554
125,46,139,1.0700350175114037,42.11388987537538,215.99740962602667
123,31,134,2.750297873771316,32.848078813327746,297.9892344810242
126,37,139,2.345274205069225,47.88102474258141,204.28369263213477
149,33,130,4.215358943201968,24.78528759012132,278.5307750858181
138,39,133,1.4284504537831717,26.333629525070712,163.01023067909034
136,36,134,4.040844507691565,49.958871875034404,430.3720384986794
144,33,136,3.8560461731069364,49.23611673774766,262.9757747128944
135,45,134,1.9671293111324237,45.98171143050725,258.89263555716985
134,43,149,1.3330866733671884,29.162004066704046,361.68656799562206
141,45,137,4.367333783022785,44.31644572593599,330.0569949545677
127,38,146,1.9977201709796537,24.918762112848064,274.43502682372986
138,33,130,1.582240478828393,23.916413476377603,250.0729965524214
127,35,147,2.4361464076527684,34.12531803577308,240.16748370434038
137,30,141,2.603531294636208,45.10920126121451,235.06660990253482
147,36,132,2.3043519191203523,18.411562316405288,279.2475247400685
135,30,149,4.905924450027805,34.78570606543063,349.7438125105173
139,48,143,4.523282677185401,36.340842490557705,329.82837599877263
138,37,145,4.491901985836355,35.29292162537199,182.53729522326935
129,32,147,2.5950703620830797,22.647404592017065,215.85909190694014
136,30,139,4.851478558953973,17.244520066359804,308.7336391061669
132,30,144,3.7360611851667906,46.32471570626946,277.70886748236165
132,36,139,4.327978674820307,35.107934181522,347.1489144428242
126,42,130,3.003500500217448,41.876655162193344,306.6621941100939
146,30,148,1.6424691727974094,27.75529504543629,312.00190482277134
129,45,131,4.547542019938707,16.48757945047253,322.4366715895973
121,43,142,2.9457069574886976,24.084785821477574,261.0507344892667
123,33,145,4.874219636340788,17.567798078318905,299.6221428085884
144,41,137,2.019444045610098,17.738443766844398,281.66531419956766
125,41,132,4.969515965724898,22.506077068984123,334.2360383064453
143,46,148,1.8896987278885962,37.17523469962407,309.0634513286077
137,44,143,2.4726670320938777,43.62198216394967,248.6601387627367
142,39,140,3.376066091699704,43.74749608245559,359.36856407100703
125,32,141,3.7732922367379804,47.821478512712844,217.64223542085017
148,49,140,3.8811286760256287,37.97335589550017,259.47668696795694
149,49,140,2.90500963571109,15.695132955495616,230.9222215079126
144,41,147,1.3073078274564076,28.209085229000934,239.55679669298644
142,30,139,2.984192606864405,18.90111564060017,310.6196606534204
136,30,145,2.338751810145585,42.211266152693554,222.1915366341769
133,39,137,3.630622436074893,19.189118652004744,292.3763044791474
143,47,135,1.7291023366628462,18.70728591014042,208.60323947645887
130,44,148,2.5756492990054114,15.98730210718863,305.807170029739
145,31,142,4.864476616002133,48.44259736969182,263.8339147939039
138,46,144,1.3554695969212096,42.49985200560802,385.0132631868012
149,37,142,3.409336631764641,26.665878619046502,280.13966370771294
121,38,130,1.362592916194143,28.17537678791959,132.51740421931527
147,49,131,1.6279826237598392,17.07999500492781,233.26739079724834
122,40,142,3.4197375544522286,20.527092410936874,302.03399974916914
130,35,131,2.7759820903111456,25.90079808370945,223.00644458091023
125,43,140,3.193995987800682,28.575379605644404,162.22580608563243
148,30,142,4.519488682380371,36.69917447845876,282.83029819519925
133,36,139,4.26896097004389,27.261632263578946,321.4232806464191
138,38,144,4.551925797714051,48.41101798419751,266.6122242400378
145,40,130,3.4650196833528493,26.9977973494531,313.73639521567736
135,45,143,2.958572678856057,47.955837598876265,268.96607619956325
140,48,139,2.8367903271200876,40.545089216228995,355.1348097575315
141,31,147,3.959234224889776,46.496413928781955,298.2381208281065
143,44,140,3.0851995132998518,39.61050147244499,199.52465146541357
126,32,136,1.4230751850488752,34.90044129574952,335.5955206876332
149,33,144,1.5677560962330452,32.81789743678881,227.5784896005054
146,49,132,2.4283310708556103,25.196836009968052,174.0687281178619
127,36,131,1.2712934878847548,25.436089525203684,219.957265064636
138,41,137,1.9569248778397208,22.81220454011997,283.36781106584124
139,33,137,3.625603412854186,28.493929012251527,173.71042612329808
135,39,140,1.0497212491889862,19.444055282952966,51.0924117344818
141,35,145,3.416371462325992,28.56617729143596,174.21244958875508
146,43,131,4.0894276928073205,44.18103114333624,326.15023578885246
126,32,134,1.6806150061243894,45.46023001797542,190.78927591194042
128,46,136,1.7238742528096345,37.49906305232611,286.0579648092918
132,40,149,1.1154254660539227,23.9883430193585,281.3591362306816
120,39,142,3.049800155333846,23.412231748325198,251.79922597302823
148,39,131,3.6183502274908688,24.727511651525546,358.112533195016
127,39,132,2.8276383283384754,32.5013729107215,232.89214538969372
143,32,138,2.557795238504847,49.175556764700104,272.6461207348043
141,44,139,2.817651269174669,18.821457043891815,246.71558704521442
123,46,142,4.126112874898621,32.51792330511286,273.16836583444405
122,47,142,1.134057229381436,38.87855265013572,236.62891078533085
146,48,134,4.135274243330434,23.59813150895023,338.3419476591749
122,48,136,3.665368462667165,48.918929669437425,318.4203129102168
141,41,146,1.9657062166296795,27.21576050897632,331.2829495234614
132,34,144,3.0989589049607287,47.632446404215116,233.26419793022419
127,45,134,1.197162682609778,35.907440061577134,241.15039310696764
126,44,136,2.518354681357205,15.142780143583868,285.7708841498592
146,44,131,1.6961699163085395,25.888924833486968,265.17067275201913
120,35,147,1.089201544082616,15.754202565268594,143.4390867330871
146,41,139,2.4283579910638635,28.351650551618658,291.7289954314616
135,31,130,3.9044496695777426,47.638691101102346,265.8360144265945
125,49,143,4.684087469433617,42.265595712685894,411.3886979636375
126,38,148,3.649054052362599,36.704624578023356,369.56528209919
131,33,145,2.607880512521562,33.8493215375635,280.5441857000156
142,34,148,4.997984449607511,28.04036731160483,318.12892752186406
128,37,135,2.131774032400841,22.403889609575597,263.9612161730532
146,39,141,1.7485257308327222,17.1883721234742,321.02529435872657
130,36,132,2.854729076903672,21.655133335371247,272.02649838730144
129,43,136,3.019645661767231,27.303202895576057,365.99877245385835
140,34,132,2.419293520173305,33.19968908203485,254.52429153461142
120,45,146,3.78199631618128,22.15413634837499,308.047848299964
137,44,144,1.7354576477128685,49.10150066989427,310.4013024263595
123,34,148,3.041359039003224,17.68975513472017,190.02819925178864
124,32,148,3.000507834003153,18.317713126177125,318.4952477306589
128,39,140,4.295145690726557,38.891082667211364,267.75364749013374
146,34,149,4.707872795043219,41.427155240403195,371.8913750706924
136,44,131,3.6530634948426384,49.03580141718534,273.44702768956324
122,47,136,2.2214863613385645,33.56554775158435,288.80640550028403
135,37,148,3.758444079473164,20.80768748917986,281.41056743480453
124,31,136,2.005484516962004,47.82751341699171,306.76893016788495
135,37,139,4.86617756191815,49.30820376930736,340.3896147558127
122,37,141,4.289448476330851,47.32298676882922,294.27139845249775
139,33,147,2.724761021864152,45.50796624766758,367.2249285607238
134,48,135,4.137374068566385,17.715093660448915,320.0430158972763
149,47,149,2.6346225814476325,44.92055905211717,323.2764263659936
122,30,137,1.2984406351189914,48.362941465234094,278.3385302799037
139,49,134,3.8270754920024217,34.33100672450162,281.17335463800873
133,44,132,2.6184553321137622,42.04057348876327,234.56804631697958
135,47,131,4.721279267135447,38.13134742245051,285.6505905212297
148,41,135,2.2262448573171465,25.08203431020363,238.119903563342
148,30,136,4.373331285818374,35.56319332779432,285.0256558287053
136,36,137,3.721751380827057,46.12807081186973,332.3493825076182
147,48,133,4.4132984645115645,32.3734848195682,228.44034488844105
143,30,141,2.167527508374222,35.655086999279405,177.37023076793713
139,36,141,2.8453816132745766,33.60123037408202,314.1708491946067
142,31,146,4.292516044941721,24.884170705647975,264.34333568921164
137,36,148,3.5752752767381337,37.528208796053804,298.9557606079517
137,48,138,2.4396875979813384,32.83145127587612,252.34203605433495
141,42,141,3.0479825028372,23.139109817186267,348.95968724857147
133,34,146,4.984392377453103,46.33823533118783,353.737523038944
137,48,139,3.9673919816555276,48.25160278775852,377.3064022794251
134,30,148,3.458090611120116,16.938042934862143,236.49335677219727
134,30,140,4.311645521734063,36.78220648802146,248.36576440554498
125,47,149,2.7681213550886805,29.526599158581845,268.09019536306306
146,30,142,4.800256018586742,33.40840086020685,309.01376687512186
134,34,133,3.2080849147827686,28.084040402124256,257.1121667544591
137,38,144,2.307488598505154,31.602546925578306,270.4304105998372
123,41,141,1.344079910286529,26.320187683337828,266.2174345139692
142,38,139,2.502780876988894,19.11611472635301,308.3696713379734
127,47,136,3.2745535081462815,25.57114228185214,312.47908759517986
134,40,131,3.812992554932977,38.461629228302776,323.14092870773646
122,30,136,4.500466771644293,16.763353288619438,230.05692666901015
149,48,137,4.775843341295259,28.395633514686832,287.152833304763
134,39,148,1.409815384724511,16.480470845987067,171.89679429423444
132,31,135,3.4036199439912593,27.469319398869374,307.52546084746007
128,36,137,3.666358596652104,18.0664092028401,247.4272363007754
121,49,149,1.6882552679734353,26.88740340715547,233.23178098834646
143,31,133,3.18240272105366,44.333069313162284,291.24625872896587
127,48,149,2.3393345423211005,36.46930455372558,124.71593544338214
148,35,138,1.3096693279436535,38.880304850265915,264.8569652410436
149,39,134,1.2634639646685688,32.63300447043077,256.96007686142246
139,38,135,4.036851921773001,47.28335954852977,388.5656981275986
136,37,148,3.461821807488086,33.94055233713519,369.50940588299665
132,40,141,3.860486712921474,18.650293084680214,234.8903771840571
120,38,134,3.741112618145573,47.65860712201664,239.7557712131435
121,49,134,1.5372491991167467,19.65721787771824,285.739369864944
149,49,147,1.6062610260949102,49.97096196345783,326.4317044522241
134,38,135,2.009934896828466,30.23844916355317,386.3120249627442
131,37,138,2.596402347858759,17.571991347986188,331.74984395648687
133,44,140,4.7567048997505275,45.24357369099951,297.44353510649137
144,31,143,3.6955694455317776,18.250901552376934,228.78512376698058
148,30,131,2.0206877378001384,21.10513123541343,280.56292959160635
121,38,143,1.2239364073093597,29.60714682120514,219.90687553505524
137,38,148,3.7368957232254925,38.6665194842355,334.9784562589779
141,42,139,3.5012738832642083,19.239900574487052,218.34221784839116
126,37,134,3.7030536734485477,36.79188143685721,382.45102849685566
148,34,133,2.044718616234319,42.31352337011117,318.86343873770323
142,32,136,3.0678528689014533,19.32236364512707,290.95306401868595
148,33,142,2.446811205565956,37.66497141971294,180.3621936817188
144,46,139,4.270795755782981,48.560655853385384,242.44893607767267
125,45,139,1.2775866484746716,48.85882626498881,358.53942042667734
133,45,133,2.1017671577665435,20.658191131968458,181.83524895325118
127,49,145,3.4118149766814763,41.58964302968482,337.788060268814
146,32,144,1.820895108296086,44.63213521617476,333.85454842342585
141,35,140,3.6908537438914975,46.113713332062005,300.68171248902104
121,30,148,1.547090012800612,26.32884964951593,292.0385745183164
136,45,132,1.0912491674988125,24.454145731311655,140.34162369405877
124,44,144,4.453978131380481,16.675137280542476,301.0059719743827
133,36,145,2.333777605629121,28.98151233078623,174.6407728041961
144,31,143,1.6273959322441294,19.338475711652276,305.7797740870553
143,39,134,1.6908361029831993,42.51900603090789,382.6543925944726
149,44,146,4.543581576138259,20.003830015399654,317.40387880612246
148,35,147,3.6177256245872487,43.66168724426799,349.2983271039891
139,31,148,4.82538506636036,18.76647465161488,269.82865582728607
140,46,130,4.200161293511625,31.82154177413963,262.65657063222733
148,30,138,4.070170740112677,28.462199030810766,261.7410967668934
140,30,143,2.999282638300329,36.05403246161593,276.46392266990625
141,33,149,4.2832195948245815,33.15701498258035,199.89123068411283
122,49,149,2.6506101537674067,35.95192841542841,271.9511276761123
124,45,140,4.308001988129417,15.03372898214224,308.0483647426686
135,37,131,4.030965166748491,19.462626606191172,303.3546195141091
137,30,149,3.7137545023842042,33.09920646629993,343.4009290383876
145,48,134,2.3188647438538266,23.038313629032444,259.6969521163505
136,40,144,3.5228465492342407,17.67110041362426,201.98891870357355
130,46,141,3.027150499100317,22.619537964072826,271.68512419965924
136,39,143,2.846171467703639,42.29508453634038,293.99117583724654
135,41,140,4.960985333533902,33.95929325622404,262.3095621152484
145,38,138,3.0175913193218804,21.65269094548131,218.12358054611556
142,36,149,1.1279448216146681,15.559243020913469,239.96429375615566
121,41,137,3.5058714763275765,27.51584577738865,318.66279835016394
123,44,141,3.9120433801105516,27.51143571308463,224.40940221500261
140,37,132,4.540735477266976,40.72938230253685,413.11708351568984
126,46,144,3.5307389068913078,47.18026634991448,367.6056584707909
121,34,137,1.0778284687940354,28.020492063891716,198.59979917938398
149,43,136,1.4789773432447682,39.08464383476326,207.82256696586165
125,31,146,1.6449601966320548,37.2216938154245,376.2053899690144
136,45,141,1.8450454121073747,29.772809955209084,342.44118706495897
126,46,149,4.199107588620013,17.3061528172171,299.40748135997876
144,32,147,2.239040200036686,31.571257538652887,294.4635119705845
124,30,147,2.2494492910834425,27.39484944694442,223.12286487814006
124,47,144,4.022349763910913,34.25680350477408,305.06277634700405
139,47,132,2.6497462980854243,19.388897746360023,314.4996861237696
135,33,148,1.258558127815212,40.348393103789824,282.95959551826473
138,44,144,3.34050578304254,42.5712651850537,236.47309127311007
128,48,145,1.5202707460186002,28.5961574540079,206.0248269427928
124,48,146,3.2866571198767165,21.134655131425113,288.5634459519887
127,39,130,4.118552430487601,36.82523039384294,373.0987368076311
128,34,140,4.717958549309093,48.453418865086164,390.3777559729243
124,48,135,1.2682104277969546,39.517610930039666,405.83993132042883
129,40,138,2.2158663350499626,19.321878188936523,110.24237769248431
144,36,149,3.609855932031867,28.902703435872347,194.00833746379902
121,34,145,2.2618120113791567,47.037909655143274,239.36576392577464
128,49,135,2.8041024447721545,37.20479161796315,214.78071819278415
130,41,141,1.0803634501771842,20.150326865885276,184.41357082629477
123,48,148,3.7739920246473604,40.360726995145015,399.305723129381
141,44,142,4.533120526048052,27.37315761500128,223.38433636938765
141,41,142,4.90743859125182,32.13370372546537,355.52329226089705
141,33,133,4.322133395823052,29.52662962690056,227.07265225751496
121,41,138,1.1271050496955128,40.399381131418686,222.40210370566706
142,47,143,3.607415872707238,22.6267146401786,296.66642253421264
148,46,143,2.9826369852554793,28.59294229146382,243.8809596616389
125,48,146,4.751581972855661,41.059100146163075,376.17235100316736
146,45,134,4.608555458775941,39.66739777878862,338.4049402751291
133,40,148,4.952184697528828,22.061049686338215,295.5820004454773
120,31,131,4.447736897046731,27.273237874201847,333.10812742703047
137,45,142,3.1875685354286025,15.502740867790378,286.7746337736672
126,30,140,3.8596020616404227,33.55603819428313,398.23799926710797
120,46,131,4.8587089454661605,24.832949077251605,254.9012410443046
120,47,130,3.31246691106637,15.415307084194572,233.10675351028482
120,42,132,4.359916748049054,29.8646752272238,248.5993305532921
143,34,141,4.7688395044882395,47.440439908738696,477.1918364399806
123,35,136,3.2821507649951758,47.31904079817433,378.9747230818517
123,30,130,1.6366169843207077,28.023599877775936,298.8997648397211
148,39,138,1.6222535725608576,30.721225854911463,260.6965520845638
137,34,147,1.4612686966718393,23.49385122155849,205.3613704408309
146,30,149,2.905292721099761,17.39077222034328,228.6152426264879
130,40,135,2.920566313091017,39.287433897553825,268.32168703930427
146,36,138,3.469484753484815,43.001844738575095,411.1525832214297
120,47,137,2.9314912564829863,45.803662447611416,267.2799159068783
147,49,147,4.8922200619361,47.73505518965405,303.1153838674346
129,39,144,2.165243282395812,47.058717806649305,193.0235001235136
128,44,130,4.495266502178616,15.958419844116042,319.4546972336042
142,33,143,1.4013217104687787,49.23332178978768,341.756073163973
123,45,147,3.4076707121469223,28.282570756456817,304.43431408689236
147,44,148,3.593300869438134,46.01376896939283,229.00063238513098
125,44,148,4.088920506305804,30.42660700882492,314.25471218953317
149,41,139,3.0120888517808027,29.776667885874716,233.2955222908189
135,37,149,1.7889051481012102,15.39167148846596,204.9253613251983
121,37,135,2.47599045025376,16.835450658992364,333.5567573157797
142,47,146,2.088646065982517,38.494767276404815,186.80746982467832
137,35,143,2.676422062540809,47.8174212599277,262.71018822079316
129,34,142,3.119873230850801,22.854009334261683,146.34674911207378
143,31,137,3.5002811655089974,18.287166028520495,179.93784529233142
143,41,139,4.38048777966705,22.484996154470426,241.4932030538419
136,33,138,4.6400412842414225,22.43119462976915,295.9927836812254
132,42,134,2.8503251396054714,25.259746123117143,243.87497829274048
143,46,133,1.3546857494250157,18.316021364062966,205.8453105824277
137,45,135,4.188260758406882,23.243434919006738,245.6049559804154
141,38,135,2.90863090056156,47.24461920165021,324.56022226097537
132,30,142,3.1857864054850444,46.15767331072797,372.4816380811027
136,44,133,3.3831765598917536,26.07065192523197,272.34853954765964
124,41,137,3.671471034967961,49.89127102492952,400.60963068781285
130,34,134,4.560403440130031,25.442358761854585,254.3057333427669
126,47,131,4.808584780840764,40.264043667742236,299.8080091132446
148,49,138,4.760677276233148,37.54030877188682,297.6406078832265
129,31,140,4.237854609132137,17.259395090635508,324.905199115438
136,33,149,4.556969014335211,26.980389610164423,198.29350030502152
134,44,149,1.1986190757934319,48.302486622782,376.6051386196379
137,35,140,4.39645066581863,16.780342664780925,266.7863880198648
142,41,136,1.2890609474160981,21.120951373803912,262.9459158268685
141,47,143,3.9847756303452266,48.98310215547519,322.90609554790615
138,49,135,1.6774544863746592,16.392746594728134,324.78279813601046
149,33,133,2.440441783247777,30.631257191706347,345.61622776449514
145,30,135,1.7367347166170446,47.14228636371742,367.72295942781415
121,44,132,2.77384654654911,48.02875759900462,293.1962297741194
145,47,135,2.6469897752664804,49.27623120530343,269.44474199399815
123,43,132,1.1922513758909754,31.84624415351638,130.02602356390076
122,32,130,4.3219917804109995,18.026799574101315,292.57330420991474
126,44,147,4.416745983177701,42.04461485730315,349.9977227649902
143,34,133,4.150028976019982,39.81442152340397,347.1922192194364
137,32,135,4.390426412925075,35.2864688169431,293.8969885451704
129,36,146,4.0035161412451705,46.088255506999374,445.510920069109
126,35,147,4.749937781492575,46.90495311453732,357.19621707187866
127,30,135,3.3055690007992204,38.91354956387529,281.8031187581413
125,48,131,3.3305701863447448,18.92349815221449,253.49875152295422
141,36,141,4.439639633700766,18.343381051976696,250.93885414143512
145,33,141,2.397662186874387,29.302041325119276,257.2315779198568
120,41,133,1.200329416810284,25.244520949062913,280.18426680479706
123,49,145,3.999421581592651,19.654411454868697,293.62553959044226
133,47,149,2.0183567176414505,36.39167874173401,331.12228056448316
136,38,139,2.896943248119841,38.92354313872377,398.5354441502311
139,48,139,1.961759342697997,39.42888921357355,318.6534585139867
137,33,136,4.308363408112794,21.134704056975036,386.71688687294693
130,30,143,4.833171860317908,25.70453324901309,260.1628863726562
148,38,136,1.2200924144023513,21.96685162476445,239.90311947102717
140,44,141,1.9334865258546734,36.04669809122933,173.8764727633821
145,37,140,1.7582484952612405,34.84785023696568,325.71588591652886
133,44,146,3.692814050965866,32.61597029832179,305.4024911763007
128,44,140,2.7147135991013687,25.361979549273844,360.1879177148747
146,47,132,2.82504665405691,23.296852437899616,210.46403901219864
134,36,148,1.628316337521372,46.16427412896251,206.8973590728997
131,47,133,2.6589385661191822,16.709888480750724,167.5452577089429
129,45,137,2.21291312249353,37.9739432610963,316.1810755037934
138,31,143,3.444763658682714,15.685194336059752,290.4616737991365
143,33,149,1.8689529149470454,21.78433446867055,259.57449709606345
138,49,143,3.4592453645041896,25.131921410203237,257.7326760155084
125,45,145,2.5109807674357,46.02700892414347,237.35405051979848
139,32,144,2.3851782481135855,19.820722675043474,149.2927106777567
143,31,141,2.2222265366440546,47.823229439515494,383.8732081183048
146,32,145,3.6953339761033197,43.54097064824591,323.52134045405734
125,34,149,3.2496736217319033,38.766624844087715,346.66477652450254
127,31,148,4.406886800008567,29.411115117026924,264.04671729671134
120,48,134,1.9664407103015598,46.68399069930893,256.68070029330244
141,49,141,1.1604783176449822,33.478426043309774,226.15451424465505
136,31,134,1.7280939273516402,27.99226347789326,193.7274381964997
136,31,139,2.3734254573155056,35.496839652261286,329.5889848889696
143,49,146,1.7186199612340745,23.129367728077284,302.1712905976573
134,47,144,1.3340427100254404,24.550736202665774,245.24890909254069
126,49,137,2.7813538926782746,47.176007780399324,371.3828405450667
138,43,137,3.707734655009757,42.78743945347772,299.59367707934064
141,44,137,4.00628306781591,32.972525520988924,377.0371035319039
144,41,139,2.594909298874414,29.579858693112055,196.75764072726815
142,40,149,2.912178378188193,43.26494786528785,282.83438836370465
147,40,142,4.021881973499202,34.97227166756476,298.75764043073667
122,36,145,2.4108313212333803,29.52618067446039,336.80975412142914
149,41,138,4.139064845071891,33.04070771985045,371.5608112613243
149,45,145,4.86950426239588,23.144823535204505,301.6724135189664
148,34,139,4.521922493365522,22.06894589463475,247.58268186684776
141,31,132,2.8143813467481085,49.6181772655573,251.1760256596369
130,45,143,3.3180739795556993,48.93571374035676,359.3696295305255
139,44,142,3.865705546624266,29.72894881524475,254.3995806356648
149,40,133,2.397201769744723,33.03415361369288,314.8137862701697
148,35,133,4.196952399905143,43.951794822375206,277.65719274818224
138,42,135,2.747667981122124,40.40424792792237,264.68251378916113
128,48,148,4.387366232401736,18.48422317248385,259.2041947292156
129,39,140,2.018935579704262,28.11138689984221,301.4909949816562
121,48,137,1.0455122253313291,23.755293513100355,257.9411432803406
120,34,143,3.5307535838895,49.742056708782016,408.51568525722314
149,36,137,2.8075564699725026,41.20455559512307,366.9932276826988
135,40,143,1.239292468070241,16.67178232024172,265.50515778953144
137,43,136,2.9504494122923024,46.50132883096977,304.8733163377151
142,45,147,1.6742793816860595,47.47854329296403,235.73574660722278
145,47,141,3.518996650724253,26.664414170034323,314.30624865331794
136,33,143,2.7801823105796983,37.46922166619824,232.14135537297472
125,30,144,1.6844990076198076,38.87136473184134,209.4029263452054
133,44,147,2.647755788848332,40.53416675578656,270.7587149547532
142,43,141,1.930835232709875,39.2727545579467,168.26812143979913
144,48,139,3.612387121891659,34.590130294172866,344.8793232091531
134,34,141,2.1805734961829213,48.38453686952635,240.48554442835643
133,33,137,4.288069400205212,32.93309602446878,242.93456416533732
143,42,135,1.0566528219660491,18.881962987937893,164.9508397894375
141,47,148,2.6136719061691793,17.8148919110607,310.58325110742817
122,41,130,3.4683218223518844,15.643181673009362,223.32843019869415
143,44,142,1.0904331377966519,29.97731854024942,290.0906801734702
142,38,145,1.8633676100962187,24.563269277872916,281.0909709262231
138,33,147,2.3096798381178396,46.332662037134284,314.1112403989734
144,34,141,1.087378218329377,45.350175052173284,275.3445345161108
131,38,134,3.186762819402682,44.324487575578836,292.71624572783736
121,42,142,3.523473556337932,45.35473410897806,190.849427927745
122,39,137,1.9100890072521315,25.416198781254298,268.5287956177217
137,45,135,3.1739309093135137,29.91411404803871,364.3782556642732
148,42,132,4.9965075566299895,25.910832074654127,293.6253315651824
120,33,149,4.547677150989278,18.012836859299792,319.0529973862668
139,42,133,1.2346433264019594,47.341620273139334,219.04497486172903
140,37,141,1.511529857665301,36.55741930095721,302.33585795360585
148,42,142,2.9776132853973087,19.639333997812145,241.80080272041096
125,44,131,1.9808044594588599,22.212063482883995,191.86000531295045
124,49,148,1.3238769487073236,30.77634196313175,207.9315766270961
120,49,133,2.0182179709828754,16.81629272821139,213.66322362736113
138,42,142,1.2447123906952102,24.519712342980995,186.9567593044339
120,34,148,3.1196497684625957,39.620623568492235,330.27767561123864
146,35,137,2.961000414682542,47.21422687104203,275.26543602694846
140,34,137,1.0253046142246007,47.505599551297344,285.95069267467636
140,42,145,2.930065582575717,33.20101792078149,328.1216795855649
135,34,140,3.0792205890439637,25.925433919544233,286.5585912744111
131,42,147,3.4228149640463954,47.226097929341286,365.39680283524996
146,49,133,4.8803988976260175,42.53222171704426,389.4026806887379
148,37,130,4.930769708208002,35.5489170566492,371.36028650743003
141,38,130,3.1077172426832886,44.20935155067899,303.41922402846683
127,48,143,4.3807467904391295,31.059062909665233,197.83198155361424
145,49,133,1.340663079961237,18.926819214556946,139.5930440403581
135,44,140,3.1246184897203015,47.838334184951876,433.49158852919885
147,39,147,3.7156002368958467,33.69024769623654,376.35700434744047
120,40,145,3.2589152782781934,39.33516933100586,306.4222985984034
123,34,146,1.9228839778167401,28.730230250862764,283.6083602252468
129,38,131,1.2506319452184438,19.75095328198643,221.14305688747868
130,40,133,2.5466771383007583,24.515862823215834,314.14763468043077
136,48,132,3.590569991147035,16.52854203481027,176.5243081844962
144,31,144,4.966852294622248,18.06528606679586,270.0656635387232
146,35,131,1.9461338055357849,22.172168931487644,259.1299532811202
142,30,148,4.671159638845535,34.63538958590128,347.96957268984687
126,32,138,1.273045598101056,49.750965794289485,399.45475402143086
131,32,139,4.723957095695913,44.530315820265734,299.21134811746776
140,43,148,4.32946707148012,18.005346858256466,151.5095514427216
126,49,134,1.0837814109273918,44.482028508187035,282.2779926559544
131,34,143,2.1927414963546585,33.7708957851184,233.69889207794353
134,46,139,1.203826614714134,38.111321359465904,175.35448395287312
121,44,145,4.982023486118238,19.54180020334823,275.3162366912986
133,35,135,2.711376018335105,28.840407948721428,329.69556153303023
132,43,137,3.6486940784425497,45.944260020484606,396.1245978602992
123,43,131,1.9367622992895472,29.887797016521542,274.3947478821042
133,46,147,4.7349449546702065,19.448971715731226,395.3643788219272
133,37,149,2.0966963541578867,25.88763499597618,270.99140192377354
135,37,137,2.040858429209194,22.75319021287691,223.90727307906977
126,48,134,2.2584003837654114,39.04139640331256,230.72711564922758
138,38,146,2.8499566586028258,46.88597175345435,308.3285831015877
121,40,145,1.074130904918844,40.67214853118676,266.2467789452081
129,42,134,3.391350000512338,44.5266994572398,232.17216962802576
137,42,146,1.1266631885629526,43.203618196246154,223.76656812355435
148,48,133,3.1568099509583725,15.51115060776341,229.65163813792117
136,48,130,2.831539608728448,19.352957059289775,236.5132765802106
124,34,135,1.9701882325456408,29.81826801815918,185.55709519198575
131,45,130,2.319072068683307,18.923138260442723,294.6442721365285
125,38,133,3.822639244978679,40.72271678169962,300.42762101803316
141,49,131,1.0383900794855854,17.456560103518928,180.8352200085889
128,32,142,2.266588552103039,29.568465695777142,269.6724452074818
139,48,143,3.721189016659469,28.730122371466503,232.60811423467362
120,34,146,1.6090954616102002,34.02059797763035,283.5507409868696
141,37,140,3.2415426167444132,37.02821035720511,326.05088985079885
134,43,132,1.6757317139308507,48.143472959585196,238.337972198775
140,32,136,1.6190475074279984,24.49146796447252,226.2366172627909
145,42,139,4.089120382895027,38.309457101648775,235.73798434944558
125,40,140,2.0661014132045508,16.22796764035512,175.06287486681995
138,37,139,2.5030764758101096,15.035245048549505,198.95300099044593
137,48,137,3.9200722624998794,15.887537387689846,278.2870889236967
125,39,134,1.7180784021719053,30.711911377886942,197.10506074890515
132,47,131,3.1269480853314304,34.42546030139158,318.26778448560884
120,47,144,4.671278655058652,15.217407629659618,256.3341845282059
142,36,145,3.2153072775139546,28.874403915504203,292.7782022108928
142,45,133,1.1953830664937177,16.429984064723534,256.76559165843145
145,35,145,3.3587890987084426,37.86493766312549,383.0230050010621
132,45,141,1.3606135980575913,37.09312110823819,183.64721725680238
126,45,143,2.128498161733132,42.446439584089745,343.8933789168632
134,30,141,4.398700421374046,34.11913040104547,430.2130509673412
131,48,145,1.0442765122744717,36.80324399089949,310.6240534706248
146,32,145,1.3080532346584866,24.77967526086438,270.24757223318505
145,35,141,2.4534565147214837,17.99088363549511,182.2153856171152
120,33,131,4.997583519597398,40.80571566916976,377.91852113140186
134,33,143,2.167455624287373,36.41521666803928,356.4746089034407
123,33,140,1.6290984749441249,47.841614097207454,347.4391728974973
132,39,138,3.1976885313929957,49.62290445870369,390.8358888169924
142,38,136,3.0770200862816135,44.654941702445626,385.6305232339724
146,37,141,2.79847835371535,49.496765085712035,345.91417062878077
144,48,146,4.786615008171795,37.66062038442837,393.5967635079804
124,46,138,2.120597483802075,18.21822065079777,154.82049019170722
148,46,135,2.173296917047865,18.144138870797327,334.4369011299804
121,30,141,1.5610278855483366,43.24919209650345,292.06759804681883
142,49,149,3.7891520716647014,23.29011525633127,326.9566653157264
145,43,139,2.285477884322153,17.134587251963197,258.09277895092976
120,49,138,4.210961172182611,31.529611165721693,226.9490441848354
135,40,141,4.887031509491681,26.012604951351896,179.08765583465572
142,32,130,1.174740967962368,35.58522019486401,276.9475633053742
125,37,131,4.9724875602325,36.00528619862965,336.12612446613497
142,39,148,2.0164169054283376,38.85253504126791,319.9314992993615
135,46,130,2.68044142901811,35.17548131920341,231.25182086336414
133,37,145,4.110973417970769,28.332131645463146,270.7363043305837
148,30,145,3.6613245685572977,15.828334477130959,274.7027321319357
145,49,147,4.1137476833394935,46.67809638432398,309.56368103299974
122,36,147,2.865328062875435,26.442260543704947,211.63110810792892
134,38,142,4.664268314291454,32.750270125379984,242.33528888149658
122,41,141,4.159763221620441,34.4928154983548,292.9539790586187
142,38,138,2.2369119017347043,26.0198527158784,315.2553610060401
148,49,134,4.793920885395039,25.79683347383127,117.0730660060864
121,32,138,4.844216773705417,24.13015331168502,243.3988605026702
120,33,142,2.6602142230269767,23.51736705362385,270.51947929397136
128,39,145,3.6078419519503626,16.063850541546557,308.82968762073284
128,33,139,4.259074140855613,48.52701105843659,320.27994081269287
142,38,145,4.269202867485789,35.835362057237596,312.56244331920186
126,30,143,1.0564941787630295,18.7823453190762,201.9798812082253
122,34,131,3.516054532186166,35.718544723584294,278.9079302130661
145,38,148,4.894797189802425,23.12866582328602,178.18043408083236
137,34,140,1.9253885911846846,25.873871794868833,242.68609510380142
130,35,148,4.182435436707754,43.04088659372961,210.87421610826487
126,48,140,3.1369904843079297,46.00307065875646,243.36706346659537
128,37,143,1.885880844555646,39.49383625729256,235.8713425357584
120,39,144,1.204151896335984,47.64035187922046,318.83921052955617
148,40,136,4.039686844068031,46.67594723513724,289.46098078328305
133,42,144,2.265881398099308,34.29095419326306,200.6481849208343
139,49,137,2.5023441122604186,46.77463307863951,329.6551008972417
125,33,133,2.9409242129960442,34.07492829132394,360.6294598606923
126,40,147,3.028779611885233,18.649589968756967,246.8763915144675
129,41,143,1.8247423078816443,44.03093477607203,361.1373275190403
126,34,147,3.6825679607538837,19.5920862584716,279.0161394877006
145,39,133,3.7701599198234943,26.058604684513625,333.9462371627178
121,36,131,1.569203697996974,28.292747868199484,272.7959030539208
149,38,135,3.131638159650325,43.25500790568299,266.2766710622981
123,38,140,3.4370373929091724,17.92378361354877,239.78925018533863
140,39,130,1.7450061736011695,30.572951263557698,276.13574426235016
149,39,144,4.57784850611726,30.285053387231805,325.2996653233688
147,31,141,2.9313034447011534,35.3756083830248,281.3262838615822
136,33,147,1.4601134306640686,27.38540736041728,280.49149630626164
120,37,134,2.337584710484779,35.20068743578607,262.4839244863568
129,43,140,2.9078417930986156,49.506299796570886,201.80935327311377
138,46,148,1.0405766123228157,17.504221488969062,286.0920803485976
134,42,130,1.1276395027898962,45.61199598506316,324.9386111281338
129,47,146,1.2220823812424717,25.8020303324777,235.00134863316595
138,47,137,3.152540903597733,31.30007526800013,254.77965790000442
131,42,145,2.3443527849500847,40.939111907880914,267.6788915026302
143,37,140,4.572416192223998,46.85127622065461,323.9498096492357
135,41,148,3.2369354893155773,15.31764192377994,269.56915040008846
128,30,140,4.039585315283644,38.17672959992322,333.30745382401864
134,49,144,3.7485327070202894,17.434331887385227,359.7934488692704
149,47,137,3.081282908950902,33.39874817098787,315.8073194971939
146,32,143,3.978881759060499,41.2416030910784,299.1000033575763
147,41,130,3.1788228114709156,20.933694946029725,203.47631747583029
136,48,139,2.541825220761802,41.73247417148407,268.112828707838
133,42,136,2.7432193300305934,25.833825093383478,320.46980469428246
146,39,147,4.354005358175526,36.36928958316871,272.1436167360015
137,44,141,3.2530942324941874,38.03143635475817,396.7040807954229
145,49,131,2.5091845926492624,37.7143254519365,212.11730132059702
121,31,147,1.7189726063449924,15.649067869734903,267.0695666973444
123,48,136,2.9814313688068212,20.32959027116876,291.2182652760543
137,32,149,2.009616438129899,44.9670941625021,247.89915908171625
126,43,141,4.822319512513481,47.89447954082648,358.8816758459003
132,36,149,2.9639283386043527,34.72837610724582,288.3960746511094
134,37,143,1.0357930955570285,35.893997667248655,231.577433200267
144,40,139,1.3715087579778968,41.426070652073676,226.49055767232784
142,49,138,2.13729796684217,29.213685021288768,250.13139114801942
147,35,144,1.368651366793244,26.48057205712016,325.20287720847233
141,40,149,4.575848901981606,41.88705829739756,371.1300691842748
145,46,139,4.417406267202123,15.989997993772002,338.4141589186248
120,39,148,4.883446035507027,45.987120084362644,285.87451769430066
130,46,148,3.8258624573752393,30.43158836774848,296.2852964857766
129,31,141,3.5818581848480635,32.64800152203834,179.24254130173534
144,35,141,4.693986551583107,37.19973551824246,305.4524632109074
124,34,138,4.785572579225297,24.603501191581877,258.4480280748106
135,33,149,4.5099513715344095,35.90856220073977,359.80704015782396
130,31,133,4.445891375279291,39.256363139750285,311.9825663368094
140,41,130,3.686813021774912,19.12760074775807,161.03798985543602
125,32,145,1.0064237889585792,33.216477320596965,231.47158115664405
128,35,130,2.718068201318611,26.529704764950218,152.75977817078723
132,43,142,3.54265108471739,34.5075203984728,264.50577171124297
143,37,132,3.188509521778419,15.745300062391046,227.74062933507273
127,43,141,4.2845065195634895,40.99381246739088,317.6488312443688
133,32,138,4.275609106056519,20.894157659135,286.1917161567903
143,45,133,3.3947280378464226,39.12854316791948,196.6250301424372
120,44,131,1.0879762130362547,41.90852192534636,278.0640293091686
136,36,138,2.477319809338871,41.34141973553375,296.99615959198974
143,44,149,1.9152663413738957,43.61257331043173,198.17356601306986
124,42,142,2.355152435021003,25.771080291351954,241.116728626446
144,35,143,3.4691706180642474,48.84896078673523,363.84209630884527
121,44,132,1.2658476107309102,15.833636129692401,131.4888565937515
144,46,147,1.0889681961958861,31.842003364021068,268.96128010105014
147,33,138,2.7474916639212177,24.459972841980345,219.68246278526436
149,43,144,4.1742953289905795,40.8958157446406,368.13341544768264
143,44,139,1.1227942983942074,43.182814989275414,302.85602212549173
128,41,146,4.396194340372254,43.783738463123946,256.60396543857803
123,48,142,2.5355185310000317,25.39164194721417,290.1562611186883
136,39,130,1.4729417157818072,24.594918763928433,329.13101344448137
136,35,140,3.2699909151924085,38.69275017474598,361.78498452841234
140,38,134,4.809442245697637,47.486452760412284,300.4027604985443
137,31,138,3.17005159615526,23.89718254551344,355.614392553075
135,33,136,3.7465390231438858,46.870989479166994,398.7159935090764
149,38,136,4.26568514756408,35.70114875784433,285.7697095323973
127,44,131,4.197360488989679,40.82783076773798,316.89686787996584
145,42,148,1.2924749140549587,30.396222502773686,214.776848627421
130,49,149,3.9639816529236995,43.24000275796369,271.79715737992865
140,37,147,4.797798263491499,48.967251246789466,358.56881422136973
140,48,139,3.802608935922309,20.970150598637545,278.8266100734509
137,48,134,4.345771574841871,28.494579875008725,379.83160967862784
142,45,145,2.942198804044479,45.18598261217818,214.8920525175921
148,40,134,2.2762773054914858,21.183550831054102,246.39227019925858
143,39,144,3.7049568923634957,29.453720520701214,313.88907118703685
129,37,145,2.9687999124776607,20.81402883987896,262.00508395878916
132,30,133,4.58115542525762,37.692889056510495,317.22575549782454
136,39,143,4.897527874375438,23.34117032698014,300.48013654751674
137,47,146,4.279208270036002,28.32807368891605,267.6699074070964
129,32,146,4.970718469941776,32.18967803887836,353.00054113513704
135,40,145,2.3934823935772127,25.399510753053875,285.73143176044096
139,47,138,4.5830215150179345,38.79653256493192,378.40054826104495
124,32,131,2.319734515189518,18.893730900093857,311.21711006386937
132,37,140,1.4721523012238142,45.79302676524274,364.4846068563214
137,43,144,3.485494781245795,31.84691597703516,370.10240442518943
136,35,132,2.8199545372479853,35.048494689487285,288.16484776115107
128,44,145,4.686796933722471,36.77453871531586,223.31958147467807
133,43,148,2.9687755503120603,17.088871668880135,254.38954723988718
136,36,135,4.710530317257213,41.494676443670315,252.21361376437875
148,39,143,1.3145354687804103,48.10796489712,354.3359566884064
123,44,134,4.322047342985339,33.19677872458047,252.35447509598401
137,39,134,4.036457073857529,28.680404815944968,217.7324418210045
146,46,135,3.879913093914169,42.467854753903154,300.54649050303055
139,48,147,2.420543420275159,40.212353543534604,278.5867808426956
143,46,147,4.135038543990298,37.78415287271277,334.70062499471453
143,41,148,2.933186316979108,48.78729985466981,364.03232912926507
134,44,131,3.8608140435390723,35.36210476711416,312.2330314353591
130,41,146,3.2089085871406815,23.693151037202234,255.53257975170757
131,38,130,1.6297588181336442,15.866811677627892,292.40613592481714
128,34,138,1.258234360693209,30.87117104586291,284.25290961587376
132,33,142,2.464746604813615,37.83132450101266,303.75556023743223
134,41,133,4.731155291783393,21.024869847290674,265.8969439614387
146,45,134,3.1189400832862124,15.901730831202116,230.46859908729255
134,38,147,4.208768270467484,46.8181309345095,344.95091594917204
147,32,139,3.3038122825953256,25.56815997426382,312.23965094260564
124,32,133,4.8316211450937505,31.311730205647304,332.5491725985502
142,47,142,2.4778222486184034,18.187482066661765,256.8839318738669
138,46,142,1.2282018215118917,28.356465687310056,233.04125601753822
145,39,146,4.122673533222338,29.832065604915233,299.95123318903774
139,31,137,3.8218260333243657,46.59605879553558,298.1414178277425
145,40,133,3.1101375289533846,45.291011743418835,287.29695252956196
144,32,132,2.3055649727612586,21.615071445848834,212.70343982366091
145,31,140,1.753060590757757,34.46217793329915,227.74110887784582
145,38,141,2.9291041767052572,40.5936731444496,270.5229937805926
133,48,138,3.6648056371619475,25.214769811183878,262.9001204991116
147,31,144,3.3155457174807714,28.80515443223664,268.6881159817101
136,48,142,2.749962041486432,49.47084507625467,279.0920494844204
137,31,134,3.15877777731678,41.590624750688136,353.6538876383631
140,44,134,1.4318197212583939,30.30130219584244,325.0843750932071
122,32,148,3.7833604154396854,33.692859623661136,322.31007353815755
121,34,140,3.937024175183734,36.902382416468114,270.4282693652454
120,40,138,1.0458104163883624,32.459419424597854,311.7952575660689
129,36,132,2.082078223443476,29.406701123867876,207.94040495195839
138,35,147,1.3684674406930921,27.5772398555893,283.3982791530641
136,43,142,4.9929285274979875,20.914357195305428,387.0686368758817
131,30,141,3.3733713350206536,49.07673943823147,281.4297978932573
120,46,138,2.8629523769062497,18.19944464833992,240.95916713375598
131,46,139,2.852004075924229,36.03578372806841,250.2049912004013
136,43,142,4.85909567691508,48.58608556210864,299.4174659102079
143,39,149,3.6394225525981936,28.12260659721596,337.06407833238427
122,37,149,1.6746382329883591,23.834747239908545,258.1584929577393
130,37,142,2.7926353119834695,48.4433042933867,234.71035749542148
136,43,138,4.096787363783597,43.06087664784101,345.76445321400985
142,36,139,2.6934002674351722,37.92587623773609,236.8319687785547
145,35,148,2.2381337035474345,36.419594945412,313.41967838419436
122,33,135,4.964864306321021,27.604414269795654,323.27639426179366
127,30,136,4.742548538448917,37.44617543773596,345.493099515526
139,44,144,4.766241477295834,40.375889813885635,336.0132451124587
123,44,148,1.5266901186909507,16.110584179464738,229.96678597452484
140,30,143,1.9370210272366482,19.11915144418375,206.10968090008433
141,49,145,2.768267832663364,26.028864750354483,336.37717194430263
126,32,143,4.3285170329302325,26.309494593121393,287.93571580210454
133,34,149,3.9473101609104924,46.51805770675324,240.64080126523578
133,34,131,4.398669580609717,38.95768895974712,360.3217372428061
123,33,138,4.6830531646294835,28.072656863418032,311.6373326147439
135,46,132,4.1230673722020805,43.32207534411672,343.37874914293656
143,49,135,2.047080040579913,26.311820501486295,294.9793752628893
148,43,134,2.141782729548677,49.6764652482186,306.78187125829726
141,37,143,2.4099507264923936,42.35669328636742,352.19778740559286
149,31,144,2.2123014673344703,43.29365098565276,302.77365099474173
120,37,147,1.9963957988124523,24.134038891783906,242.96728103731832
136,30,146,4.009944239502969,20.076183871765885,284.308534508951
144,33,138,1.135964203601525,28.633866656135442,293.14652169320624
129,48,148,3.91357495238026,26.698251267124174,309.4727085746791
141,34,138,4.294255086059872,41.9441249030486,312.9095341460523
135,34,145,1.2641761733792714,21.10008419228808,122.58193206516515
135,49,135,1.2473884288039847,33.46131997688221,189.73861773352502
145,48,137,2.141855211573204,36.9867654937673,326.676709001547
127,41,132,1.8332272624066608,28.48079200576375,265.392126664745
148,49,134,3.3245346947607732,22.02125595123806,270.68439775705104
126,30,136,3.7018061740065344,46.34833799658837,309.01007846660497
147,36,130,3.536567984417299,19.859401600069955,263.62965201995155
125,46,133,2.429389481048891,25.633153089476245,269.7959453561759
135,31,145,2.9935913384545447,41.47985827638253,277.0234599124697
139,40,143,3.5599633180164756,36.185903560920266,395.81768279560276
135,36,130,1.4777050752254812,40.57259422209846,232.1147426103827
126,46,133,1.9180476578155763,43.3068320776414,326.74518374109414
128,32,139,4.561984615944731,46.33875106142817,344.813531600565
133,35,140,2.369305506196457,25.659775539177986,231.4779241014037
130,40,136,4.204625527678822,31.600680610107897,326.31801778020855
145,47,133,2.003959009348576,39.090855027019785,372.4755183002463
145,47,130,1.1665614061440874,42.8160982333015,320.2127650430275
133,39,130,3.0016023698936385,35.22358673625321,273.8956689046542
126,34,146,4.569928174249945,32.98118622848284,301.26204719561156
120,44,139,4.277138196568551,39.21172409547455,263.3964289981796
145,49,134,2.0117566756979595,28.371014682682592,322.2957887555034
144,33,136,4.639743097697388,46.27965036579606,395.9503532567515
132,30,137,2.9188635796652127,22.42766274319749,256.1159024805492
139,44,131,1.1959960151546802,45.94014734957359,319.9667457140044
122,46,138,1.111698479071007,37.526584492057346,278.1204658729805
139,48,133,2.9404549360133,36.02304590159665,295.92074003442247
123,43,141,3.185291422855265,31.448420220703994,257.3806749829396
148,48,140,1.3196516823303615,20.41611149429119,273.5518497787097
145,47,134,4.688962614900715,45.272694912959864,299.25744974198676
130,31,141,3.872867313963292,16.838688543989786,279.17429725587044
121,35,133,4.205129433946967,24.44879834316825,264.9818945691961
133,42,142,3.3360930048654063,18.839736143997545,221.7115733613253
131,46,130,3.6541763046180584,18.739235916540018,210.59811155977877
149,35,147,2.5514409193084813,28.66479678208489,198.46021979816146
136,34,133,3.717188339776373,20.614899271753053,206.73572668854212
131,36,133,4.912731565617078,35.34850251191669,253.8750022763118
145,30,137,3.5908636424438756,36.950562887391996,273.0558652603215
131,42,149,2.366534891492679,45.87328045959924,312.96185342513684
120,48,135,2.1409564895298714,25.488377428900506,320.99439359713745
132,30,133,4.853383763388252,25.821243419149994,248.75869123836344
133,42,133,1.7400091884322602,23.622905368723607,164.13180364709794
143,40,140,4.224786446678479,42.363361618304786,277.41294337458066
149,36,138,2.861049168035035,29.982102806529543,253.53193739449623
121,49,143,2.7750390174112023,34.33477046733724,286.0556415281357
131,32,133,3.990151151915396,28.111612894586013,170.86544219572906
145,30,142,1.5921537201837737,20.48845253156518,128.95667974829595
140,37,135,2.8651837045796817,18.588539808736375,251.61705282295617
147,46,142,1.1433347510709932,45.38957132131554,288.83781837036025
135,42,132,3.6816272860458774,24.291858858028235,299.621204090009
123,43,136,1.2335091358146655,47.95669704428699,219.18856997294574
127,34,130,1.349155190695548,48.15527044479835,304.2283362719278
121,35,140,4.379305524916813,31.762254501053544,251.78476078216326
129,35,131,2.771820748063712,48.5505879287334,212.31837275121902
128,37,134,1.8039027541929702,15.997052572497795,343.6534684863949
142,42,143,3.3703383038215193,18.207770291089417,148.7425428356498
134,47,142,3.077133058338126,23.51583879818745,286.7812935899757
132,33,145,2.6436333069714326,22.321769057540113,251.14250057705905
142,46,144,4.621668266997389,23.84232458339381,340.6055374726489
136,34,132,3.997831992609384,30.83030156537469,302.9422057763641
149,32,135,1.6063714850211865,17.20224736658097,135.05322162844425
135,33,138,3.2830985997896796,34.43858992944219,252.930689669597
147,34,132,1.3549756028190685,25.830897877704224,285.47437727674543
121,43,142,1.9786158817712263,17.504163625078004,160.3355547241689
139,44,142,4.639441386882561,41.36232441170092,247.2906927875291
139,49,136,2.8483197028329688,37.87004192417457,267.31748364218333
146,46,134,4.568424406470807,42.770052273823865,264.29658228262156
133,35,137,1.6639958623662565,47.873188542125696,296.0246834789965
122,39,137,1.8213669900465557,35.50178353482288,296.9101716028211
142,45,136,2.411298892268371,42.53506008236792,225.03883851219751
131,46,148,2.465302569037867,21.971394793260238,303.59118745847314
127,43,136,3.981109080922497,29.362843452129916,254.9346243376717
121,49,133,3.397642247873488,33.55248456234648,184.9104405539086
123,41,139,3.2129977037865203,33.94248321014206,249.62215620943326
133,38,142,3.4095020273123757,40.14180597065124,275.36773362376067
135,44,133,3.928765490093636,42.857935898874345,380.4654642620025
138,41,148,4.571266554436355,38.339852437790555,280.62004461719175
121,43,139,2.6589598259088807,16.653592127202735,145.93874091793793
131,47,136,4.211703771693862,27.29258667424888,278.8544144635337
148,49,134,2.9803875323441145,35.035365715667254,350.92752826101355
133,35,132,3.8883129701981534,32.775431101999146,253.36309096641844
125,33,131,4.49929515223907,16.567893863040126,285.4964155981285
132,41,140,1.128859289459335,49.322279916850796,292.2843956173512
123,42,139,3.186519021347122,48.46369345342277,375.68261793493485
141,48,142,4.957522505841902,42.08166273939568,336.17363771633035
137,42,136,2.9848976580898565,16.937363386986135,340.747959138555
131,41,139,4.457214730406768,30.057274242761082,318.94105128657316
139,49,133,1.7435994096673175,29.341934346909383,199.1611990283294
146,32,149,3.4171483609853266,34.53091059936732,269.62552651660013
141,32,145,4.481223852937781,16.95749602530318,301.11783449073226
149,43,149,2.7261325264750846,29.8279826099432,203.15692365145136
140,47,135,2.946888235620175,41.52437609491756,241.49631939012966
138,48,138,1.3280716177960712,49.930278234862094,365.25493439230974
127,39,142,1.16868836780242,35.84051249514337,206.17506566304286
126,46,136,2.874833198331933,47.92143089333022,341.9656733901213
135,44,147,4.3739013265645355,49.94884684152039,399.312678108621
138,48,143,4.725297088458859,30.217367477084153,336.32886285250834
125,38,134,3.6346120138451026,38.40416510063439,368.3472664221015
139,33,142,4.305594397338469,22.4625292559815,303.5302475669776
146,44,137,3.9394166506336212,31.647625531657184,366.76771047234564
140,48,144,3.8059433076016376,17.74440400512914,167.8650140823579
130,45,148,4.0761323951470345,16.020242247724614,228.73452162155482
124,37,138,3.0212118096437166,46.25217672516375,263.54826692816334
135,46,135,2.831752413987418,45.04401160686008,314.4257741399527
126,30,143,1.6365740889674405,25.92226303902221,161.72295204473338
146,36,139,4.375261266832359,30.993356529852342,217.59505548802593
124,47,138,1.1784555204156186,32.276360644627495,282.53326937965437
130,41,146,2.0697764849493163,33.224539312238534,319.35236810112536
134,45,142,3.0796645885829164,19.7099851576685,303.7144614492483
122,30,146,4.886392450088199,42.12705665952625,336.99865843751866
145,44,148,4.143891769183589,27.173549239433306,251.6359626206997
124,36,142,2.474684898594512,16.109331343047998,351.46413282874335
142,46,138,3.8557935620497403,38.67965329344468,316.9159978451535
140,32,130,4.7254775520606245,44.04571236350891,407.14707646093797
124,40,130,3.155533806148304,47.134437534739696,311.60264684008274
128,35,134,2.8477607820037973,38.604186222299184,316.19480082969045
134,35,137,3.21197308909731,21.69476559870441,156.69977706461918
122,44,147,2.246120164615931,35.642318600401865,262.198208274554
148,36,133,4.629395242736763,46.911669410642325,336.86809186635554
125,40,130,4.1891272498459085,27.26960341716066,333.1646157860611
136,46,144,3.821936449413108,48.36727526208794,398.863343483265
145,47,149,3.3563683222505705,18.418767510367626,305.7638928375244
140,48,133,4.877899113808754,40.48184603669407,263.7702418820659
127,37,138,2.1908229178976817,19.196891037397343,242.78436781744296
140,49,149,2.132540659627398,42.96063560168045,242.1437011980322
144,37,139,1.9685533314527288,18.417948234602008,296.6217788238778
130,40,144,3.9671039545797298,26.400376402270723,281.73639743355835
125,32,132,4.189142559497201,42.19015999748316,292.5107662315846
127,43,131,3.3884567046667677,31.10676447710215,378.2812718288952
129,38,134,3.6079348413524692,45.89402648550351,334.4103770755131
143,30,130,2.395843058425571,29.060825172009903,235.92819747760188
148,30,140,1.1590301698915293,49.823534210099275,282.1090677915271
122,41,141,2.014543374565012,15.653617757111194,153.5480412325682
142,40,132,3.3372129085217037,39.362177212950066,226.86953285504552
133,30,145,4.251730729537554,47.05606697505373,354.9072858748642
142,49,143,4.108779913731989,33.75952655543815,415.0058234580382
133,41,141,1.717949456772725,49.597823355467625,308.54446273808946
129,46,149,1.2057848403049132,39.780857544482785,273.0826677980284
131,44,145,4.402240159984165,30.0334202966528,286.52033861273776
125,31,137,1.3023569308106064,33.03820822193741,286.7290665830275
131,47,146,2.573245051156266,45.71143465796051,342.79103698971585
142,45,146,1.3769026271396627,48.51542243959538,300.0740093476677
133,33,136,3.256194841794427,34.456019533900424,284.08145061263195
121,37,144,2.453345724750065,25.7502585955242,272.58824062717724
128,31,138,1.8099744712060502,23.376378556040258,314.04257290606785
129,43,133,3.380670672872165,31.696687339516526,367.2522445290493
145,44,137,2.4535671595187583,25.371849832897837,292.772743522195
136,38,139,1.667153006883206,29.72928533041957,326.9216232060778
136,31,144,3.800345650257052,44.20633817729227,399.0675449228777
122,46,147,4.347233239529506,31.519565505784705,264.0432105574572
149,39,143,2.0949702843499804,37.4307611519653,270.84321735804866
138,38,134,1.745700183207361,18.153739350046077,295.65971431354774
120,31,138,1.3010074479419202,41.674453039556106,309.8542943369166
131,48,142,3.111608500280826,31.901648491802028,251.44140365408379
126,46,148,4.3251747989866764,27.632988828939304,293.4994285378635
123,40,140,2.003159580001284,36.3846299949532,279.5174243843289
129,46,141,2.8425510865217087,18.569502740091945,233.43037041384417
132,39,132,1.6432138137911192,29.489952834950635,199.5999805766041
121,47,131,2.6168032959745107,43.38403508567002,218.60615683714093
129,35,144,1.061780430221901,24.17224184244172,259.0812579341038
140,45,134,4.642916271413811,46.99336476333312,390.3703120639593
141,47,136,3.7062875800022748,36.127525980746455,173.3750150277738
144,49,133,2.331254870539087,33.92742777728681,250.67514470291502
123,47,134,4.524793040224093,28.984985025024258,274.0549197086099
137,30,145,1.731718517732177,40.96998056831132,351.45811214717156
124,32,144,1.3149349274226974,34.75636811750705,184.96367841493435
138,44,145,4.77048632458357,42.87897966628792,337.7204486890695
121,49,133,2.236067846943575,26.608762137165662,325.5763826524493
131,39,135,4.743893576433814,39.57050468274285,290.55951633926816
136,34,147,3.550451677091227,48.02049355980789,370.11853766759657
129,44,132,4.920171731261886,24.79715790446997,285.8780411706657
121,43,134,4.013716848849682,49.33505867270457,245.65137947566754
125,44,131,1.4219354677131921,29.36845387371519,189.51420336515923
127,39,145,4.4089146679019295,16.34863216957911,315.2405265833491
148,38,135,1.5915140901118732,27.519541731564573,319.4540708199063
138,41,144,3.768790423097256,20.23748122248653,273.8492970654706
130,36,147,3.001629797693457,25.649988100220106,289.0501399368518
144,34,135,3.8309000325779357,18.35893660691455,323.94207082263716
131,39,142,4.059958130672793,21.237126192732283,245.09687874904776
128,37,142,4.214660845653265,19.43446339849762,214.3353137427726
121,49,130,4.3399205307828606,16.521670218406,217.82494171111264
127,45,145,4.388898086198575,25.366523047493587,286.4683332729502
145,41,133,2.650297706089679,47.933600860462995,240.2926567701219
130,38,146,4.55691228876883,48.22876450096095,300.85899697880626
147,39,147,3.8783210141823465,44.63262737669384,359.2362764173133
140,45,145,4.355883725673291,15.42491828617813,392.0500038749211
123,39,130,4.9567654114584005,15.984321429627068,235.8184214940358
129,38,135,1.4656589685302035,15.362510097978747,216.56106814862937
140,32,140,2.4823187907416324,27.832402992715053,306.643829874323
139,48,135,4.226188082825061,49.309028652049236,269.40101989870493
135,40,146,1.3452138855850317,46.38932352003414,311.03279768636276
127,35,133,3.1631242618898407,23.76872710399644,258.6212819667447
123,35,143,4.433591835712523,29.356820305062406,245.60284514988604
148,44,143,1.0759650528326632,43.85499274302843,266.78813727264674
129,44,149,4.75807559423629,41.550422915488745,445.46950147457557
131,42,137,4.912579295618411,19.64163128572249,277.1394302749871
148,34,131,2.2891237188329523,18.772190608538683,203.6928378641054
133,43,134,4.067164765560205,34.03021849445069,387.3642904040558
135,31,133,1.5087044106578058,18.57391364679547,291.93975997726517
141,41,139,4.0914570821086995,43.87565353822518,300.13185263317706
137,49,149,2.9260867233360206,23.866430639877297,123.17864365727152
140,43,132,4.441092314112849,21.591541550729268,214.5953814644649
141,48,145,1.8504257091048033,21.498502035701293,212.08033104594114
140,49,139,3.6906318129689577,16.583103385540493,224.93296839514818
131,44,144,4.144476697663403,37.464218687781184,254.6860833126753
137,49,133,1.8099690610093107,20.75736098135871,215.6505933246386
149,46,130,4.273149110279286,23.166829220453906,264.61887653336004
126,43,144,4.831942003767477,41.29571127733782,336.93647711229943
139,47,139,3.464314399682524,17.011843939445324,295.78185891055114
143,34,149,4.139401667162202,22.096078943515614,317.6886071263037
142,41,147,3.130335437438583,20.227198210672736,258.48103984200804
126,39,145,3.392413443982523,15.169715462334455,306.68117200128245
128,37,138,1.053409738102717,33.876975197875204,232.63833976306967
120,35,148,3.0971490673441084,21.651189961271214,159.93019374254385
145,44,146,3.3022549992961605,37.15172763249955,357.211832799499
125,41,139,3.680190183061546,32.56228475623024,246.37093358094512
125,35,148,1.6775624353307546,38.375731846245614,229.2801982075768
141,41,137,1.96549704954037,49.354751875245896,340.39270903516325
148,44,148,4.024018526769051,22.695591772018602,272.5332263269898
131,41,134,1.6705552801094625,38.305700072411426,320.37730957924816
141,38,131,2.6641042895430282,44.176380532876834,333.3245176133608
131,48,144,2.0019608759555823,48.50851797580291,365.98070656962364
129,31,146,3.180736414487013,36.78170175935743,238.8318116424993
142,42,139,4.947483524619775,19.57919073527141,307.657653400911
149,42,131,4.408151590713173,16.884676706846886,203.29399992213283
145,37,138,2.0778973598463604,24.747959862356446,154.7086713701574
125,42,131,2.4744472423137704,47.485505584414454,320.0266834167728
136,33,147,4.674534329991358,33.79261402493337,247.53529315267167
138,35,141,4.593179889418954,35.275693852220044,382.52394662303067
137,35,144,1.642112153794613,36.37108849633029,257.2430672781611
125,41,149,4.3170845270181335,26.62753375724089,310.63923004663906
143,41,135,2.190431619149807,21.35568101580497,279.28494929872335
138,46,147,3.175212637273078,48.39845926069506,405.5032436002367
129,36,142,1.0203935571607925,41.438477555798286,319.6193369407279
143,44,133,4.99436076358462,32.88675427976298,290.68581783591196
127,46,141,4.044385878593794,28.184680937474546,312.7318240962589
140,39,138,1.966932239594898,31.897029651023974,348.15652634894843
143,49,131,3.7351795765562414,16.178281877537884,346.63336662023914
125,35,145,2.1732294512939196,23.662272747279147,234.99146708004577
140,38,130,1.3578232559440662,23.774710202341694,319.12111499749756
144,44,133,2.7012398254685213,30.58715690081903,229.30313489753635
149,45,144,3.4548754497745806,23.269422334740902,226.7448408191228
126,37,149,1.3591098328443132,21.491000532944796,294.82023223404974
143,45,130,3.073625194115771,41.79347151042373,337.5286473849437
120,34,149,3.0594569297820398,46.27268954210863,336.63167000923465
146,47,144,3.5145809624548123,17.34989858406871,240.91540868474004
137,49,132,1.978582554121855,22.337883595944426,222.11013480213197
143,43,142,1.0825659329834654,42.079038193882134,238.86745288071782
147,31,147,2.29943002690242,43.55421763725364,270.0620131168946
144,32,142,2.594324770102787,32.50560357290959,311.4125011587421
139,43,139,3.5429642187217065,39.320898247518244,360.08880282339624
131,36,149,4.720687449101005,17.716010744648145,247.97380285346608
135,44,136,1.8135420911340714,44.73350553208647,285.45791544804666
129,46,137,3.7493345150733597,44.14550647466178,337.7341000996845
146,30,130,1.3896036374930794,39.26907164733473,347.4884456113076
129,38,147,1.7624870222192683,47.071444072860324,338.4601246460449
133,43,141,3.036538046278366,16.667199220708646,236.31285048452216
144,45,147,3.833510316639091,23.083722658473263,314.5139809147313
139,42,141,4.434274143763755,27.689087636978698,229.17886904320926
129,35,149,3.975613727918793,20.550610592891772,257.1085132058255
129,30,138,1.0614111474420733,43.51896814723175,399.6070136581641
145,33,131,3.7357253036774285,41.50176280562072,337.501769821132
144,32,143,4.298630814801227,42.06383520625066,330.3107464650399
130,46,133,3.102133909556552,25.195271544785538,297.6701830549547
142,31,144,4.8623947638656375,41.694020817410774,340.13502794860267
121,48,146,1.0172496897753325,19.307008799223716,180.89176801000582
144,49,148,4.274631802497216,18.7380169684461,386.81707493111725
139,37,135,2.339278927676778,35.44200783971244,220.61669163750577
127,44,138,3.6017991269513097,16.703403056662992,252.41023360855215
149,35,146,3.773927577673999,47.85277077626147,314.5824121550986
142,49,144,2.224996065509048,26.50962419379525,357.88100790393565
148,31,134,4.981697999254031,31.696141244365958,233.78283873585218
126,44,147,1.4130001122814928,43.463023266064916,340.21289539588014
127,49,133,1.6281163406746133,29.001850255436104,216.32734222053432
120,41,131,4.568766821004248,30.072586505159933,374.585872210252
140,32,148,1.4767195057794873,27.17803895691803,221.37116752072671
121,39,134,2.5251450589838744,27.310320507134065,212.2991055000286
137,43,133,3.9325688475848057,31.378435984225664,306.4255730364873
134,43,134,4.165967443342954,48.10749933300102,300.5692925837568
120,32,148,4.81867670725117,47.760634220606775,288.7235234852381
124,30,142,4.1582953386968,34.08065814581148,319.05928156916156
121,49,145,4.37812953647903,30.958592929826704,238.80112564051913
139,30,141,4.797504022777643,43.28564033990111,335.0794513900282
122,31,138,3.2147507690964567,38.83252049278152,268.3576664888549
138,48,145,2.3737338403941775,45.85471907423993,353.1005689946747
137,39,143,4.046452578666012,40.57141444510367,333.67380759080083
148,33,130,1.6541663456862268,48.33205126407284,333.3393742637254
141,33,149,1.2729266800162264,46.01860092229371,100.77979130252936
137,42,133,4.141323460491076,44.93372123593858,329.25922571604696
133,38,138,4.8026854322514065,28.704184543595353,207.09036168446977
149,36,148,2.7697877798655015,28.51743178411201,266.85658089510076
143,45,143,1.6445338137924739,40.94209939447726,279.9963799792741
127,47,141,2.9880839043474503,17.931215218672243,314.06511594034055
148,32,133,2.5732714078136456,26.277505912088188,368.11929366917457
149,49,136,2.489895759033983,47.62783432441999,267.860166306261
131,49,146,3.5123233599088626,30.753542902956386,254.92717185435504
140,39,130,1.6989428588412245,24.446438721094857,177.474807124394
129,45,143,2.521926194789521,31.67582706360699,222.4155097679905
142,32,144,4.474707356426922,25.10063637676918,369.4701890297345
139,40,141,3.918660390468486,41.889131224389146,317.1824476869138
136,39,141,1.2223538671551566,44.77117804200352,360.1212063288074
130,45,135,3.055615183849949,42.39303865532889,396.031809709846
121,37,142,1.3651812716275131,20.216646986459004,232.21913581475638
145,38,145,4.829985715794253,26.762000798181774,281.6594914227613
145,44,143,1.9785625635320212,22.48898569975901,188.13149648393562
123,32,136,4.730484102853654,16.49796915823047,261.306759295252
120,33,145,4.336033633966059,40.87113986364595,305.32135598260726
134,42,138,3.205457738789198,29.992585349801622,273.36443829957346
132,41,143,2.345218291371874,24.681808102679327,208.91299168276322
127,38,136,4.431786722762602,25.763462786705603,234.0379667849971
144,43,141,1.6111348037461655,19.725576229876935,235.1863737955321
123,48,132,1.7198964555961211,43.93662216980185,191.2982190119127
129,36,143,1.8988907094672376,20.037357004354128,211.57531680011056
138,45,148,3.3907875913847483,26.841070058914333,373.1072976286521
137,49,140,2.257300898210057,15.258577701810529,256.9030386767131
124,34,134,4.956725757915642,30.274403558682273,325.9080456768878
149,39,142,1.7804521411726575,27.41801994170111,141.07609409575036
138,47,139,4.222440390216617,40.168570243944885,269.87507957289375
145,40,136,1.3833448740271823,40.03597711116235,272.6589494889599
142,36,146,2.4137862491980777,16.352093118111497,219.9308456814458
146,43,145,1.9750500008242153,19.055237252076548,220.0762508131944
141,49,137,4.907343794521013,46.66191023220881,363.05167657490864
135,47,146,1.1029223191098247,42.712941577426925,236.37449631070365
120,40,142,3.886678102802239,28.63197122824862,218.49999476566
131,41,140,1.990888501603592,20.82310693101117,188.17873133474797
143,47,149,4.244994650346476,24.127345038893075,266.90986994836743
121,31,147,2.2448975983407355,38.03093392208959,256.33443364996543
140,30,134,1.7491369800459329,48.09225451599977,259.73525009858344
144,39,135,3.7721594056930505,36.55083290644822,265.2673697289613
127,30,149,2.030306142831761,15.925596064695133,215.36508116646056
137,35,143,2.9421874799136623,37.77513444922452,323.66438743425044
144,36,141,1.5261336892561799,48.06630750155069,399.4933611008166
135,46,133,3.8983920441726903,27.552435425367094,254.15393265695815
124,38,136,2.627344820215491,47.67444876447207,258.7627634762912
145,36,140,1.562319037749044,38.47169388258438,270.335910233944
149,46,149,3.966380187163928,21.644241892323144,405.6696844960827
141,32,131,1.413448768126945,20.085695548710845,136.76258906402228
132,45,133,3.2992816900358646,21.170485954195478,295.67761137954227
138,34,136,3.429940678760205,39.47286010857943,305.6691075185626
148,49,130,4.72140200149879,35.63324502012837,230.946260754776
122,47,144,1.6039219941809435,30.94402498487794,246.45221635217723
145,30,149,3.6133854389210787,24.21741549337277,285.47291314716534
127,33,137,2.5230743255810664,46.75309227968961,201.5204377526971
146,40,134,2.6032573881052374,22.481022333153156,208.90264467541866
145,49,143,3.007300727775233,24.92621762495962,284.4302200905733
145,38,147,1.935138448196021,16.92213513287469,187.3533980306021
131,37,132,2.844732955809832,24.6363856358262,296.57359311858175
121,37,131,3.74738467360334,47.301418685039145,291.0554332563008
130,34,145,2.828452158193837,21.566140813942496,317.27906901589284
131,41,143,1.1700337093243571,22.13870061162003,202.84824805980273
147,30,145,2.0313049901794313,35.999208875987684,135.89803584563342
137,44,140,2.4058408510124383,34.84337216846027,321.67713617947345
132,47,146,2.4188845475585348,21.158549377076792,189.72497761079606
124,35,132,1.3240275700772872,20.399270412525546,161.6389157758602
141,39,134,2.7982822064690525,19.09419371787927,181.10665049831877
131,43,132,3.767796075954268,45.13799185292996,254.40082033631236
121,37,144,1.1946880721944932,37.905232735135385,298.9880686357935
124,32,134,4.003696689492923,48.37059851489816,406.1652039914611
126,48,132,4.820420811853834,20.804173182678223,148.51231236965026
145,41,135,1.0373526254864154,31.121126905859505,266.8717009274189
145,41,143,1.7747692637285786,41.00662381282177,333.0341024946937
143,44,131,3.173951129381169,22.474191243571518,262.13294832950066
131,36,147,1.8721979462002754,38.96368601419273,261.24537311746127
135,33,135,4.058504126711472,31.583117486581276,311.3963579303926
142,38,134,2.2485372598377724,30.079008058274113,214.02199833745937
127,45,143,2.1745011292716723,37.57491755888303,256.5425441729663
149,42,146,1.0036955031337675,31.369305926844227,264.05678551865964
147,33,140,2.080504752753103,43.70045497207637,310.221455447119
128,38,130,1.8706820876274355,47.56824786135252,255.44328076629097
134,47,139,2.372963868569903,35.61005560053971,217.52447924341337
124,44,138,1.5906266120972008,25.520807538567922,286.41179389296695
132,44,149,3.3785946656899792,42.20277644243792,310.616214909189
124,35,141,1.9549661739693711,20.96714110112987,236.78166328635155
130,40,130,4.327003458992704,18.32467898946466,194.73450766212568
129,37,147,2.138231786950448,33.15560302688628,307.74725645102865
139,46,141,1.8434783978386413,37.63575418084709,296.70294928230334
132,46,131,1.227005447757739,44.22492896985533,209.7697205848847
128,47,130,3.9596267600869752,48.43243418161753,433.4730981737315
140,33,130,3.0328327001502235,45.566833005134484,262.57241785048006
133,44,130,1.4551319895219312,49.60448507411571,316.163811681312
137,31,141,1.8853391304700464,31.649499976359582,246.24167698868965
134,31,136,4.99487628823937,26.07881664112577,254.66328454154328
129,39,133,4.224114907134318,31.089719753436505,374.18498890253915
143,32,149,2.399477943070357,37.544567508430845,331.87234118644227
126,37,133,3.1702193224613757,32.75398133391572,213.27223410496086
127,49,144,2.664068635602373,37.19419376528141,290.33500287777224
147,36,130,1.1455582616034259,46.035291846434376,298.2884112075961
122,41,135,4.114708036851626,20.803415320223188,351.0962895955381
134,48,143,3.8679444528929094,19.209240540725126,311.5989538016625
135,44,143,2.6352092579835107,32.44815845218282,235.6569619690885
123,43,139,4.38358854752251,49.36188411588548,343.72042349903
140,45,136,3.138956379556858,17.066522542063087,320.7469483286538
125,43,141,1.2608337576472137,49.52950567457063,331.4241714014499
120,32,148,2.0376251609875253,48.869731514667784,316.1614631024254
123,47,138,2.8470913443433843,25.240982995096807,292.5973632572217
130,35,132,1.4137969548431886,46.185132870962896,193.4949461696867
131,46,133,3.28432477145162,15.271550428990269,199.30906612748626
145,43,142,1.4822726467336058,30.892140111076465,227.83436757868634
148,43,139,1.8020327419369941,29.07432219330504,208.243794970452
124,49,143,4.5759346453529135,46.593030237282434,418.5212829617582
142,42,135,4.999249552164936,31.530366157180598,272.6888119987847
148,32,137,3.201013376186747,29.627856372111374,295.34985274061927
140,42,148,3.4785944405270595,37.38581136306329,284.2278686794323
135,31,139,4.1897245877057205,28.152971599459935,267.70372842501047
132,38,134,3.7845579848163573,33.779584871932556,326.67901162790486
132,42,134,1.7298661786188654,48.44483013094186,324.4897361952637
136,37,134,2.6466860981537774,22.091605808294847,230.33154475093093
146,45,138,3.140466075633602,31.06194795244096,331.44773952874874
126,32,138,2.438847968586832,15.53820670214553,246.48896567373234
127,42,144,1.7044246790311797,44.4782978551065,233.0058678730454
132,33,138,3.9444533762454914,18.220607638678118,205.4465537108279
142,47,143,1.7953856203174312,18.316682074220598,265.7730313344331
146,31,135,2.0419437148072164,45.89937823416177,229.63845346031826
135,49,149,2.14607846051373,29.32536099841016,238.88337521026952
149,44,137,1.6471169219038702,39.055340654950676,230.98428007523762
148,46,131,4.39820649198133,45.02462295791193,325.7948278229097
123,39,134,3.4424652754587846,28.106714408396417,242.39809478234986
127,30,146,4.338992519968555,24.154160953100316,306.4548355343839
135,35,139,2.974917254036437,20.933129768836956,238.82273655830363
140,32,143,3.0782521604829416,36.249179455058766,311.9630285332391
129,48,147,3.464578520537457,23.829535796089175,244.03231154451478
144,36,130,2.483678175722808,37.200079503747645,322.33495153807735
131,42,131,2.986336379324414,26.0999757894041,223.73210090709978
131,42,133,3.187660516270727,27.172187624625032,284.0760688614139
145,46,142,4.814169744709004,23.7190039744695,302.7023779018556
124,30,145,4.531632527298122,29.646387243041737,287.1773075080524
135,43,134,1.5169833898980913,20.674547273035124,218.417605276257
120,32,139,1.1651298671700685,26.18973196328434,219.29724359735366
147,43,146,3.721335807032716,42.22580613637259,348.017306819952
128,30,140,1.1967946665795095,22.54666120701879,289.21468091202473
131,45,134,1.2414042598106323,48.148962617975435,303.0031603177069
124,39,144,1.6370535873765713,32.252262282276476,233.03703783608998
141,42,133,2.406828363466936,18.742201625216666,167.38685612088386
139,33,136,2.7399844474048356,48.00714241969405,368.21441630333265
141,38,139,3.077512138857747,30.983739288796038,304.6877247871842
147,43,133,4.9691527718886945,34.49378173516353,307.94128510691394
143,33,149,2.5409310188483465,21.48181711003812,246.89091083522197
122,39,134,1.971012386079042,26.665814575743553,145.42958823407096
124,37,134,3.301009634338916,39.627331239035506,327.9344921316818
121,32,140,1.8606038104280196,19.338928842925522,230.85527696328575
133,36,148,4.762173727167539,34.96605972699588,313.38875605334937
121,39,134,2.037017208182277,39.27329681714518,188.31833262526706
132,32,137,4.959736542613086,15.064282409058647,265.4426024489012
126,31,136,2.674672761523382,44.315175091515435,358.72437069578604
129,44,137,4.2507440294550065,16.971665357356482,199.13529875232715
132,38,142,3.59312130018308,23.642206692124788,281.34946678942146
135,44,134,4.733976697778942,48.724071440140094,379.1579921633486
145,46,147,3.5017078116347395,17.836427872060895,322.6544584749088
133,36,138,3.3248719177674024,43.90791958237634,370.2110875187883
130,49,131,3.6114097782740497,37.819940137747025,329.70395257332075
129,47,145,4.145862128578179,35.9432518163749,305.54038695067885
125,44,143,4.595366528763232,35.35888544173842,327.9496649722343
123,47,146,2.0672596003859662,20.826050943296575,307.2836393187078
140,41,135,1.8035483675204413,38.40877021328625,275.8693704298583
120,37,132,1.1373987826639187,48.307111031599916,252.02262873977094
126,31,146,2.480316812174401,17.696207689971065,205.8643822999304
143,31,142,4.384740091352202,26.6344385844202,388.89068550339755
128,34,135,1.2794297145475464,31.528809325626508,293.9393538545487
127,30,137,3.154080305853407,23.13019117291931,266.5906833305324
124,33,135,3.779154544924258,40.931193428627665,338.57610073922484
138,35,145,4.347412132484234,39.10179951378185,363.5205771854356
129,42,135,3.333721287901986,19.122199131150424,208.17014613825359
130,48,146,1.745280040771811,34.93118426790356,272.32901159288105
144,40,132,4.858145032872896,27.910554184580423,275.1128829414165
134,42,141,1.3786060416081516,22.993368893087492,283.63337412316866
125,37,135,4.075998447187833,44.69027775479934,421.8457467682283
134,36,136,1.3462368953732344,16.913590195866806,219.30428888543634
124,42,140,1.5736764307244608,31.35865975035565,222.43118077522027
148,30,138,4.59286237477978,31.635904686306958,261.4030886713185
138,35,145,4.012298634407039,34.95428390751307,355.69420948024344
141,36,134,2.4620330849279335,21.915796877290518,254.37225322315624
138,45,144,3.554897426624816,45.49203765106491,295.71178052086515
129,44,133,2.8289888868427773,48.785593229404974,257.0509443220069
131,49,134,1.2661510435852548,34.2134212201707,237.18649872045006
141,31,136,3.884510465354783,23.96438764559258,205.28116873890514
123,45,132,4.053022894944614,45.68892518800789,356.0300288143034
137,46,133,4.529365544608066,49.58605147298981,315.9523700039522
135,44,144,3.16254938644512,40.96578186115121,229.8386813706016
127,32,131,3.6925518040058236,26.67965657459113,268.0373864384901
123,33,134,2.7522016734994716,23.26071026103747,223.3124628786067
144,41,136,2.2756370364313057,20.481666153934587,203.81960534122567
142,34,146,2.646799980752437,23.222866592678386,172.48204907315096
131,46,137,4.6470094266579505,22.9572420490424,345.5402635507318
121,35,138,1.6566851401767546,48.859660364205666,251.9643059828047
123,39,139,1.993999270482182,37.5133438382386,305.9977284741379
124,47,140,3.4247631655109285,20.84414147081561,237.48053803160306
122,39,130,1.4651252862447448,32.081444079012854,125.06553382709632
128,35,144,4.567458046609708,21.462253569562705,322.12667882520316
148,35,137,1.1889454874530503,36.210588039794914,227.4442122662718
140,49,148,4.0212491730596245,26.949217146902672,289.08648277543756
137,44,141,2.4949121885971994,21.845743487330616,284.7962647245825
130,33,135,1.2046622944458445,23.4976845809324,92.40036478102053
122,45,139,4.371711574874949,38.62845408613434,222.48272272236568
149,37,134,3.561840938721821,29.28124876463305,351.9298566252968
144,36,136,1.0354348365925539,32.960564416199844,312.1209673916062
142,48,136,2.070131393538453,43.746861455481934,249.35306773304077
121,46,138,2.4081824309000965,37.939749092081875,304.72069575716387
128,42,144,2.2903125955970847,31.18447467401193,334.6595281459009
133,44,135,2.993368116118568,48.39198817818146,211.3798524982741
123,31,145,3.107211831507383,22.507678375410755,245.01034277212585
148,39,136,2.587016071172633,25.114719738358083,232.07737913678616
128,42,144,2.3270813551114276,46.90010077628921,146.53256305874953
132,47,131,3.0176373131602214,44.862883476703175,264.8909044392979
137,40,137,1.13446161851464,19.55200906741899,242.0910738610084
134,42,141,3.5808070401264587,47.548148869087,302.66423678298366
147,48,140,3.4239300676145783,15.35590535468911,281.0589899247113
129,34,135,2.116879198900598,43.78473074567536,262.0820476814943
135,32,149,1.7180617880025486,24.758084658413033,352.4845682865822
131,48,142,1.2919398905117392,21.602994901271668,153.84787979845876
139,42,145,3.349375005224446,30.704837056644653,339.8481276300454
124,34,137,3.275601090340808,46.39790122713845,359.1498977619247
121,41,146,3.133272360442213,42.50642555237009,263.4972879124297
129,43,142,4.942473072748603,48.84740919094283,443.9552721868537
120,35,133,3.12617644408608,33.93495915464101,269.817496855246
126,38,149,3.8871629198787634,32.869598112924635,404.0180210813685
145,46,139,1.4516730873343944,15.45611970683964,183.6994110133151
136,37,149,2.1958831567422537,21.321265401553543,286.6278717979736
135,42,145,2.101786459711887,32.41671035017144,233.17787240864985
146,34,146,3.3039020234320335,41.33984658625093,210.17349295028032
146,46,137,2.3232529134282958,43.791090230727185,219.6346725159396
143,32,140,3.5642657074802,24.914321932088512,252.3878329735698
122,35,134,3.7603589568068116,39.93600348135516,288.9014180718031
133,43,145,1.1347593487096153,43.99853041575392,322.87249304225315
129,44,137,3.559030849757781,28.118154501364437,234.6398035758057
141,43,145,1.4671494491153654,39.344455194808845,222.73529414741097
126,40,133,2.860541207422269,30.304839807548596,209.37299569945642
145,40,135,3.9063062830757205,49.49782865802564,338.4543582508649
136,38,137,3.813379983780584,15.23336408029446,274.2516005416807
149,35,138,2.1992901799898443,29.502076387380363,239.8681280412498
125,44,142,2.0894634018432714,24.23007410078517,312.81904516208886
142,41,146,2.7609060314224885,44.740779362756584,296.90484369730933
141,35,138,1.754668332071149,25.04940415930404,236.7591509741376
123,30,142,4.898796050833919,34.03459157523168,302.3423128195024
136,45,138,2.3796682852559115,40.90943068690413,281.5028545705661
146,49,135,4.6919730960487085,32.40305958882037,213.71894946459727
128,44,139,4.633059851839848,29.36408923900203,250.3448228755425
123,31,134,2.4593959502492577,16.48813017347089,236.34539152958874
126,46,136,2.016338529091623,15.80262590641386,302.38666325517056
142,32,140,4.083342538105052,48.50627682699636,281.897898569539
121,32,138,1.917511390254615,37.513542012507635,177.45323353848912
136,34,139,3.084985559849905,43.883882940824435,263.17301987828773
143,46,140,1.4427574976795596,31.815343377869524,267.94996437436555
127,46,132,2.543728618197718,24.155334865983207,291.6100723155962
142,49,137,1.3126196946204671,25.3088222915965,145.73646620619397
149,35,146,2.13375837074423,16.522206647707435,266.1460017288024
134,30,136,3.661174952762185,42.680923071499194,246.51992215471148
134,36,141,4.965228626200721,35.354977324443496,277.68766635835516
127,44,145,2.019230386026313,31.82806219109499,286.2667966323851
135,36,144,2.8932851621973565,44.830396563376,308.731362544189
138,48,142,2.792184458676612,30.569575966947895,298.86323521092146
130,49,147,1.736614536830246,48.17755524420183,286.383391085683
121,40,147,3.440276144790031,15.463278528386123,281.86386518152545
142,43,134,3.898819787287887,49.461572640677,291.2939564419389
143,42,143,1.5888779337458065,43.55592363565573,259.1511201102463
136,49,140,4.028498290323205,27.422872076152423,278.6737749294489
147,38,132,3.8006465431819647,35.83772460415037,255.8451376897089
145,38,146,1.7893715233104932,45.26117542543386,384.9857166689071
135,45,141,3.595790500471613,31.855942357816645,172.25784564693362
144,41,132,2.57468671745409,16.786739919585404,254.4120473330405
134,39,131,3.724551009977719,46.629362877311245,340.4764431918339
132,35,133,2.984387408943417,33.09556864071445,369.32040284225207
134,47,147,1.192550700936204,34.080503442053946,248.95199646937795
146,31,149,4.147867952551172,15.480136184454159,286.1235006566252
123,49,143,3.222399698876335,18.502312448022547,182.75686311234972
135,38,137,3.89917849143493,42.208924593620736,245.42502289514468
149,48,131,1.5042870995210342,30.223227203617355,279.8534480125373
131,35,148,3.8850898904124027,49.93204095072875,362.743735173165
149,31,139,2.654664754065927,39.34871864996566,300.17172738238054
123,44,134,4.197068176102894,48.23604005368205,397.07958327609765
122,46,140,3.3966635012919473,24.77732447195942,322.14566344547205
141,45,138,2.419608501079201,21.16537477681879,240.27096525245827
136,37,145,1.8076678089891178,28.180629891818796,201.08089290143624
141,39,134,4.26369667455697,24.26689909267082,264.597887033197
137,39,144,3.240770654306103,36.46779881891422,323.56831561854165
144,47,143,4.949872290521059,41.05547161736975,252.50687775352122
137,39,138,2.493954681381727,29.07341295298165,208.99223129204097
142,38,149,3.742876886343187,18.1446109391662,216.2882296698549
147,48,134,3.4912834871059233,15.921618651238864,236.8471186378923
136,30,144,3.550326837149795,22.630969741320044,204.7797694224136
131,33,138,3.9479198581426282,40.63706025668897,337.8150287614727
142,32,133,1.5564331199318162,22.754334465668492,205.93135799093562
140,39,133,3.1985761759930837,46.88409917670909,361.8212829837396
143,41,149,3.036518681577692,37.807522825136786,287.88759900084364
123,47,136,2.3701191563621626,45.17313730081402,490.73554207605
131,49,144,2.744601066076944,28.50351536829765,190.73506311303117
145,35,146,3.075248306604869,49.42424518830682,266.7851201235993
142,31,147,2.283689259861444,38.78244438168633,348.5893583141666
141,39,136,2.172635328074191,27.49359564272376,175.6253548750471
140,31,148,3.953090298666049,22.4388696493976,382.87360080481045
139,38,139,1.267672570878971,45.328596595814005,253.55865404676044
134,39,142,2.251852314015128,26.133439655639567,178.9231899018287
142,31,131,3.61484458453518,16.552748489364106,272.14027690937036
147,37,149,1.8350918733241701,24.753054945943045,254.82043316964004
135,46,140,3.289090541142329,21.28079794868632,242.83543652461788
124,46,134,2.2086565665941964,26.19059255915962,218.0140396905831
140,33,135,4.373205093400841,36.46431628684866,307.85638219949715
134,47,132,2.39995732851654,32.515116060356235,202.27727607944792
136,41,130,1.918066246923642,39.87976338198072,305.7954764394514
137,46,132,3.1204151083575655,26.68412485228653,264.09018943174596
124,38,132,1.5426420520222375,19.193294692648703,385.4922791588449
132,48,133,4.189935869620234,20.609371982714165,377.93495202514254
138,43,136,3.720113005090641,42.90489676676178,246.0830191829059
149,43,144,4.082035618779663,18.429673018819777,222.4810624496133
132,46,140,2.5955127991884983,42.934417619025396,369.7009539269426
137,31,147,4.340013655419767,22.44202726683431,132.87081297584535
133,37,141,2.9741925229486132,38.74416163092992,244.46310320293992
149,34,133,1.378796139680949,36.80837010561743,236.73860836074712
123,36,140,1.8961169959673962,18.439115286615444,184.23616055180702
123,45,135,3.8442112061128775,38.30522257293454,300.63275855637625
139,45,148,4.585689195234011,30.662762222618525,314.5763952147406
139,46,147,1.3807423696744348,39.75066776983957,233.41426652902908
138,36,144,4.456859164388847,44.241585400205395,365.61232555442666
132,49,132,4.196279316713991,16.38247792218718,275.11016500532844
131,37,146,2.426244239940342,37.67869911574535,323.66320909768444
126,37,130,3.7571072175866256,18.673523966132336,286.5789806771001
144,40,131,1.7478053752061329,28.260645103889114,265.63763101036557
131,44,148,4.253573199735783,15.443747710955567,323.8349580899289
140,47,138,3.6293560873960424,26.502533398303335,219.58855960867976
123,35,137,2.75531751786826,20.92741972513455,225.49865764405013
146,41,141,4.458069262186813,34.469250319634625,392.88038512414533
121,44,144,1.5569380052036061,32.92950201472628,315.5338955122741
121,35,136,4.383142529745212,42.76460471063243,315.23791580862206
124,47,145,1.0955456260890712,37.398645972412474,255.18338795279524
142,49,136,4.0128016173071845,40.01190591972261,284.6443988855813
129,38,149,3.2934563069814713,18.23680271429249,307.761992602364
129,37,141,3.786893092882437,15.97176894804605,192.2096695120582
128,43,146,2.6493781029242625,48.93395388775375,415.58358987387766
132,48,140,4.457764503568653,29.946134297794767,283.44184306898933
126,48,133,2.252596096559253,28.824102903779412,288.256405013824
124,37,148,2.0998211407941096,16.225434375380555,249.65586495106572
145,31,131,2.2070025829913695,19.161878216183883,280.55763044836755
129,33,131,4.097455371370336,47.91658746463242,391.26805442038955
129,35,146,2.9811669254028494,39.31957730884558,278.88536278959737
125,32,138,3.1483413034165864,29.322421735032236,368.07214345238185
146,32,130,4.326621673635421,46.65694464548991,344.2088418105259
147,48,139,4.333462209266447,35.646249534813116,367.18463301760534
138,40,144,1.6469524182737771,41.12638170049204,325.7871362220076
140,39,144,3.1990706915532683,30.10598474312687,162.4551255817509
127,41,131,1.504072825735213,30.103482318171984,327.63318754539756
120,43,143,4.474113884779031,17.39226749242374,358.92508255292734
147,47,133,4.3480228083901515,40.68906442093799,336.96161184707614
136,38,147,4.3973954328845295,18.469109121114403,294.3955249821556
126,44,138,3.819434001519867,41.749358587967365,321.38041107960134
133,32,131,2.8675092241698255,21.680033075879194,227.55057362089832
140,40,131,2.618884905378194,23.65785380875964,224.30511117681422
149,39,147,2.5808982556544398,47.12614144617404,318.677808981825
140,47,146,1.2648511544350436,31.504868256850482,267.2175226552366
136,33,138,4.795481145858044,19.383488417168074,267.6973788463543
128,42,137,2.801102626893874,46.677854233185535,299.33308295587506
136,35,131,4.720459597113518,30.83389567274022,306.0998297782542
124,42,131,4.517030156646907,19.569296502591104,357.0129507301144
145,49,134,4.314441551168057,28.67880400363083,395.3702620500386
144,34,141,3.3532355393233075,35.62652385698206,306.3884510456508
149,49,145,1.4062235438025623,27.68197102246795,271.46549898117485
139,43,143,2.2956457982061447,47.35142953563971,239.1013678150954
148,42,149,3.4143448371442893,24.438933829946308,307.1195553665924
127,43,131,1.0538232336586844,21.153889544206983,251.52026400814
125,37,137,1.1705236546739903,22.733291007314403,234.54689231213257
130,45,133,3.7106535288023115,17.931248130982404,271.67361001526245
138,42,149,4.552811406007384,30.83036469555908,341.6250843267926
123,44,138,4.4206525172928135,45.741687479114226,300.093460497235
137,48,149,1.6725811059096483,25.686886191755427,322.9977815795577
120,30,148,4.6449338103693645,24.041816647307247,286.55343541559563
132,31,131,3.7852088026050827,44.308463248661326,300.9938311850209
133,47,145,3.8653038173027348,25.709819940082582,232.29465919438027
143,48,140,2.2161648029496597,31.69121928442577,187.25811585414132
120,37,137,3.8639871027352735,16.093333393880943,190.2144157726093
149,32,141,3.839089110335569,25.047511199385625,361.57379388503614
148,43,132,3.3786621024524797,19.569598952093862,336.19263098564426
130,38,142,2.429153613036174,18.704613919037637,107.69977246628355
136,37,131,4.244057750739843,30.09960897618665,325.7943788908416
123,46,142,4.750071751921076,24.70663364692185,268.2344820337652
145,45,137,4.479553700107985,20.82563674349725,264.5701101974868
131,39,144,1.971916776852232,32.901984459459925,270.0116917786992
129,39,138,2.782695316198624,42.441539403059195,252.0239032782665
125,35,140,2.369657409176486,40.72007024841159,229.97930624207703
144,46,132,3.8299182008384536,23.776702633391523,270.87833493964064
120,45,136,4.325961350684025,24.20971263936753,275.8099424971658
126,44,143,1.8631845297578749,40.616563499051225,229.81719606597227
145,43,144,4.7891021414102335,34.50089842874789,355.13120629406103
146,33,138,3.7093165331982734,40.984577311937656,392.44871672234524
140,33,149,1.8737914863074825,15.047787769363335,161.41180567160336
147,31,140,2.484378445229707,18.049834195168852,275.55306879069286
135,40,136,1.4184274322261956,43.06895226188954,175.80632373326893
143,33,141,3.3882759401184344,44.78915767715603,194.01926837467886
133,45,148,1.6767660911704962,27.020406238462474,231.48281048853454
142,33,147,3.7723597526521657,48.54172006350484,335.4228917936043
139,30,142,3.9489869728986196,25.554930141750937,304.10527966159674
139,48,140,2.917339273293727,46.15991340649147,253.6894268363075
125,31,130,1.3752670845767412,29.75981797172541,276.0162014512463
141,38,135,3.443492759886205,34.66330304464956,228.36669219656739
144,42,131,2.4888210084952576,37.51452942660559,230.83911830642194
147,47,142,4.798589884856185,19.65878971973278,330.28773027846864
124,45,142,3.0528228268081663,16.298899068601482,300.99679242345013
143,45,148,1.2890642754566959,29.938010060405723,229.2102277168549
140,39,138,3.544196332788717,20.61247831981619,178.74397343389975
